<?xml version='1.0' encoding='UTF-8' standalone='no'?>
<doxygen xmlns:xsi="http://www.w3.org/2001/XMLSchema-instance" xsi:noNamespaceSchemaLocation="compound.xsd" version="1.13.2" xml:lang="en-US">
  <compounddef id="class_gambling_1_1_gambling_event" kind="class" language="C#" prot="public" abstract="yes">
    <compoundname>Gambling::GamblingEvent</compoundname>
    <basecompoundref prot="public" virt="non-virtual">ScriptableObject</basecompoundref>
    <derivedcompoundref refid="class_gambling_1_1_negative_1_1_add_new_rat_event" prot="public" virt="non-virtual">Gambling.Negative.AddNewRatEvent</derivedcompoundref>
    <derivedcompoundref refid="class_gambling_1_1_negative_1_1_decrease_explosion_power_event" prot="public" virt="non-virtual">Gambling.Negative.DecreaseExplosionPowerEvent</derivedcompoundref>
    <derivedcompoundref refid="class_gambling_1_1_negative_1_1_decrease_giga_cat_health_event" prot="public" virt="non-virtual">Gambling.Negative.DecreaseGigaCatHealthEvent</derivedcompoundref>
    <derivedcompoundref refid="class_gambling_1_1_negative_1_1_remove_random_cat_event" prot="public" virt="non-virtual">Gambling.Negative.RemoveRandomCatEvent</derivedcompoundref>
    <derivedcompoundref refid="class_gambling_1_1_positive_1_1_add_random_cat_event" prot="public" virt="non-virtual">Gambling.Positive.AddRandomCatEvent</derivedcompoundref>
    <derivedcompoundref refid="class_gambling_1_1_positive_1_1_increase_explosion_power_event" prot="public" virt="non-virtual">Gambling.Positive.IncreaseExplosionPowerEvent</derivedcompoundref>
    <derivedcompoundref refid="class_gambling_1_1_positive_1_1_increase_giga_cat_health_event" prot="public" virt="non-virtual">Gambling.Positive.IncreaseGigaCatHealthEvent</derivedcompoundref>
    <derivedcompoundref refid="class_gambling_1_1_positive_1_1_meteor_rain_event" prot="public" virt="non-virtual">Gambling.Positive.MeteorRainEvent</derivedcompoundref>
    <sectiondef kind="property">
      <memberdef kind="property" id="class_gambling_1_1_gambling_event_1a637406b9f7c2550eb2f4402b1228475d" prot="public" static="no" readable="no" writable="no" gettable="yes" privategettable="no" protectedgettable="no" settable="no" privatesettable="no" protectedsettable="no">
        <type>string</type>
        <definition>string Gambling.GamblingEvent.Name</definition>
        <argsstring></argsstring>
        <name>Name</name>
        <qualifiedname>Gambling.GamblingEvent.Name</qualifiedname>
        <briefdescription>
<para>Имя события, которое будет отображаться в интерфейсе или логах. </para>
        </briefdescription>
        <detaileddescription>
        </detaileddescription>
        <inbodydescription>
        </inbodydescription>
        <location file="Gambling/GamblingEvent.cs" line="14" column="32" bodyfile="Gambling/GamblingEvent.cs" bodystart="14" bodyend="14"/>
      </memberdef>
    </sectiondef>
    <sectiondef kind="public-func">
      <memberdef kind="function" id="class_gambling_1_1_gambling_event_1a911a99e82974e8d38663d41c764e4eb1" prot="public" static="no" const="no" explicit="no" inline="no" virt="non-virtual">
        <type>void</type>
        <definition>void Gambling.GamblingEvent.Execute</definition>
        <argsstring>(GamblingManager manager)</argsstring>
        <name>Execute</name>
        <qualifiedname>Gambling.GamblingEvent.Execute</qualifiedname>
        <param>
          <type><ref refid="class_gambling_1_1_gambling_manager" kindref="compound">GamblingManager</ref></type>
          <declname>manager</declname>
        </param>
        <briefdescription>
<para>Метод для выполнения события в контексте менеджера азартных игр. </para>
        </briefdescription>
        <detaileddescription>
<para><parameterlist kind="param"><parameteritem>
<parameternamelist>
<parametername>manager</parametername>
</parameternamelist>
<parameterdescription>
<para>Менеджер азартных игр.</para>
</parameterdescription>
</parameteritem>
</parameterlist>
</para>
        </detaileddescription>
        <inbodydescription>
        </inbodydescription>
        <location file="Gambling/GamblingEvent.cs" line="20" column="30"/>
      </memberdef>
      <memberdef kind="function" id="class_gambling_1_1_gambling_event_1a9241f6d7b6e733fd70465308dd6a43aa" prot="public" static="no" const="no" explicit="no" inline="no" virt="non-virtual">
        <type>void</type>
        <definition>void Gambling.GamblingEvent.Execute</definition>
        <argsstring>(WheelOfFortune manager)</argsstring>
        <name>Execute</name>
        <qualifiedname>Gambling.GamblingEvent.Execute</qualifiedname>
        <param>
          <type><ref refid="class_wheel_of_fortune" kindref="compound">WheelOfFortune</ref></type>
          <declname>manager</declname>
        </param>
        <briefdescription>
<para>Метод для выполнения события в контексте менеджера колесо фортуны. </para>
        </briefdescription>
        <detaileddescription>
<para><parameterlist kind="param"><parameteritem>
<parameternamelist>
<parametername>manager</parametername>
</parameternamelist>
<parameterdescription>
<para>Менеджер колесо фортуны.</para>
</parameterdescription>
</parameteritem>
</parameterlist>
</para>
        </detaileddescription>
        <inbodydescription>
        </inbodydescription>
        <location file="Gambling/GamblingEvent.cs" line="26" column="30"/>
      </memberdef>
    </sectiondef>
    <briefdescription>
<para>Абстрактный класс для всех событий в системе азартных игр. Каждое событие должно иметь имя и методы выполнения для разных типов менеджеров. </para>
    </briefdescription>
    <detaileddescription>
    </detaileddescription>
    <inheritancegraph>
      <node id="1">
        <label>Gambling.GamblingEvent</label>
        <link refid="class_gambling_1_1_gambling_event"/>
        <childnode refid="2" relation="public-inheritance">
        </childnode>
      </node>
      <node id="3">
        <label>Gambling.Negative.AddNewRatEvent</label>
        <link refid="class_gambling_1_1_negative_1_1_add_new_rat_event"/>
        <childnode refid="1" relation="public-inheritance">
        </childnode>
      </node>
      <node id="4">
        <label>Gambling.Negative.DecreaseExplosionPowerEvent</label>
        <link refid="class_gambling_1_1_negative_1_1_decrease_explosion_power_event"/>
        <childnode refid="1" relation="public-inheritance">
        </childnode>
      </node>
      <node id="5">
        <label>Gambling.Negative.DecreaseGigaCatHealthEvent</label>
        <link refid="class_gambling_1_1_negative_1_1_decrease_giga_cat_health_event"/>
        <childnode refid="1" relation="public-inheritance">
        </childnode>
      </node>
      <node id="6">
        <label>Gambling.Negative.RemoveRandomCatEvent</label>
        <link refid="class_gambling_1_1_negative_1_1_remove_random_cat_event"/>
        <childnode refid="1" relation="public-inheritance">
        </childnode>
      </node>
      <node id="7">
        <label>Gambling.Positive.AddRandomCatEvent</label>
        <link refid="class_gambling_1_1_positive_1_1_add_random_cat_event"/>
        <childnode refid="1" relation="public-inheritance">
        </childnode>
      </node>
      <node id="8">
        <label>Gambling.Positive.IncreaseExplosionPowerEvent</label>
        <link refid="class_gambling_1_1_positive_1_1_increase_explosion_power_event"/>
        <childnode refid="1" relation="public-inheritance">
        </childnode>
      </node>
      <node id="9">
        <label>Gambling.Positive.IncreaseGigaCatHealthEvent</label>
        <link refid="class_gambling_1_1_positive_1_1_increase_giga_cat_health_event"/>
        <childnode refid="1" relation="public-inheritance">
        </childnode>
      </node>
      <node id="10">
        <label>Gambling.Positive.MeteorRainEvent</label>
        <link refid="class_gambling_1_1_positive_1_1_meteor_rain_event"/>
        <childnode refid="1" relation="public-inheritance">
        </childnode>
      </node>
      <node id="2">
        <label>ScriptableObject</label>
      </node>
    </inheritancegraph>
    <collaborationgraph>
      <node id="1">
        <label>Gambling.GamblingEvent</label>
        <link refid="class_gambling_1_1_gambling_event"/>
        <childnode refid="2" relation="public-inheritance">
        </childnode>
      </node>
      <node id="2">
        <label>ScriptableObject</label>
      </node>
    </collaborationgraph>
    <location file="Gambling/GamblingEvent.cs" line="9" column="21" bodyfile="Gambling/GamblingEvent.cs" bodystart="10" bodyend="27"/>
    <listofallmembers>
      <member refid="class_gambling_1_1_gambling_event_1a911a99e82974e8d38663d41c764e4eb1" prot="public" virt="non-virtual"><scope>Gambling::GamblingEvent</scope><name>Execute</name></member>
      <member refid="class_gambling_1_1_gambling_event_1a9241f6d7b6e733fd70465308dd6a43aa" prot="public" virt="non-virtual"><scope>Gambling::GamblingEvent</scope><name>Execute</name></member>
      <member refid="class_gambling_1_1_gambling_event_1a637406b9f7c2550eb2f4402b1228475d" prot="public" virt="non-virtual"><scope>Gambling::GamblingEvent</scope><name>Name</name></member>
    </listofallmembers>
  </compounddef>
</doxygen>
