<?xml version='1.0' encoding='UTF-8' standalone='no'?>
<doxygen xmlns:xsi="http://www.w3.org/2001/XMLSchema-instance" xsi:noNamespaceSchemaLocation="compound.xsd" version="1.13.2" xml:lang="en-US">
  <compounddef id="class_a_i_1_1_archer_a_i" kind="class" language="C#" prot="public">
    <compoundname>AI::ArcherAI</compoundname>
    <basecompoundref prot="public" virt="non-virtual">MonoBehaviour</basecompoundref>
    <sectiondef kind="private-type">
      <memberdef kind="enum" id="class_a_i_1_1_archer_a_i_1a4270de164feecaabdb6e03cf76d3cb2f" prot="private" static="no" strong="yes">
        <type></type>
        <name>state</name>
        <qualifiedname>AI.ArcherAI.state</qualifiedname>
        <enumvalue id="class_a_i_1_1_archer_a_i_1a4270de164feecaabdb6e03cf76d3cb2faec2f993aec2c27fc750119ab17b16cdb" prot="private">
          <name>idle</name>
          <briefdescription>
          </briefdescription>
          <detaileddescription>
          </detaileddescription>
        </enumvalue>
        <enumvalue id="class_a_i_1_1_archer_a_i_1a4270de164feecaabdb6e03cf76d3cb2fafc7e987f23de5bd6562b7c0063cad659" prot="private">
          <name>attack</name>
          <briefdescription>
          </briefdescription>
          <detaileddescription>
          </detaileddescription>
        </enumvalue>
        <briefdescription>
<para>Перечисление состояний арбалетчика. </para>
        </briefdescription>
        <detaileddescription>
        </detaileddescription>
        <inbodydescription>
        </inbodydescription>
        <location file="AI/ArcherAI.cs" line="62" column="16" bodyfile="AI/ArcherAI.cs" bodystart="63" bodyend="66"/>
      </memberdef>
    </sectiondef>
    <sectiondef kind="private-attrib">
      <memberdef kind="variable" id="class_a_i_1_1_archer_a_i_1a833ed097b2f2645f100428cb646ff559" prot="private" static="no" mutable="no">
        <type>Transform</type>
        <definition>Transform AI.ArcherAI.target</definition>
        <argsstring></argsstring>
        <name>target</name>
        <qualifiedname>AI.ArcherAI.target</qualifiedname>
        <briefdescription>
<para>Цель для атаки. </para>
        </briefdescription>
        <detaileddescription>
        </detaileddescription>
        <inbodydescription>
        </inbodydescription>
        <location file="AI/ArcherAI.cs" line="15" column="27" bodyfile="AI/ArcherAI.cs" bodystart="15" bodyend="-1"/>
      </memberdef>
      <memberdef kind="variable" id="class_a_i_1_1_archer_a_i_1a5b591baf0fd77889fa81354f79d3302e" prot="private" static="no" mutable="no">
        <type>GameObject</type>
        <definition>GameObject AI.ArcherAI.projectilePrefab</definition>
        <argsstring></argsstring>
        <name>projectilePrefab</name>
        <qualifiedname>AI.ArcherAI.projectilePrefab</qualifiedname>
        <briefdescription>
<para>Префаб стрелы. </para>
        </briefdescription>
        <detaileddescription>
        </detaileddescription>
        <inbodydescription>
        </inbodydescription>
        <location file="AI/ArcherAI.cs" line="20" column="29" bodyfile="AI/ArcherAI.cs" bodystart="20" bodyend="-1"/>
      </memberdef>
      <memberdef kind="variable" id="class_a_i_1_1_archer_a_i_1ac10cb674afc2e2f9c10ac0c17d77f090" prot="private" static="no" mutable="no">
        <type>Animator</type>
        <definition>Animator AI.ArcherAI.animator</definition>
        <argsstring></argsstring>
        <name>animator</name>
        <qualifiedname>AI.ArcherAI.animator</qualifiedname>
        <briefdescription>
<para>Аниматор для анимаций арбалетчика. </para>
        </briefdescription>
        <detaileddescription>
        </detaileddescription>
        <inbodydescription>
        </inbodydescription>
        <location file="AI/ArcherAI.cs" line="25" column="27" bodyfile="AI/ArcherAI.cs" bodystart="25" bodyend="-1"/>
      </memberdef>
      <memberdef kind="variable" id="class_a_i_1_1_archer_a_i_1adf42bb6fbb699542d464324194b06778" prot="private" static="no" mutable="no">
        <type>Transform</type>
        <definition>Transform AI.ArcherAI.arrowSource</definition>
        <argsstring></argsstring>
        <name>arrowSource</name>
        <qualifiedname>AI.ArcherAI.arrowSource</qualifiedname>
        <briefdescription>
<para>Источник стрелы для выстрела. </para>
        </briefdescription>
        <detaileddescription>
        </detaileddescription>
        <inbodydescription>
        </inbodydescription>
        <location file="AI/ArcherAI.cs" line="32" column="28" bodyfile="AI/ArcherAI.cs" bodystart="32" bodyend="-1"/>
      </memberdef>
      <memberdef kind="variable" id="class_a_i_1_1_archer_a_i_1a7ef24a0e964c9726cb1c93e5212d7ef1" prot="private" static="no" mutable="no">
        <type>float</type>
        <definition>float AI.ArcherAI.attackTime</definition>
        <argsstring></argsstring>
        <name>attackTime</name>
        <qualifiedname>AI.ArcherAI.attackTime</qualifiedname>
        <initializer>= 1</initializer>
        <briefdescription>
<para>Время между выстрелами. </para>
        </briefdescription>
        <detaileddescription>
        </detaileddescription>
        <inbodydescription>
        </inbodydescription>
        <location file="AI/ArcherAI.cs" line="37" column="24" bodyfile="AI/ArcherAI.cs" bodystart="37" bodyend="-1"/>
      </memberdef>
      <memberdef kind="variable" id="class_a_i_1_1_archer_a_i_1a8f6efc83ae596271b5719bd7b693e2ab" prot="private" static="no" mutable="no">
        <type>float</type>
        <definition>float AI.ArcherAI.arrowSpeed</definition>
        <argsstring></argsstring>
        <name>arrowSpeed</name>
        <qualifiedname>AI.ArcherAI.arrowSpeed</qualifiedname>
        <initializer>= 10</initializer>
        <briefdescription>
<para>Скорость полета стрелы. </para>
        </briefdescription>
        <detaileddescription>
        </detaileddescription>
        <inbodydescription>
        </inbodydescription>
        <location file="AI/ArcherAI.cs" line="42" column="24" bodyfile="AI/ArcherAI.cs" bodystart="42" bodyend="-1"/>
      </memberdef>
      <memberdef kind="variable" id="class_a_i_1_1_archer_a_i_1a300a770aef01307d8562441d2aebadae" prot="private" static="no" mutable="no">
        <type>float</type>
        <definition>float AI.ArcherAI.radiusAttack</definition>
        <argsstring></argsstring>
        <name>radiusAttack</name>
        <qualifiedname>AI.ArcherAI.radiusAttack</qualifiedname>
        <briefdescription>
<para>Радиус, в пределах которого арбалетчик может атаковать цель. </para>
        </briefdescription>
        <detaileddescription>
        </detaileddescription>
        <inbodydescription>
        </inbodydescription>
        <location file="AI/ArcherAI.cs" line="47" column="24" bodyfile="AI/ArcherAI.cs" bodystart="47" bodyend="-1"/>
      </memberdef>
      <memberdef kind="variable" id="class_a_i_1_1_archer_a_i_1a3052356cc369920ec97afbe7f6747a3a" prot="private" static="no" mutable="no">
        <type>float</type>
        <definition>float AI.ArcherAI.noiseFactor</definition>
        <argsstring></argsstring>
        <name>noiseFactor</name>
        <qualifiedname>AI.ArcherAI.noiseFactor</qualifiedname>
        <initializer>= 0.025f</initializer>
        <briefdescription>
<para>Фактор шума при выстреле (для случайных отклонений траектории стрелы). </para>
        </briefdescription>
        <detaileddescription>
        </detaileddescription>
        <inbodydescription>
        </inbodydescription>
        <location file="AI/ArcherAI.cs" line="52" column="24" bodyfile="AI/ArcherAI.cs" bodystart="52" bodyend="-1"/>
      </memberdef>
      <memberdef kind="variable" id="class_a_i_1_1_archer_a_i_1a92205bb0bdacf2c29655d8d4141a916a" prot="private" static="no" mutable="no">
        <type>AudioSource</type>
        <definition>AudioSource AI.ArcherAI.shootArrow</definition>
        <argsstring></argsstring>
        <name>shootArrow</name>
        <qualifiedname>AI.ArcherAI.shootArrow</qualifiedname>
        <briefdescription>
<para>Источник звука для выстрела стрелы. </para>
        </briefdescription>
        <detaileddescription>
        </detaileddescription>
        <inbodydescription>
        </inbodydescription>
        <location file="AI/ArcherAI.cs" line="57" column="30" bodyfile="AI/ArcherAI.cs" bodystart="57" bodyend="-1"/>
      </memberdef>
      <memberdef kind="variable" id="class_a_i_1_1_archer_a_i_1a917a4686e318d92e9e00b4cc4734574f" prot="private" static="no" mutable="no">
        <type>state</type>
        <definition>state AI.ArcherAI.m_state</definition>
        <argsstring></argsstring>
        <name>m_state</name>
        <qualifiedname>AI.ArcherAI.m_state</qualifiedname>
        <briefdescription>
<para>Текущее состояние арбалетчика. </para>
        </briefdescription>
        <detaileddescription>
        </detaileddescription>
        <inbodydescription>
        </inbodydescription>
        <location file="AI/ArcherAI.cs" line="71" column="23" bodyfile="AI/ArcherAI.cs" bodystart="71" bodyend="-1"/>
      </memberdef>
      <memberdef kind="variable" id="class_a_i_1_1_archer_a_i_1a86964728a472d6283ad5e8dd59c646d0" prot="private" static="no" mutable="no">
        <type>bool</type>
        <definition>bool AI.ArcherAI.allowedToAttack</definition>
        <argsstring></argsstring>
        <name>allowedToAttack</name>
        <qualifiedname>AI.ArcherAI.allowedToAttack</qualifiedname>
        <briefdescription>
<para>Разрешение на выполнение атак. </para>
        </briefdescription>
        <detaileddescription>
        </detaileddescription>
        <inbodydescription>
        </inbodydescription>
        <location file="AI/ArcherAI.cs" line="76" column="22" bodyfile="AI/ArcherAI.cs" bodystart="76" bodyend="-1"/>
      </memberdef>
    </sectiondef>
    <sectiondef kind="private-func">
      <memberdef kind="function" id="class_a_i_1_1_archer_a_i_1ae038f4634475020242589221a992e697" prot="private" static="no" const="no" explicit="no" inline="yes" virt="non-virtual">
        <type>void</type>
        <definition>void AI.ArcherAI.Start</definition>
        <argsstring>()</argsstring>
        <name>Start</name>
        <qualifiedname>AI.ArcherAI.Start</qualifiedname>
        <briefdescription>
<para>Инициализация начальных параметров. </para>
        </briefdescription>
        <detaileddescription>
        </detaileddescription>
        <inbodydescription>
        </inbodydescription>
        <location file="AI/ArcherAI.cs" line="81" column="22" bodyfile="AI/ArcherAI.cs" bodystart="81" bodyend="86"/>
      </memberdef>
      <memberdef kind="function" id="class_a_i_1_1_archer_a_i_1a32d35879188dbe41df95177406759f11" prot="private" static="no" const="no" explicit="no" inline="yes" virt="non-virtual">
        <type>void</type>
        <definition>void AI.ArcherAI.OnDrawGizmosSelected</definition>
        <argsstring>()</argsstring>
        <name>OnDrawGizmosSelected</name>
        <qualifiedname>AI.ArcherAI.OnDrawGizmosSelected</qualifiedname>
        <briefdescription>
<para>Отображение области радиуса атаки в редакторе. </para>
        </briefdescription>
        <detaileddescription>
        </detaileddescription>
        <inbodydescription>
        </inbodydescription>
        <location file="AI/ArcherAI.cs" line="100" column="22" bodyfile="AI/ArcherAI.cs" bodystart="100" bodyend="104"/>
      </memberdef>
      <memberdef kind="function" id="class_a_i_1_1_archer_a_i_1a89e3b8e8b064d4000ab742b681724fb3" prot="private" static="no" const="no" explicit="no" inline="yes" virt="non-virtual">
        <type>void</type>
        <definition>void AI.ArcherAI.Update</definition>
        <argsstring>()</argsstring>
        <name>Update</name>
        <qualifiedname>AI.ArcherAI.Update</qualifiedname>
        <briefdescription>
<para>Основной метод, обрабатывающий логику арбалетчика каждый кадр. </para>
        </briefdescription>
        <detaileddescription>
        </detaileddescription>
        <inbodydescription>
        </inbodydescription>
        <location file="AI/ArcherAI.cs" line="109" column="14" bodyfile="AI/ArcherAI.cs" bodystart="109" bodyend="136"/>
      </memberdef>
      <memberdef kind="function" id="class_a_i_1_1_archer_a_i_1a259ebcadc5092a8d045b2613f99c2458" prot="private" static="no" const="no" explicit="no" inline="yes" virt="non-virtual">
        <type>Vector3</type>
        <definition>Vector3 AI.ArcherAI.ComputeArrowVelocity</definition>
        <argsstring>()</argsstring>
        <name>ComputeArrowVelocity</name>
        <qualifiedname>AI.ArcherAI.ComputeArrowVelocity</qualifiedname>
        <briefdescription>
<para>Вычисление вектора скорости стрелы для корректного попадания. </para>
        </briefdescription>
        <detaileddescription>
<para><simplesect kind="return"><para>Вектор скорости стрелы.</para>
</simplesect>
</para>
        </detaileddescription>
        <inbodydescription>
        </inbodydescription>
        <location file="AI/ArcherAI.cs" line="172" column="25" bodyfile="AI/ArcherAI.cs" bodystart="172" bodyend="184"/>
      </memberdef>
      <memberdef kind="function" id="class_a_i_1_1_archer_a_i_1a79022511ee16f6bcb9d4e250b433e48d" prot="private" static="no" const="no" explicit="no" inline="yes" virt="non-virtual">
        <type>float</type>
        <definition>float AI.ArcherAI.ComputeTime</definition>
        <argsstring>(Vector3 velocity)</argsstring>
        <name>ComputeTime</name>
        <qualifiedname>AI.ArcherAI.ComputeTime</qualifiedname>
        <param>
          <type>Vector3</type>
          <declname>velocity</declname>
        </param>
        <briefdescription>
<para>Вычисление времени полета стрелы для корректного попадания. </para>
        </briefdescription>
        <detaileddescription>
<para><parameterlist kind="param"><parameteritem>
<parameternamelist>
<parametername>velocity</parametername>
</parameternamelist>
<parameterdescription>
<para>Скорость стрелы.</para>
</parameterdescription>
</parameteritem>
</parameterlist>
<simplesect kind="return"><para>Время полета стрелы.</para>
</simplesect>
</para>
        </detaileddescription>
        <inbodydescription>
        </inbodydescription>
        <location file="AI/ArcherAI.cs" line="191" column="23" bodyfile="AI/ArcherAI.cs" bodystart="191" bodyend="205"/>
      </memberdef>
      <memberdef kind="function" id="class_a_i_1_1_archer_a_i_1adc9cbb7cb5b013a60285b6de7c7d91a5" prot="private" static="no" const="no" explicit="no" inline="no" virt="non-virtual">
        <type>Vector3</type>
        <definition>Vector3 AI.ArcherAI.ComputeVelocity</definition>
        <argsstring>(float time)</argsstring>
        <name>ComputeVelocity</name>
        <qualifiedname>AI.ArcherAI.ComputeVelocity</qualifiedname>
        <param>
          <type>float</type>
          <declname>time</declname>
        </param>
        <briefdescription>
<para>Вычисление вектора скорости стрелы на основе времени полета. </para>
        </briefdescription>
        <detaileddescription>
<para><parameterlist kind="param"><parameteritem>
<parameternamelist>
<parametername>time</parametername>
</parameternamelist>
<parameterdescription>
<para>Время полета стрелы.</para>
</parameterdescription>
</parameteritem>
</parameterlist>
<simplesect kind="return"><para>Вектор скорости стрелы.</para>
</simplesect>
</para>
        </detaileddescription>
        <inbodydescription>
        </inbodydescription>
        <location file="AI/ArcherAI.cs" line="227" column="25"/>
      </memberdef>
    </sectiondef>
    <sectiondef kind="public-func">
      <memberdef kind="function" id="class_a_i_1_1_archer_a_i_1a120d9195ed0a9f6630d8c05031bdb805" prot="public" static="no" const="no" explicit="no" inline="yes" virt="non-virtual">
        <type>void</type>
        <definition>void AI.ArcherAI.AllowAttack</definition>
        <argsstring>(bool _active)</argsstring>
        <name>AllowAttack</name>
        <qualifiedname>AI.ArcherAI.AllowAttack</qualifiedname>
        <param>
          <type>bool</type>
          <declname>_active</declname>
        </param>
        <briefdescription>
<para>Метод для разрешения или запрета атак. </para>
        </briefdescription>
        <detaileddescription>
<para><parameterlist kind="param"><parameteritem>
<parameternamelist>
<parametername>_active</parametername>
</parameternamelist>
<parameterdescription>
<para>Если true — атаки разрешены, иначе — запрещены.</para>
</parameterdescription>
</parameteritem>
</parameterlist>
</para>
        </detaileddescription>
        <inbodydescription>
        </inbodydescription>
        <location file="AI/ArcherAI.cs" line="92" column="21" bodyfile="AI/ArcherAI.cs" bodystart="92" bodyend="95"/>
      </memberdef>
      <memberdef kind="function" id="class_a_i_1_1_archer_a_i_1a391ce028173c017aa75d82c71eb2bfb1" prot="public" static="no" const="no" explicit="no" inline="yes" virt="non-virtual">
        <type>void</type>
        <definition>void AI.ArcherAI.Attack</definition>
        <argsstring>()</argsstring>
        <name>Attack</name>
        <qualifiedname>AI.ArcherAI.Attack</qualifiedname>
        <briefdescription>
<para>Метод, выполняющий атаку (выстрел). </para>
        </briefdescription>
        <detaileddescription>
        </detaileddescription>
        <inbodydescription>
        </inbodydescription>
        <location file="AI/ArcherAI.cs" line="141" column="21" bodyfile="AI/ArcherAI.cs" bodystart="141" bodyend="166"/>
      </memberdef>
    </sectiondef>
    <sectiondef kind="private-static-func">
      <memberdef kind="function" id="class_a_i_1_1_archer_a_i_1ac12e691812d626d57bc0092e799e57ee" prot="private" static="yes" const="no" explicit="no" inline="yes" virt="non-virtual">
        <type>void</type>
        <definition>static void AI.ArcherAI.SelectOptimalTime</definition>
        <argsstring>(float delta, float sub, float add, ref float sum, ref int div)</argsstring>
        <name>SelectOptimalTime</name>
        <qualifiedname>AI.ArcherAI.SelectOptimalTime</qualifiedname>
        <param>
          <type>float</type>
          <declname>delta</declname>
        </param>
        <param>
          <type>float</type>
          <declname>sub</declname>
        </param>
        <param>
          <type>float</type>
          <declname>add</declname>
        </param>
        <param>
          <type>ref float</type>
          <declname>sum</declname>
        </param>
        <param>
          <type>ref int</type>
          <declname>div</declname>
        </param>
        <briefdescription>
<para>Выбор оптимального времени полета для каждого компонента (x, y, z). </para>
        </briefdescription>
        <detaileddescription>
        </detaileddescription>
        <inbodydescription>
        </inbodydescription>
        <location file="AI/ArcherAI.cs" line="210" column="29" bodyfile="AI/ArcherAI.cs" bodystart="210" bodyend="220"/>
      </memberdef>
    </sectiondef>
    <briefdescription>
<para>Класс, отвечающий за поведение арбалетчика. </para>
    </briefdescription>
    <detaileddescription>
    </detaileddescription>
    <inheritancegraph>
      <node id="1">
        <label>AI.ArcherAI</label>
        <link refid="class_a_i_1_1_archer_a_i"/>
        <childnode refid="2" relation="public-inheritance">
        </childnode>
      </node>
      <node id="2">
        <label>MonoBehaviour</label>
      </node>
    </inheritancegraph>
    <collaborationgraph>
      <node id="1">
        <label>AI.ArcherAI</label>
        <link refid="class_a_i_1_1_archer_a_i"/>
        <childnode refid="2" relation="public-inheritance">
        </childnode>
      </node>
      <node id="2">
        <label>MonoBehaviour</label>
      </node>
    </collaborationgraph>
    <location file="AI/ArcherAI.cs" line="10" column="11" bodyfile="AI/ArcherAI.cs" bodystart="11" bodyend="229"/>
    <listofallmembers>
      <member refid="class_a_i_1_1_archer_a_i_1a120d9195ed0a9f6630d8c05031bdb805" prot="public" virt="non-virtual"><scope>AI::ArcherAI</scope><name>AllowAttack</name></member>
      <member refid="class_a_i_1_1_archer_a_i_1a86964728a472d6283ad5e8dd59c646d0" prot="private" virt="non-virtual"><scope>AI::ArcherAI</scope><name>allowedToAttack</name></member>
      <member refid="class_a_i_1_1_archer_a_i_1ac10cb674afc2e2f9c10ac0c17d77f090" prot="private" virt="non-virtual"><scope>AI::ArcherAI</scope><name>animator</name></member>
      <member refid="class_a_i_1_1_archer_a_i_1adf42bb6fbb699542d464324194b06778" prot="private" virt="non-virtual"><scope>AI::ArcherAI</scope><name>arrowSource</name></member>
      <member refid="class_a_i_1_1_archer_a_i_1a8f6efc83ae596271b5719bd7b693e2ab" prot="private" virt="non-virtual"><scope>AI::ArcherAI</scope><name>arrowSpeed</name></member>
      <member refid="class_a_i_1_1_archer_a_i_1a391ce028173c017aa75d82c71eb2bfb1" prot="public" virt="non-virtual"><scope>AI::ArcherAI</scope><name>Attack</name></member>
      <member refid="class_a_i_1_1_archer_a_i_1a7ef24a0e964c9726cb1c93e5212d7ef1" prot="private" virt="non-virtual"><scope>AI::ArcherAI</scope><name>attackTime</name></member>
      <member refid="class_a_i_1_1_archer_a_i_1a259ebcadc5092a8d045b2613f99c2458" prot="private" virt="non-virtual"><scope>AI::ArcherAI</scope><name>ComputeArrowVelocity</name></member>
      <member refid="class_a_i_1_1_archer_a_i_1a79022511ee16f6bcb9d4e250b433e48d" prot="private" virt="non-virtual"><scope>AI::ArcherAI</scope><name>ComputeTime</name></member>
      <member refid="class_a_i_1_1_archer_a_i_1adc9cbb7cb5b013a60285b6de7c7d91a5" prot="private" virt="non-virtual"><scope>AI::ArcherAI</scope><name>ComputeVelocity</name></member>
      <member refid="class_a_i_1_1_archer_a_i_1a917a4686e318d92e9e00b4cc4734574f" prot="private" virt="non-virtual"><scope>AI::ArcherAI</scope><name>m_state</name></member>
      <member refid="class_a_i_1_1_archer_a_i_1a3052356cc369920ec97afbe7f6747a3a" prot="private" virt="non-virtual"><scope>AI::ArcherAI</scope><name>noiseFactor</name></member>
      <member refid="class_a_i_1_1_archer_a_i_1a32d35879188dbe41df95177406759f11" prot="private" virt="non-virtual"><scope>AI::ArcherAI</scope><name>OnDrawGizmosSelected</name></member>
      <member refid="class_a_i_1_1_archer_a_i_1a5b591baf0fd77889fa81354f79d3302e" prot="private" virt="non-virtual"><scope>AI::ArcherAI</scope><name>projectilePrefab</name></member>
      <member refid="class_a_i_1_1_archer_a_i_1a300a770aef01307d8562441d2aebadae" prot="private" virt="non-virtual"><scope>AI::ArcherAI</scope><name>radiusAttack</name></member>
      <member refid="class_a_i_1_1_archer_a_i_1ac12e691812d626d57bc0092e799e57ee" prot="private" virt="non-virtual"><scope>AI::ArcherAI</scope><name>SelectOptimalTime</name></member>
      <member refid="class_a_i_1_1_archer_a_i_1a92205bb0bdacf2c29655d8d4141a916a" prot="private" virt="non-virtual"><scope>AI::ArcherAI</scope><name>shootArrow</name></member>
      <member refid="class_a_i_1_1_archer_a_i_1ae038f4634475020242589221a992e697" prot="private" virt="non-virtual"><scope>AI::ArcherAI</scope><name>Start</name></member>
      <member refid="class_a_i_1_1_archer_a_i_1a4270de164feecaabdb6e03cf76d3cb2f" prot="private" virt="non-virtual"><scope>AI::ArcherAI</scope><name>state</name></member>
      <member refid="class_a_i_1_1_archer_a_i_1a833ed097b2f2645f100428cb646ff559" prot="private" virt="non-virtual"><scope>AI::ArcherAI</scope><name>target</name></member>
      <member refid="class_a_i_1_1_archer_a_i_1a89e3b8e8b064d4000ab742b681724fb3" prot="private" virt="non-virtual"><scope>AI::ArcherAI</scope><name>Update</name></member>
    </listofallmembers>
  </compounddef>
</doxygen>
