<?xml version='1.0' encoding='UTF-8' standalone='no'?>
<doxygen xmlns:xsi="http://www.w3.org/2001/XMLSchema-instance" xsi:noNamespaceSchemaLocation="compound.xsd" version="1.13.2" xml:lang="en-US">
  <compounddef id="class_game_u_i_manager" kind="class" language="C#" prot="public">
    <compoundname>GameUIManager</compoundname>
    <basecompoundref prot="public" virt="non-virtual">MonoBehaviour</basecompoundref>
    <sectiondef kind="private-attrib">
      <memberdef kind="variable" id="class_game_u_i_manager_1a201ba54fc8be755a2393a3863b8b78fa" prot="private" static="no" mutable="no">
        <type><ref refid="class_camera_controller" kindref="compound">CameraController</ref></type>
        <definition>CameraController GameUIManager.cameraController</definition>
        <argsstring></argsstring>
        <name>cameraController</name>
        <qualifiedname>GameUIManager.cameraController</qualifiedname>
        <briefdescription>
<para>Ссылка на контроллер камеры. </para>
        </briefdescription>
        <detaileddescription>
        </detaileddescription>
        <inbodydescription>
        </inbodydescription>
        <location file="GameUIManager.cs" line="14" column="31" bodyfile="GameUIManager.cs" bodystart="14" bodyend="-1"/>
      </memberdef>
      <memberdef kind="variable" id="class_game_u_i_manager_1a5c892093caee488450fea497091a9f36" prot="private" static="no" mutable="no">
        <type>Animator</type>
        <definition>Animator GameUIManager.victoryAnim</definition>
        <argsstring></argsstring>
        <name>victoryAnim</name>
        <qualifiedname>GameUIManager.victoryAnim</qualifiedname>
        <briefdescription>
<para>Аниматор для победной анимации. </para>
        </briefdescription>
        <detaileddescription>
        </detaileddescription>
        <inbodydescription>
        </inbodydescription>
        <location file="GameUIManager.cs" line="19" column="23" bodyfile="GameUIManager.cs" bodystart="19" bodyend="-1"/>
      </memberdef>
      <memberdef kind="variable" id="class_game_u_i_manager_1abae31c27585e81cc0481ad6723707788" prot="private" static="no" mutable="no">
        <type>Animator</type>
        <definition>Animator GameUIManager.defeatAnim</definition>
        <argsstring></argsstring>
        <name>defeatAnim</name>
        <qualifiedname>GameUIManager.defeatAnim</qualifiedname>
        <briefdescription>
<para>Аниматор для анимации поражения. </para>
        </briefdescription>
        <detaileddescription>
        </detaileddescription>
        <inbodydescription>
        </inbodydescription>
        <location file="GameUIManager.cs" line="24" column="23" bodyfile="GameUIManager.cs" bodystart="24" bodyend="-1"/>
      </memberdef>
      <memberdef kind="variable" id="class_game_u_i_manager_1a64a97af55c37e33f3d8a27accd4c2bfd" prot="private" static="no" mutable="no">
        <type>Animator</type>
        <definition>Animator GameUIManager.exitWarningAnim</definition>
        <argsstring></argsstring>
        <name>exitWarningAnim</name>
        <qualifiedname>GameUIManager.exitWarningAnim</qualifiedname>
        <briefdescription>
<para>Аниматор для предупреждения при выходе. </para>
        </briefdescription>
        <detaileddescription>
        </detaileddescription>
        <inbodydescription>
        </inbodydescription>
        <location file="GameUIManager.cs" line="29" column="23" bodyfile="GameUIManager.cs" bodystart="29" bodyend="-1"/>
      </memberdef>
      <memberdef kind="variable" id="class_game_u_i_manager_1a99cfe399713cbbffbd63a0eaeeb66a63" prot="private" static="no" mutable="no">
        <type><ref refid="class_game_manager" kindref="compound">GameManager</ref></type>
        <definition>GameManager GameUIManager.gameManager</definition>
        <argsstring></argsstring>
        <name>gameManager</name>
        <qualifiedname>GameUIManager.gameManager</qualifiedname>
        <briefdescription>
<para>Ссылка на менеджер игры. </para>
        </briefdescription>
        <detaileddescription>
        </detaileddescription>
        <inbodydescription>
        </inbodydescription>
        <location file="GameUIManager.cs" line="34" column="26" bodyfile="GameUIManager.cs" bodystart="34" bodyend="-1"/>
      </memberdef>
      <memberdef kind="variable" id="class_game_u_i_manager_1a99607f0ed673af0d261a403c129f343a" prot="private" static="no" mutable="no">
        <type>Image[]</type>
        <definition>Image [] GameUIManager.winStars</definition>
        <argsstring></argsstring>
        <name>winStars</name>
        <qualifiedname>GameUIManager.winStars</qualifiedname>
        <briefdescription>
<para>Массив изображений для звезд победы. </para>
        </briefdescription>
        <detaileddescription>
        </detaileddescription>
        <inbodydescription>
        </inbodydescription>
        <location file="GameUIManager.cs" line="39" column="20" bodyfile="GameUIManager.cs" bodystart="39" bodyend="-1"/>
      </memberdef>
      <memberdef kind="variable" id="class_game_u_i_manager_1ad89f621f939a9ff70f1faf65ff95134b" prot="private" static="no" mutable="no">
        <type>Image[]</type>
        <definition>Image [] GameUIManager.defeatStars</definition>
        <argsstring></argsstring>
        <name>defeatStars</name>
        <qualifiedname>GameUIManager.defeatStars</qualifiedname>
        <briefdescription>
<para>Массив изображений для звезд поражения. </para>
        </briefdescription>
        <detaileddescription>
        </detaileddescription>
        <inbodydescription>
        </inbodydescription>
        <location file="GameUIManager.cs" line="44" column="20" bodyfile="GameUIManager.cs" bodystart="44" bodyend="-1"/>
      </memberdef>
      <memberdef kind="variable" id="class_game_u_i_manager_1a5b4d82d7de849bc3adf552ba0a1be3e4" prot="private" static="no" mutable="no">
        <type>Sprite[]</type>
        <definition>Sprite [] GameUIManager.starsSprite</definition>
        <argsstring></argsstring>
        <name>starsSprite</name>
        <qualifiedname>GameUIManager.starsSprite</qualifiedname>
        <briefdescription>
<para>Массив спрайтов для звезд. </para>
        </briefdescription>
        <detaileddescription>
        </detaileddescription>
        <inbodydescription>
        </inbodydescription>
        <location file="GameUIManager.cs" line="49" column="21" bodyfile="GameUIManager.cs" bodystart="49" bodyend="-1"/>
      </memberdef>
      <memberdef kind="variable" id="class_game_u_i_manager_1a5eaef33d36e1ca3665c2f8741b8b9c55" prot="private" static="no" mutable="no">
        <type>Animator</type>
        <definition>Animator GameUIManager.animatorFade</definition>
        <argsstring></argsstring>
        <name>animatorFade</name>
        <qualifiedname>GameUIManager.animatorFade</qualifiedname>
        <briefdescription>
<para>Аниматор для эффектов затемнения. </para>
        </briefdescription>
        <detaileddescription>
        </detaileddescription>
        <inbodydescription>
        </inbodydescription>
        <location file="GameUIManager.cs" line="54" column="23" bodyfile="GameUIManager.cs" bodystart="54" bodyend="-1"/>
      </memberdef>
      <memberdef kind="variable" id="class_game_u_i_manager_1a813839c7ed38e37ed37d98942c66042c" prot="private" static="no" mutable="no">
        <type>string</type>
        <definition>string GameUIManager.nextLvlName</definition>
        <argsstring></argsstring>
        <name>nextLvlName</name>
        <qualifiedname>GameUIManager.nextLvlName</qualifiedname>
        <briefdescription>
<para>Название следующего уровня. </para>
        </briefdescription>
        <detaileddescription>
        </detaileddescription>
        <inbodydescription>
        </inbodydescription>
        <location file="GameUIManager.cs" line="59" column="21" bodyfile="GameUIManager.cs" bodystart="59" bodyend="-1"/>
      </memberdef>
      <memberdef kind="variable" id="class_game_u_i_manager_1a7fd08f3e90d96d0b58adca28d1039a99" prot="private" static="no" mutable="no">
        <type>TMP_Text[]</type>
        <definition>TMP_Text [] GameUIManager.timeRequired</definition>
        <argsstring></argsstring>
        <name>timeRequired</name>
        <qualifiedname>GameUIManager.timeRequired</qualifiedname>
        <briefdescription>
<para>Массив текстовых элементов для отображения времени. </para>
        </briefdescription>
        <detaileddescription>
        </detaileddescription>
        <inbodydescription>
        </inbodydescription>
        <location file="GameUIManager.cs" line="64" column="23" bodyfile="GameUIManager.cs" bodystart="64" bodyend="-1"/>
      </memberdef>
      <memberdef kind="variable" id="class_game_u_i_manager_1a1917dbc611a81ee7f5158e9a28387b67" prot="private" static="no" mutable="no">
        <type>TMP_Text[]</type>
        <definition>TMP_Text [] GameUIManager.objectsDestroyed</definition>
        <argsstring></argsstring>
        <name>objectsDestroyed</name>
        <qualifiedname>GameUIManager.objectsDestroyed</qualifiedname>
        <briefdescription>
<para>Массив текстовых элементов для отображения количества уничтоженных объектов. </para>
        </briefdescription>
        <detaileddescription>
        </detaileddescription>
        <inbodydescription>
        </inbodydescription>
        <location file="GameUIManager.cs" line="69" column="23" bodyfile="GameUIManager.cs" bodystart="69" bodyend="-1"/>
      </memberdef>
      <memberdef kind="variable" id="class_game_u_i_manager_1a31751549c1ad4c0ffe00dfd15136e988" prot="private" static="no" mutable="no">
        <type>TMP_Text</type>
        <definition>TMP_Text GameUIManager.lvlText</definition>
        <argsstring></argsstring>
        <name>lvlText</name>
        <qualifiedname>GameUIManager.lvlText</qualifiedname>
        <briefdescription>
<para>Текст для отображения текущего уровня. </para>
        </briefdescription>
        <detaileddescription>
        </detaileddescription>
        <inbodydescription>
        </inbodydescription>
        <location file="GameUIManager.cs" line="74" column="23" bodyfile="GameUIManager.cs" bodystart="74" bodyend="-1"/>
      </memberdef>
      <memberdef kind="variable" id="class_game_u_i_manager_1a4d8e8408b6fd4d276eca1929439f92df" prot="private" static="no" mutable="no">
        <type>AudioSource</type>
        <definition>AudioSource GameUIManager.source</definition>
        <argsstring></argsstring>
        <name>source</name>
        <qualifiedname>GameUIManager.source</qualifiedname>
        <briefdescription>
<para>Источник аудио для фона игры. </para>
        </briefdescription>
        <detaileddescription>
        </detaileddescription>
        <inbodydescription>
        </inbodydescription>
        <location file="GameUIManager.cs" line="79" column="26" bodyfile="GameUIManager.cs" bodystart="79" bodyend="-1"/>
      </memberdef>
      <memberdef kind="variable" id="class_game_u_i_manager_1a302d1efde1ba704faaa16b8ef8527ffb" prot="private" static="no" mutable="no">
        <type>AudioClip</type>
        <definition>AudioClip GameUIManager.victorySound</definition>
        <argsstring></argsstring>
        <name>victorySound</name>
        <qualifiedname>GameUIManager.victorySound</qualifiedname>
        <briefdescription>
<para>Звук для победы. </para>
        </briefdescription>
        <detaileddescription>
        </detaileddescription>
        <inbodydescription>
        </inbodydescription>
        <location file="GameUIManager.cs" line="84" column="24" bodyfile="GameUIManager.cs" bodystart="84" bodyend="-1"/>
      </memberdef>
      <memberdef kind="variable" id="class_game_u_i_manager_1aedbeb8f150d36bda8da49a87ad198f40" prot="private" static="no" mutable="no">
        <type>AudioSource</type>
        <definition>AudioSource GameUIManager.uisounds</definition>
        <argsstring></argsstring>
        <name>uisounds</name>
        <qualifiedname>GameUIManager.uisounds</qualifiedname>
        <briefdescription>
<para>Источник аудио для UI звуков. </para>
        </briefdescription>
        <detaileddescription>
        </detaileddescription>
        <inbodydescription>
        </inbodydescription>
        <location file="GameUIManager.cs" line="89" column="26" bodyfile="GameUIManager.cs" bodystart="89" bodyend="-1"/>
      </memberdef>
      <memberdef kind="variable" id="class_game_u_i_manager_1af987d2c5a0c74ceb5532708de09a11f1" prot="private" static="no" mutable="no">
        <type>AudioClip[]</type>
        <definition>AudioClip [] GameUIManager.uiClips</definition>
        <argsstring></argsstring>
        <name>uiClips</name>
        <qualifiedname>GameUIManager.uiClips</qualifiedname>
        <briefdescription>
<para>Массив звуков для UI (кнопки и взаимодействия). </para>
        </briefdescription>
        <detaileddescription>
        </detaileddescription>
        <inbodydescription>
        </inbodydescription>
        <location file="GameUIManager.cs" line="94" column="24" bodyfile="GameUIManager.cs" bodystart="94" bodyend="-1"/>
      </memberdef>
    </sectiondef>
    <sectiondef kind="public-func">
      <memberdef kind="function" id="class_game_u_i_manager_1ad67cb47c456f7327fe5d6f3b2e707df5" prot="public" static="no" const="no" explicit="no" inline="yes" virt="non-virtual">
        <type>void</type>
        <definition>void GameUIManager.Win</definition>
        <argsstring>(int stars)</argsstring>
        <name>Win</name>
        <qualifiedname>GameUIManager.Win</qualifiedname>
        <param>
          <type>int</type>
          <declname>stars</declname>
        </param>
        <briefdescription>
<para>Метод для отображения победы и установки звезд. </para>
        </briefdescription>
        <detaileddescription>
<para><parameterlist kind="param"><parameteritem>
<parameternamelist>
<parametername>stars</parametername>
</parameternamelist>
<parameterdescription>
<para>Количество звезд за победу.</para>
</parameterdescription>
</parameteritem>
</parameterlist>
</para>
        </detaileddescription>
        <inbodydescription>
        </inbodydescription>
        <location file="GameUIManager.cs" line="100" column="17" bodyfile="GameUIManager.cs" bodystart="100" bodyend="110"/>
      </memberdef>
      <memberdef kind="function" id="class_game_u_i_manager_1a154bb42cab21b7ce333255debf1ad114" prot="public" static="no" const="no" explicit="no" inline="yes" virt="non-virtual">
        <type>void</type>
        <definition>void GameUIManager.Loose</definition>
        <argsstring>(int stars)</argsstring>
        <name>Loose</name>
        <qualifiedname>GameUIManager.Loose</qualifiedname>
        <param>
          <type>int</type>
          <declname>stars</declname>
        </param>
        <briefdescription>
<para>Метод для отображения поражения и установки звезд. </para>
        </briefdescription>
        <detaileddescription>
<para><parameterlist kind="param"><parameteritem>
<parameternamelist>
<parametername>stars</parametername>
</parameternamelist>
<parameterdescription>
<para>Количество звезд за поражение.</para>
</parameterdescription>
</parameteritem>
</parameterlist>
</para>
        </detaileddescription>
        <inbodydescription>
        </inbodydescription>
        <location file="GameUIManager.cs" line="116" column="17" bodyfile="GameUIManager.cs" bodystart="116" bodyend="124"/>
      </memberdef>
      <memberdef kind="function" id="class_game_u_i_manager_1a540505f3e22b7a616e3dcb060066fc26" prot="public" static="no" const="no" explicit="no" inline="yes" virt="non-virtual">
        <type>void</type>
        <definition>void GameUIManager.DisplayStats</definition>
        <argsstring>(float timeSec, int objDestr)</argsstring>
        <name>DisplayStats</name>
        <qualifiedname>GameUIManager.DisplayStats</qualifiedname>
        <param>
          <type>float</type>
          <declname>timeSec</declname>
        </param>
        <param>
          <type>int</type>
          <declname>objDestr</declname>
        </param>
        <briefdescription>
<para>Отображение статистики: время и количество уничтоженных объектов. </para>
        </briefdescription>
        <detaileddescription>
<para><parameterlist kind="param"><parameteritem>
<parameternamelist>
<parametername>timeSec</parametername>
</parameternamelist>
<parameterdescription>
<para>Время в секундах.</para>
</parameterdescription>
</parameteritem>
<parameteritem>
<parameternamelist>
<parametername>objDestr</parametername>
</parameternamelist>
<parameterdescription>
<para>Количество уничтоженных объектов.</para>
</parameterdescription>
</parameteritem>
</parameterlist>
</para>
        </detaileddescription>
        <inbodydescription>
        </inbodydescription>
        <location file="GameUIManager.cs" line="131" column="17" bodyfile="GameUIManager.cs" bodystart="131" bodyend="151"/>
      </memberdef>
      <memberdef kind="function" id="class_game_u_i_manager_1a6522ee6d697fd4dcedb7bcd1aba6aad6" prot="public" static="no" const="no" explicit="no" inline="yes" virt="non-virtual">
        <type>void</type>
        <definition>void GameUIManager.ExitToMenu</definition>
        <argsstring>()</argsstring>
        <name>ExitToMenu</name>
        <qualifiedname>GameUIManager.ExitToMenu</qualifiedname>
        <briefdescription>
<para>Открытие окна подтверждения выхода в главное меню. </para>
        </briefdescription>
        <detaileddescription>
        </detaileddescription>
        <inbodydescription>
        </inbodydescription>
        <location file="GameUIManager.cs" line="156" column="17" bodyfile="GameUIManager.cs" bodystart="156" bodyend="161"/>
      </memberdef>
      <memberdef kind="function" id="class_game_u_i_manager_1a61616560cc57dcb7f72d192751c14b9f" prot="public" static="no" const="no" explicit="no" inline="yes" virt="non-virtual">
        <type>void</type>
        <definition>void GameUIManager.CloseExitMenu</definition>
        <argsstring>()</argsstring>
        <name>CloseExitMenu</name>
        <qualifiedname>GameUIManager.CloseExitMenu</qualifiedname>
        <briefdescription>
<para>Закрытие окна выхода в главное меню. </para>
        </briefdescription>
        <detaileddescription>
        </detaileddescription>
        <inbodydescription>
        </inbodydescription>
        <location file="GameUIManager.cs" line="166" column="17" bodyfile="GameUIManager.cs" bodystart="166" bodyend="170"/>
      </memberdef>
      <memberdef kind="function" id="class_game_u_i_manager_1a5490cb15003c43dbc35a2b2fc2999c20" prot="public" static="no" const="no" explicit="no" inline="yes" virt="non-virtual">
        <type>void</type>
        <definition>void GameUIManager.ConfirmExit</definition>
        <argsstring>()</argsstring>
        <name>ConfirmExit</name>
        <qualifiedname>GameUIManager.ConfirmExit</qualifiedname>
        <briefdescription>
<para>Подтверждение выхода в главное меню. </para>
        </briefdescription>
        <detaileddescription>
        </detaileddescription>
        <inbodydescription>
        </inbodydescription>
        <location file="GameUIManager.cs" line="175" column="17" bodyfile="GameUIManager.cs" bodystart="175" bodyend="182"/>
      </memberdef>
      <memberdef kind="function" id="class_game_u_i_manager_1a04fb3b88e56ded5a11c9e63b1941affa" prot="public" static="no" const="no" explicit="no" inline="yes" virt="non-virtual">
        <type>void</type>
        <definition>void GameUIManager.NextLvl</definition>
        <argsstring>()</argsstring>
        <name>NextLvl</name>
        <qualifiedname>GameUIManager.NextLvl</qualifiedname>
        <briefdescription>
<para>Переход к следующему уровню. </para>
        </briefdescription>
        <detaileddescription>
        </detaileddescription>
        <inbodydescription>
        </inbodydescription>
        <location file="GameUIManager.cs" line="187" column="17" bodyfile="GameUIManager.cs" bodystart="187" bodyend="194"/>
      </memberdef>
      <memberdef kind="function" id="class_game_u_i_manager_1a93056d554f985ef53261edc71862d703" prot="public" static="no" const="no" explicit="no" inline="yes" virt="non-virtual">
        <type>void</type>
        <definition>void GameUIManager.ReloadLvl</definition>
        <argsstring>()</argsstring>
        <name>ReloadLvl</name>
        <qualifiedname>GameUIManager.ReloadLvl</qualifiedname>
        <briefdescription>
<para>Перезагрузка текущего уровня. </para>
        </briefdescription>
        <detaileddescription>
        </detaileddescription>
        <inbodydescription>
        </inbodydescription>
        <location file="GameUIManager.cs" line="199" column="17" bodyfile="GameUIManager.cs" bodystart="199" bodyend="206"/>
      </memberdef>
    </sectiondef>
    <sectiondef kind="private-func">
      <memberdef kind="function" id="class_game_u_i_manager_1a1e7f96a329aef771f2704c9692f85b51" prot="private" static="no" const="no" explicit="no" inline="yes" virt="non-virtual">
        <type>void</type>
        <definition>void GameUIManager.ReloadCurrentLvl</definition>
        <argsstring>()</argsstring>
        <name>ReloadCurrentLvl</name>
        <qualifiedname>GameUIManager.ReloadCurrentLvl</qualifiedname>
        <briefdescription>
<para>Перезагрузка текущего уровня. </para>
        </briefdescription>
        <detaileddescription>
        </detaileddescription>
        <inbodydescription>
        </inbodydescription>
        <location file="GameUIManager.cs" line="211" column="10" bodyfile="GameUIManager.cs" bodystart="211" bodyend="214"/>
      </memberdef>
      <memberdef kind="function" id="class_game_u_i_manager_1a81fd3b45645f869a12e78fb6d06cc38a" prot="private" static="no" const="no" explicit="no" inline="yes" virt="non-virtual">
        <type>void</type>
        <definition>void GameUIManager.LoadNextLvl</definition>
        <argsstring>()</argsstring>
        <name>LoadNextLvl</name>
        <qualifiedname>GameUIManager.LoadNextLvl</qualifiedname>
        <briefdescription>
<para>Загрузка следующего уровня. </para>
        </briefdescription>
        <detaileddescription>
        </detaileddescription>
        <inbodydescription>
        </inbodydescription>
        <location file="GameUIManager.cs" line="219" column="10" bodyfile="GameUIManager.cs" bodystart="219" bodyend="222"/>
      </memberdef>
      <memberdef kind="function" id="class_game_u_i_manager_1a921e6dfb0b36bb411d17048c61231ce9" prot="private" static="no" const="no" explicit="no" inline="yes" virt="non-virtual">
        <type>void</type>
        <definition>void GameUIManager.LoadMenu</definition>
        <argsstring>()</argsstring>
        <name>LoadMenu</name>
        <qualifiedname>GameUIManager.LoadMenu</qualifiedname>
        <briefdescription>
<para>Загрузка главного меню. </para>
        </briefdescription>
        <detaileddescription>
        </detaileddescription>
        <inbodydescription>
        </inbodydescription>
        <location file="GameUIManager.cs" line="227" column="10" bodyfile="GameUIManager.cs" bodystart="227" bodyend="230"/>
      </memberdef>
    </sectiondef>
    <briefdescription>
<para>Класс, отвечающий за обработку игрового UI. </para>
    </briefdescription>
    <detaileddescription>
    </detaileddescription>
    <inheritancegraph>
      <node id="1">
        <label>GameUIManager</label>
        <link refid="class_game_u_i_manager"/>
        <childnode refid="2" relation="public-inheritance">
        </childnode>
      </node>
      <node id="2">
        <label>MonoBehaviour</label>
      </node>
    </inheritancegraph>
    <collaborationgraph>
      <node id="1">
        <label>GameUIManager</label>
        <link refid="class_game_u_i_manager"/>
        <childnode refid="2" relation="public-inheritance">
        </childnode>
      </node>
      <node id="2">
        <label>MonoBehaviour</label>
      </node>
    </collaborationgraph>
    <location file="GameUIManager.cs" line="9" column="7" bodyfile="GameUIManager.cs" bodystart="10" bodyend="231"/>
    <listofallmembers>
      <member refid="class_game_u_i_manager_1a5eaef33d36e1ca3665c2f8741b8b9c55" prot="private" virt="non-virtual"><scope>GameUIManager</scope><name>animatorFade</name></member>
      <member refid="class_game_u_i_manager_1a201ba54fc8be755a2393a3863b8b78fa" prot="private" virt="non-virtual"><scope>GameUIManager</scope><name>cameraController</name></member>
      <member refid="class_game_u_i_manager_1a61616560cc57dcb7f72d192751c14b9f" prot="public" virt="non-virtual"><scope>GameUIManager</scope><name>CloseExitMenu</name></member>
      <member refid="class_game_u_i_manager_1a5490cb15003c43dbc35a2b2fc2999c20" prot="public" virt="non-virtual"><scope>GameUIManager</scope><name>ConfirmExit</name></member>
      <member refid="class_game_u_i_manager_1abae31c27585e81cc0481ad6723707788" prot="private" virt="non-virtual"><scope>GameUIManager</scope><name>defeatAnim</name></member>
      <member refid="class_game_u_i_manager_1ad89f621f939a9ff70f1faf65ff95134b" prot="private" virt="non-virtual"><scope>GameUIManager</scope><name>defeatStars</name></member>
      <member refid="class_game_u_i_manager_1a540505f3e22b7a616e3dcb060066fc26" prot="public" virt="non-virtual"><scope>GameUIManager</scope><name>DisplayStats</name></member>
      <member refid="class_game_u_i_manager_1a6522ee6d697fd4dcedb7bcd1aba6aad6" prot="public" virt="non-virtual"><scope>GameUIManager</scope><name>ExitToMenu</name></member>
      <member refid="class_game_u_i_manager_1a64a97af55c37e33f3d8a27accd4c2bfd" prot="private" virt="non-virtual"><scope>GameUIManager</scope><name>exitWarningAnim</name></member>
      <member refid="class_game_u_i_manager_1a99cfe399713cbbffbd63a0eaeeb66a63" prot="private" virt="non-virtual"><scope>GameUIManager</scope><name>gameManager</name></member>
      <member refid="class_game_u_i_manager_1a921e6dfb0b36bb411d17048c61231ce9" prot="private" virt="non-virtual"><scope>GameUIManager</scope><name>LoadMenu</name></member>
      <member refid="class_game_u_i_manager_1a81fd3b45645f869a12e78fb6d06cc38a" prot="private" virt="non-virtual"><scope>GameUIManager</scope><name>LoadNextLvl</name></member>
      <member refid="class_game_u_i_manager_1a154bb42cab21b7ce333255debf1ad114" prot="public" virt="non-virtual"><scope>GameUIManager</scope><name>Loose</name></member>
      <member refid="class_game_u_i_manager_1a31751549c1ad4c0ffe00dfd15136e988" prot="private" virt="non-virtual"><scope>GameUIManager</scope><name>lvlText</name></member>
      <member refid="class_game_u_i_manager_1a04fb3b88e56ded5a11c9e63b1941affa" prot="public" virt="non-virtual"><scope>GameUIManager</scope><name>NextLvl</name></member>
      <member refid="class_game_u_i_manager_1a813839c7ed38e37ed37d98942c66042c" prot="private" virt="non-virtual"><scope>GameUIManager</scope><name>nextLvlName</name></member>
      <member refid="class_game_u_i_manager_1a1917dbc611a81ee7f5158e9a28387b67" prot="private" virt="non-virtual"><scope>GameUIManager</scope><name>objectsDestroyed</name></member>
      <member refid="class_game_u_i_manager_1a1e7f96a329aef771f2704c9692f85b51" prot="private" virt="non-virtual"><scope>GameUIManager</scope><name>ReloadCurrentLvl</name></member>
      <member refid="class_game_u_i_manager_1a93056d554f985ef53261edc71862d703" prot="public" virt="non-virtual"><scope>GameUIManager</scope><name>ReloadLvl</name></member>
      <member refid="class_game_u_i_manager_1a4d8e8408b6fd4d276eca1929439f92df" prot="private" virt="non-virtual"><scope>GameUIManager</scope><name>source</name></member>
      <member refid="class_game_u_i_manager_1a5b4d82d7de849bc3adf552ba0a1be3e4" prot="private" virt="non-virtual"><scope>GameUIManager</scope><name>starsSprite</name></member>
      <member refid="class_game_u_i_manager_1a7fd08f3e90d96d0b58adca28d1039a99" prot="private" virt="non-virtual"><scope>GameUIManager</scope><name>timeRequired</name></member>
      <member refid="class_game_u_i_manager_1af987d2c5a0c74ceb5532708de09a11f1" prot="private" virt="non-virtual"><scope>GameUIManager</scope><name>uiClips</name></member>
      <member refid="class_game_u_i_manager_1aedbeb8f150d36bda8da49a87ad198f40" prot="private" virt="non-virtual"><scope>GameUIManager</scope><name>uisounds</name></member>
      <member refid="class_game_u_i_manager_1a5c892093caee488450fea497091a9f36" prot="private" virt="non-virtual"><scope>GameUIManager</scope><name>victoryAnim</name></member>
      <member refid="class_game_u_i_manager_1a302d1efde1ba704faaa16b8ef8527ffb" prot="private" virt="non-virtual"><scope>GameUIManager</scope><name>victorySound</name></member>
      <member refid="class_game_u_i_manager_1ad67cb47c456f7327fe5d6f3b2e707df5" prot="public" virt="non-virtual"><scope>GameUIManager</scope><name>Win</name></member>
      <member refid="class_game_u_i_manager_1a99607f0ed673af0d261a403c129f343a" prot="private" virt="non-virtual"><scope>GameUIManager</scope><name>winStars</name></member>
    </listofallmembers>
  </compounddef>
</doxygen>
