<?xml version='1.0' encoding='UTF-8' standalone='no'?>
<doxygen xmlns:xsi="http://www.w3.org/2001/XMLSchema-instance" xsi:noNamespaceSchemaLocation="compound.xsd" version="1.13.2" xml:lang="en-US">
  <compounddef id="class_gambling_1_1_gambling_manager" kind="class" language="C#" prot="public">
    <compoundname>Gambling::GamblingManager</compoundname>
    <basecompoundref prot="public" virt="non-virtual">MonoBehaviour</basecompoundref>
    <sectiondef kind="public-attrib">
      <memberdef kind="variable" id="class_gambling_1_1_gambling_manager_1a87430d0775c664bffc5f223241586a8e" prot="public" static="no" mutable="no">
        <type><ref refid="class_slingshot" kindref="compound">Slingshot</ref></type>
        <definition>Slingshot Gambling.GamblingManager.slingshot</definition>
        <argsstring></argsstring>
        <name>slingshot</name>
        <qualifiedname>Gambling.GamblingManager.slingshot</qualifiedname>
        <briefdescription>
<para>Ссылка на объект сландшота (катапульта). </para>
        </briefdescription>
        <detaileddescription>
        </detaileddescription>
        <inbodydescription>
        </inbodydescription>
        <location file="Gambling/GamblingManager.cs" line="17" column="26" bodyfile="Gambling/GamblingManager.cs" bodystart="17" bodyend="-1"/>
      </memberdef>
      <memberdef kind="variable" id="class_gambling_1_1_gambling_manager_1a20af95b26adc562b9e8b1121be6e19b9" prot="public" static="no" mutable="no">
        <type><ref refid="class_health_manager" kindref="compound">HealthManager</ref></type>
        <definition>HealthManager Gambling.GamblingManager.gigaCatHealth</definition>
        <argsstring></argsstring>
        <name>gigaCatHealth</name>
        <qualifiedname>Gambling.GamblingManager.gigaCatHealth</qualifiedname>
        <briefdescription>
<para>Ссылка на объект для управления здоровьем большого кота. </para>
        </briefdescription>
        <detaileddescription>
        </detaileddescription>
        <inbodydescription>
        </inbodydescription>
        <location file="Gambling/GamblingManager.cs" line="22" column="30" bodyfile="Gambling/GamblingManager.cs" bodystart="22" bodyend="-1"/>
      </memberdef>
      <memberdef kind="variable" id="class_gambling_1_1_gambling_manager_1a1a327573455564c446352acec7bd2360" prot="public" static="no" mutable="no">
        <type><ref refid="class_meteor_source" kindref="compound">MeteorSource</ref>[]</type>
        <definition>MeteorSource [] Gambling.GamblingManager.meteorSources</definition>
        <argsstring></argsstring>
        <name>meteorSources</name>
        <qualifiedname>Gambling.GamblingManager.meteorSources</qualifiedname>
        <briefdescription>
<para>Список источников метеоритов для события &quot;Метеоритный дождь&quot;. </para>
        </briefdescription>
        <detaileddescription>
        </detaileddescription>
        <inbodydescription>
        </inbodydescription>
        <location file="Gambling/GamblingManager.cs" line="27" column="29" bodyfile="Gambling/GamblingManager.cs" bodystart="27" bodyend="-1"/>
      </memberdef>
      <memberdef kind="variable" id="class_gambling_1_1_gambling_manager_1ab040aca14a6a87b30ad0d1ccf3a9ea7a" prot="public" static="no" mutable="no">
        <type>GameObject</type>
        <definition>GameObject Gambling.GamblingManager.ratTowerPrefab</definition>
        <argsstring></argsstring>
        <name>ratTowerPrefab</name>
        <qualifiedname>Gambling.GamblingManager.ratTowerPrefab</qualifiedname>
        <briefdescription>
<para>Префаб башни с крысой. </para>
        </briefdescription>
        <detaileddescription>
        </detaileddescription>
        <inbodydescription>
        </inbodydescription>
        <location file="Gambling/GamblingManager.cs" line="32" column="27" bodyfile="Gambling/GamblingManager.cs" bodystart="32" bodyend="-1"/>
      </memberdef>
      <memberdef kind="variable" id="class_gambling_1_1_gambling_manager_1add49e9481215881e04ccfa0a9214d8dd" prot="public" static="no" mutable="no">
        <type>List&lt; Transform &gt;</type>
        <definition>List&lt;Transform&gt; Gambling.GamblingManager.ratTowerParentVariants</definition>
        <argsstring></argsstring>
        <name>ratTowerParentVariants</name>
        <qualifiedname>Gambling.GamblingManager.ratTowerParentVariants</qualifiedname>
        <briefdescription>
<para>Список возможных позиций для размещения башни с крысой. </para>
        </briefdescription>
        <detaileddescription>
        </detaileddescription>
        <inbodydescription>
        </inbodydescription>
        <location file="Gambling/GamblingManager.cs" line="37" column="21" bodyfile="Gambling/GamblingManager.cs" bodystart="37" bodyend="-1"/>
      </memberdef>
    </sectiondef>
    <sectiondef kind="private-attrib">
      <memberdef kind="variable" id="class_gambling_1_1_gambling_manager_1a4458ebcf0d43398852d5997928fbfae6" prot="private" static="no" mutable="no">
        <type>Camera</type>
        <definition>Camera Gambling.GamblingManager.cam</definition>
        <argsstring></argsstring>
        <name>cam</name>
        <qualifiedname>Gambling.GamblingManager.cam</qualifiedname>
        <briefdescription>
        </briefdescription>
        <detaileddescription>
        </detaileddescription>
        <inbodydescription>
        </inbodydescription>
        <location file="Gambling/GamblingManager.cs" line="39" column="24" bodyfile="Gambling/GamblingManager.cs" bodystart="39" bodyend="-1"/>
      </memberdef>
      <memberdef kind="variable" id="class_gambling_1_1_gambling_manager_1ab190474c301046613bf5f5293cab90f9" prot="private" static="no" mutable="no">
        <type>int</type>
        <definition>int Gambling.GamblingManager._result</definition>
        <argsstring></argsstring>
        <name>_result</name>
        <qualifiedname>Gambling.GamblingManager._result</qualifiedname>
        <briefdescription>
        </briefdescription>
        <detaileddescription>
        </detaileddescription>
        <inbodydescription>
        </inbodydescription>
        <location file="Gambling/GamblingManager.cs" line="40" column="21" bodyfile="Gambling/GamblingManager.cs" bodystart="40" bodyend="-1"/>
      </memberdef>
      <memberdef kind="variable" id="class_gambling_1_1_gambling_manager_1aa1526fbbf525b84685dee8486394aeda" prot="private" static="no" mutable="no">
        <type>bool</type>
        <definition>bool Gambling.GamblingManager._isRolling</definition>
        <argsstring></argsstring>
        <name>_isRolling</name>
        <qualifiedname>Gambling.GamblingManager._isRolling</qualifiedname>
        <briefdescription>
        </briefdescription>
        <detaileddescription>
        </detaileddescription>
        <inbodydescription>
        </inbodydescription>
        <location file="Gambling/GamblingManager.cs" line="41" column="22" bodyfile="Gambling/GamblingManager.cs" bodystart="41" bodyend="-1"/>
      </memberdef>
      <memberdef kind="variable" id="class_gambling_1_1_gambling_manager_1a58c6c9638fd03b6c4ca0afe2e36526b4" prot="private" static="no" mutable="no">
        <type>float</type>
        <definition>float Gambling.GamblingManager._time</definition>
        <argsstring></argsstring>
        <name>_time</name>
        <qualifiedname>Gambling.GamblingManager._time</qualifiedname>
        <briefdescription>
        </briefdescription>
        <detaileddescription>
        </detaileddescription>
        <inbodydescription>
        </inbodydescription>
        <location file="Gambling/GamblingManager.cs" line="42" column="23" bodyfile="Gambling/GamblingManager.cs" bodystart="42" bodyend="-1"/>
      </memberdef>
      <memberdef kind="variable" id="class_gambling_1_1_gambling_manager_1a0b978130b01e4d10d852410a0ba3b38a" prot="private" static="no" mutable="no">
        <type>float</type>
        <definition>float Gambling.GamblingManager._startAngle</definition>
        <argsstring></argsstring>
        <name>_startAngle</name>
        <qualifiedname>Gambling.GamblingManager._startAngle</qualifiedname>
        <briefdescription>
        </briefdescription>
        <detaileddescription>
        </detaileddescription>
        <inbodydescription>
        </inbodydescription>
        <location file="Gambling/GamblingManager.cs" line="43" column="23" bodyfile="Gambling/GamblingManager.cs" bodystart="43" bodyend="-1"/>
      </memberdef>
      <memberdef kind="variable" id="class_gambling_1_1_gambling_manager_1a92e91e88e0078ca6e45969e18b099614" prot="private" static="no" mutable="no">
        <type>float</type>
        <definition>float Gambling.GamblingManager._endAngle</definition>
        <argsstring></argsstring>
        <name>_endAngle</name>
        <qualifiedname>Gambling.GamblingManager._endAngle</qualifiedname>
        <briefdescription>
        </briefdescription>
        <detaileddescription>
        </detaileddescription>
        <inbodydescription>
        </inbodydescription>
        <location file="Gambling/GamblingManager.cs" line="44" column="23" bodyfile="Gambling/GamblingManager.cs" bodystart="44" bodyend="-1"/>
      </memberdef>
      <memberdef kind="variable" id="class_gambling_1_1_gambling_manager_1aa64d4d6468864b2524d38b69a5f19b54" prot="private" static="no" mutable="no">
        <type>TMP_Text[]</type>
        <definition>TMP_Text [] Gambling.GamblingManager.variants</definition>
        <argsstring></argsstring>
        <name>variants</name>
        <qualifiedname>Gambling.GamblingManager.variants</qualifiedname>
        <briefdescription>
<para>Массив текстовых элементов UI для отображения названий событий. </para>
        </briefdescription>
        <detaileddescription>
        </detaileddescription>
        <inbodydescription>
        </inbodydescription>
        <location file="Gambling/GamblingManager.cs" line="50" column="27" bodyfile="Gambling/GamblingManager.cs" bodystart="50" bodyend="-1"/>
      </memberdef>
      <memberdef kind="variable" id="class_gambling_1_1_gambling_manager_1aaaa90decd37cb863a1a694b5428d116b" prot="private" static="no" mutable="no">
        <type>RectTransform</type>
        <definition>RectTransform Gambling.GamblingManager.wheel</definition>
        <argsstring></argsstring>
        <name>wheel</name>
        <qualifiedname>Gambling.GamblingManager.wheel</qualifiedname>
        <briefdescription>
<para>Ссылка на объект колесо фортуны в интерфейсе. </para>
        </briefdescription>
        <detaileddescription>
        </detaileddescription>
        <inbodydescription>
        </inbodydescription>
        <location file="Gambling/GamblingManager.cs" line="55" column="32" bodyfile="Gambling/GamblingManager.cs" bodystart="55" bodyend="-1"/>
      </memberdef>
      <memberdef kind="variable" id="class_gambling_1_1_gambling_manager_1a95fad7cd4bd7f94c9ee18505b9b4084c" prot="private" static="no" mutable="no">
        <type>float</type>
        <definition>float Gambling.GamblingManager.rollCount</definition>
        <argsstring></argsstring>
        <name>rollCount</name>
        <qualifiedname>Gambling.GamblingManager.rollCount</qualifiedname>
        <initializer>= 3</initializer>
        <briefdescription>
<para>Количество прокрутов при запуске колеса. </para>
        </briefdescription>
        <detaileddescription>
        </detaileddescription>
        <inbodydescription>
        </inbodydescription>
        <location file="Gambling/GamblingManager.cs" line="60" column="24" bodyfile="Gambling/GamblingManager.cs" bodystart="60" bodyend="-1"/>
      </memberdef>
      <memberdef kind="variable" id="class_gambling_1_1_gambling_manager_1abad93f731acd376fb9659b1711f8f60b" prot="private" static="no" mutable="no">
        <type>float</type>
        <definition>float Gambling.GamblingManager.rollTime</definition>
        <argsstring></argsstring>
        <name>rollTime</name>
        <qualifiedname>Gambling.GamblingManager.rollTime</qualifiedname>
        <initializer>= 3</initializer>
        <briefdescription>
<para>Время прокрутки колеса. </para>
        </briefdescription>
        <detaileddescription>
        </detaileddescription>
        <inbodydescription>
        </inbodydescription>
        <location file="Gambling/GamblingManager.cs" line="65" column="24" bodyfile="Gambling/GamblingManager.cs" bodystart="65" bodyend="-1"/>
      </memberdef>
      <memberdef kind="variable" id="class_gambling_1_1_gambling_manager_1a860861237db119db3bae12716cecb3f2" prot="private" static="no" mutable="no">
        <type>float</type>
        <definition>float Gambling.GamblingManager.rollCompletionTime</definition>
        <argsstring></argsstring>
        <name>rollCompletionTime</name>
        <qualifiedname>Gambling.GamblingManager.rollCompletionTime</qualifiedname>
        <initializer>= 1</initializer>
        <briefdescription>
<para>Время, через которое будет выполнено событие после окончания прокрутки. </para>
        </briefdescription>
        <detaileddescription>
        </detaileddescription>
        <inbodydescription>
        </inbodydescription>
        <location file="Gambling/GamblingManager.cs" line="70" column="24" bodyfile="Gambling/GamblingManager.cs" bodystart="70" bodyend="-1"/>
      </memberdef>
      <memberdef kind="variable" id="class_gambling_1_1_gambling_manager_1a8ca18b5f647a57856ca7867444b42e27" prot="private" static="no" mutable="no">
        <type><ref refid="class_gambling_1_1_gambling_event" kindref="compound">GamblingEvent</ref>[]</type>
        <definition>GamblingEvent [] Gambling.GamblingManager.gamblingEvents</definition>
        <argsstring></argsstring>
        <name>gamblingEvents</name>
        <qualifiedname>Gambling.GamblingManager.gamblingEvents</qualifiedname>
        <briefdescription>
<para>Массив событий, которые могут произойти в игре. </para>
        </briefdescription>
        <detaileddescription>
        </detaileddescription>
        <inbodydescription>
        </inbodydescription>
        <location file="Gambling/GamblingManager.cs" line="75" column="32" bodyfile="Gambling/GamblingManager.cs" bodystart="75" bodyend="-1"/>
      </memberdef>
    </sectiondef>
    <sectiondef kind="private-func">
      <memberdef kind="function" id="class_gambling_1_1_gambling_manager_1ae42b37a7db514b9aa200e52bc5c35d1b" prot="private" static="no" const="no" explicit="no" inline="yes" virt="non-virtual">
        <type>void</type>
        <definition>void Gambling.GamblingManager.Start</definition>
        <argsstring>()</argsstring>
        <name>Start</name>
        <qualifiedname>Gambling.GamblingManager.Start</qualifiedname>
        <briefdescription>
<para>Метод, вызываемый при запуске игры. Инициализирует необходимые объекты. </para>
        </briefdescription>
        <detaileddescription>
        </detaileddescription>
        <inbodydescription>
        </inbodydescription>
        <location file="Gambling/GamblingManager.cs" line="80" column="22" bodyfile="Gambling/GamblingManager.cs" bodystart="80" bodyend="87"/>
      </memberdef>
      <memberdef kind="function" id="class_gambling_1_1_gambling_manager_1ab64af2f279d79ae6f9546a42f08a1779" prot="private" static="no" const="no" explicit="no" inline="yes" virt="non-virtual">
        <type>void</type>
        <definition>void Gambling.GamblingManager.RollCompleted</definition>
        <argsstring>()</argsstring>
        <name>RollCompleted</name>
        <qualifiedname>Gambling.GamblingManager.RollCompleted</qualifiedname>
        <briefdescription>
<para>Метод, который вызывается по завершению прокрутки колеса. </para>
        </briefdescription>
        <detaileddescription>
        </detaileddescription>
        <inbodydescription>
        </inbodydescription>
        <location file="Gambling/GamblingManager.cs" line="115" column="22" bodyfile="Gambling/GamblingManager.cs" bodystart="115" bodyend="121"/>
      </memberdef>
      <memberdef kind="function" id="class_gambling_1_1_gambling_manager_1a5d3efdcddb7e0e92461616cf58ffad8a" prot="private" static="no" const="no" explicit="no" inline="yes" virt="non-virtual">
        <type>void</type>
        <definition>void Gambling.GamblingManager.FixedUpdate</definition>
        <argsstring>()</argsstring>
        <name>FixedUpdate</name>
        <qualifiedname>Gambling.GamblingManager.FixedUpdate</qualifiedname>
        <briefdescription>
<para>Метод, который выполняет анимацию прокрутки колеса. </para>
        </briefdescription>
        <detaileddescription>
        </detaileddescription>
        <inbodydescription>
        </inbodydescription>
        <location file="Gambling/GamblingManager.cs" line="126" column="22" bodyfile="Gambling/GamblingManager.cs" bodystart="126" bodyend="140"/>
      </memberdef>
      <memberdef kind="function" id="class_gambling_1_1_gambling_manager_1ab0557a11c566473f5ea500a39cc38b25" prot="private" static="no" const="no" explicit="no" inline="yes" virt="non-virtual">
        <type>float</type>
        <definition>float Gambling.GamblingManager.EaseFunction</definition>
        <argsstring>(float x)</argsstring>
        <name>EaseFunction</name>
        <qualifiedname>Gambling.GamblingManager.EaseFunction</qualifiedname>
        <param>
          <type>float</type>
          <declname>x</declname>
        </param>
        <briefdescription>
<para>Функция для плавной анимации колеса (ease). </para>
        </briefdescription>
        <detaileddescription>
<para><parameterlist kind="param"><parameteritem>
<parameternamelist>
<parametername>x</parametername>
</parameternamelist>
<parameterdescription>
<para>Текущий прогресс анимации.</para>
</parameterdescription>
</parameteritem>
</parameterlist>
<simplesect kind="return"><para>Плавное значение для анимации.</para>
</simplesect>
</para>
        </detaileddescription>
        <inbodydescription>
        </inbodydescription>
        <location file="Gambling/GamblingManager.cs" line="147" column="23" bodyfile="Gambling/GamblingManager.cs" bodystart="147" bodyend="150"/>
      </memberdef>
    </sectiondef>
    <sectiondef kind="public-func">
      <memberdef kind="function" id="class_gambling_1_1_gambling_manager_1a6371a3bcbd53cdc66de1a8417ac79e76" prot="public" static="no" const="no" explicit="no" inline="yes" virt="non-virtual">
        <type>void</type>
        <definition>void Gambling.GamblingManager.RollClicked</definition>
        <argsstring>()</argsstring>
        <name>RollClicked</name>
        <qualifiedname>Gambling.GamblingManager.RollClicked</qualifiedname>
        <briefdescription>
<para>Метод, вызываемый при нажатии на кнопку для начала прокрутки колеса. </para>
        </briefdescription>
        <detaileddescription>
        </detaileddescription>
        <inbodydescription>
        </inbodydescription>
        <location file="Gambling/GamblingManager.cs" line="92" column="21" bodyfile="Gambling/GamblingManager.cs" bodystart="92" bodyend="99"/>
      </memberdef>
      <memberdef kind="function" id="class_gambling_1_1_gambling_manager_1acd0d23254c2a4d8b9ad3aef6f36f2e60" prot="public" static="no" const="no" explicit="no" inline="yes" virt="non-virtual">
        <type>void</type>
        <definition>void Gambling.GamblingManager.RollExecute</definition>
        <argsstring>()</argsstring>
        <name>RollExecute</name>
        <qualifiedname>Gambling.GamblingManager.RollExecute</qualifiedname>
        <briefdescription>
<para>Метод, который выполняет выбранное событие по результатам прокрутки. </para>
        </briefdescription>
        <detaileddescription>
        </detaileddescription>
        <inbodydescription>
        </inbodydescription>
        <location file="Gambling/GamblingManager.cs" line="104" column="21" bodyfile="Gambling/GamblingManager.cs" bodystart="104" bodyend="110"/>
      </memberdef>
      <memberdef kind="function" id="class_gambling_1_1_gambling_manager_1a997fe0fbcd2ea72b8ebad84d0cf64a62" prot="public" static="no" const="no" explicit="no" inline="no" virt="non-virtual">
        <type>int</type>
        <definition>int Gambling.GamblingManager.Roll</definition>
        <argsstring>()</argsstring>
        <name>Roll</name>
        <qualifiedname>Gambling.GamblingManager.Roll</qualifiedname>
        <briefdescription>
<para>Метод для генерации случайного результата прокрутки. </para>
        </briefdescription>
        <detaileddescription>
<para><simplesect kind="return"><para>Случайный индекс выбранного события.</para>
</simplesect>
</para>
        </detaileddescription>
        <inbodydescription>
        </inbodydescription>
        <location file="Gambling/GamblingManager.cs" line="156" column="20"/>
      </memberdef>
    </sectiondef>
    <briefdescription>
<para>Класс, управляющий всей логикой азартных игр, включая рулетку и применение случайных событий. </para>
    </briefdescription>
    <detaileddescription>
    </detaileddescription>
    <inheritancegraph>
      <node id="1">
        <label>Gambling.GamblingManager</label>
        <link refid="class_gambling_1_1_gambling_manager"/>
        <childnode refid="2" relation="public-inheritance">
        </childnode>
      </node>
      <node id="2">
        <label>MonoBehaviour</label>
      </node>
    </inheritancegraph>
    <collaborationgraph>
      <node id="1">
        <label>Gambling.GamblingManager</label>
        <link refid="class_gambling_1_1_gambling_manager"/>
        <childnode refid="2" relation="public-inheritance">
        </childnode>
        <childnode refid="3" relation="usage">
          <edgelabel>slingshot</edgelabel>
        </childnode>
        <childnode refid="4" relation="usage">
          <edgelabel>gigaCatHealth</edgelabel>
        </childnode>
        <childnode refid="5" relation="usage">
          <edgelabel>meteorSources</edgelabel>
        </childnode>
      </node>
      <node id="4">
        <label>HealthManager</label>
        <link refid="class_health_manager"/>
        <childnode refid="2" relation="public-inheritance">
        </childnode>
      </node>
      <node id="5">
        <label>MeteorSource</label>
        <link refid="class_meteor_source"/>
        <childnode refid="2" relation="public-inheritance">
        </childnode>
      </node>
      <node id="2">
        <label>MonoBehaviour</label>
      </node>
      <node id="3">
        <label>Slingshot</label>
        <link refid="class_slingshot"/>
        <childnode refid="2" relation="public-inheritance">
        </childnode>
      </node>
    </collaborationgraph>
    <location file="Gambling/GamblingManager.cs" line="12" column="11" bodyfile="Gambling/GamblingManager.cs" bodystart="13" bodyend="157"/>
    <listofallmembers>
      <member refid="class_gambling_1_1_gambling_manager_1a92e91e88e0078ca6e45969e18b099614" prot="private" virt="non-virtual"><scope>Gambling::GamblingManager</scope><name>_endAngle</name></member>
      <member refid="class_gambling_1_1_gambling_manager_1aa1526fbbf525b84685dee8486394aeda" prot="private" virt="non-virtual"><scope>Gambling::GamblingManager</scope><name>_isRolling</name></member>
      <member refid="class_gambling_1_1_gambling_manager_1ab190474c301046613bf5f5293cab90f9" prot="private" virt="non-virtual"><scope>Gambling::GamblingManager</scope><name>_result</name></member>
      <member refid="class_gambling_1_1_gambling_manager_1a0b978130b01e4d10d852410a0ba3b38a" prot="private" virt="non-virtual"><scope>Gambling::GamblingManager</scope><name>_startAngle</name></member>
      <member refid="class_gambling_1_1_gambling_manager_1a58c6c9638fd03b6c4ca0afe2e36526b4" prot="private" virt="non-virtual"><scope>Gambling::GamblingManager</scope><name>_time</name></member>
      <member refid="class_gambling_1_1_gambling_manager_1a4458ebcf0d43398852d5997928fbfae6" prot="private" virt="non-virtual"><scope>Gambling::GamblingManager</scope><name>cam</name></member>
      <member refid="class_gambling_1_1_gambling_manager_1ab0557a11c566473f5ea500a39cc38b25" prot="private" virt="non-virtual"><scope>Gambling::GamblingManager</scope><name>EaseFunction</name></member>
      <member refid="class_gambling_1_1_gambling_manager_1a5d3efdcddb7e0e92461616cf58ffad8a" prot="private" virt="non-virtual"><scope>Gambling::GamblingManager</scope><name>FixedUpdate</name></member>
      <member refid="class_gambling_1_1_gambling_manager_1a8ca18b5f647a57856ca7867444b42e27" prot="private" virt="non-virtual"><scope>Gambling::GamblingManager</scope><name>gamblingEvents</name></member>
      <member refid="class_gambling_1_1_gambling_manager_1a20af95b26adc562b9e8b1121be6e19b9" prot="public" virt="non-virtual"><scope>Gambling::GamblingManager</scope><name>gigaCatHealth</name></member>
      <member refid="class_gambling_1_1_gambling_manager_1a1a327573455564c446352acec7bd2360" prot="public" virt="non-virtual"><scope>Gambling::GamblingManager</scope><name>meteorSources</name></member>
      <member refid="class_gambling_1_1_gambling_manager_1add49e9481215881e04ccfa0a9214d8dd" prot="public" virt="non-virtual"><scope>Gambling::GamblingManager</scope><name>ratTowerParentVariants</name></member>
      <member refid="class_gambling_1_1_gambling_manager_1ab040aca14a6a87b30ad0d1ccf3a9ea7a" prot="public" virt="non-virtual"><scope>Gambling::GamblingManager</scope><name>ratTowerPrefab</name></member>
      <member refid="class_gambling_1_1_gambling_manager_1a997fe0fbcd2ea72b8ebad84d0cf64a62" prot="public" virt="non-virtual"><scope>Gambling::GamblingManager</scope><name>Roll</name></member>
      <member refid="class_gambling_1_1_gambling_manager_1a6371a3bcbd53cdc66de1a8417ac79e76" prot="public" virt="non-virtual"><scope>Gambling::GamblingManager</scope><name>RollClicked</name></member>
      <member refid="class_gambling_1_1_gambling_manager_1ab64af2f279d79ae6f9546a42f08a1779" prot="private" virt="non-virtual"><scope>Gambling::GamblingManager</scope><name>RollCompleted</name></member>
      <member refid="class_gambling_1_1_gambling_manager_1a860861237db119db3bae12716cecb3f2" prot="private" virt="non-virtual"><scope>Gambling::GamblingManager</scope><name>rollCompletionTime</name></member>
      <member refid="class_gambling_1_1_gambling_manager_1a95fad7cd4bd7f94c9ee18505b9b4084c" prot="private" virt="non-virtual"><scope>Gambling::GamblingManager</scope><name>rollCount</name></member>
      <member refid="class_gambling_1_1_gambling_manager_1acd0d23254c2a4d8b9ad3aef6f36f2e60" prot="public" virt="non-virtual"><scope>Gambling::GamblingManager</scope><name>RollExecute</name></member>
      <member refid="class_gambling_1_1_gambling_manager_1abad93f731acd376fb9659b1711f8f60b" prot="private" virt="non-virtual"><scope>Gambling::GamblingManager</scope><name>rollTime</name></member>
      <member refid="class_gambling_1_1_gambling_manager_1a87430d0775c664bffc5f223241586a8e" prot="public" virt="non-virtual"><scope>Gambling::GamblingManager</scope><name>slingshot</name></member>
      <member refid="class_gambling_1_1_gambling_manager_1ae42b37a7db514b9aa200e52bc5c35d1b" prot="private" virt="non-virtual"><scope>Gambling::GamblingManager</scope><name>Start</name></member>
      <member refid="class_gambling_1_1_gambling_manager_1aa64d4d6468864b2524d38b69a5f19b54" prot="private" virt="non-virtual"><scope>Gambling::GamblingManager</scope><name>variants</name></member>
      <member refid="class_gambling_1_1_gambling_manager_1aaaa90decd37cb863a1a694b5428d116b" prot="private" virt="non-virtual"><scope>Gambling::GamblingManager</scope><name>wheel</name></member>
    </listofallmembers>
  </compounddef>
</doxygen>
