<?xml version='1.0' encoding='UTF-8' standalone='no'?>
<doxygen xmlns:xsi="http://www.w3.org/2001/XMLSchema-instance" xsi:noNamespaceSchemaLocation="compound.xsd" version="1.13.2" xml:lang="en-US">
  <compounddef id="class_twins_throwable_cat" kind="class" language="C#" prot="public">
    <compoundname>TwinsThrowableCat</compoundname>
    <basecompoundref refid="class_throwable_cat" prot="public" virt="non-virtual">ThrowableCat</basecompoundref>
    <sectiondef kind="private-attrib">
      <memberdef kind="variable" id="class_twins_throwable_cat_1aafdedca0875994e5264a2fa2b07ecfc8" prot="private" static="no" mutable="no">
        <type>int</type>
        <definition>int TwinsThrowableCat.twinsRemain</definition>
        <argsstring></argsstring>
        <name>twinsRemain</name>
        <qualifiedname>TwinsThrowableCat.twinsRemain</qualifiedname>
        <initializer>= 2</initializer>
        <briefdescription>
<para>Количество оставшихся активных частей (две по умолчанию). </para>
        </briefdescription>
        <detaileddescription>
        </detaileddescription>
        <inbodydescription>
        </inbodydescription>
        <location file="Projectiles/TwinsThrowableCat.cs" line="14" column="17" bodyfile="Projectiles/TwinsThrowableCat.cs" bodystart="14" bodyend="-1"/>
      </memberdef>
      <memberdef kind="variable" id="class_twins_throwable_cat_1a984c711ad6133e8ef4dcfa4c399d1a45" prot="private" static="no" mutable="no">
        <type>Rigidbody[]</type>
        <definition>Rigidbody [] TwinsThrowableCat.childsRB</definition>
        <argsstring></argsstring>
        <name>childsRB</name>
        <qualifiedname>TwinsThrowableCat.childsRB</qualifiedname>
        <briefdescription>
<para>Массив физических тел для каждой части кошки. </para>
        </briefdescription>
        <detaileddescription>
        </detaileddescription>
        <inbodydescription>
        </inbodydescription>
        <location file="Projectiles/TwinsThrowableCat.cs" line="19" column="24" bodyfile="Projectiles/TwinsThrowableCat.cs" bodystart="19" bodyend="-1"/>
      </memberdef>
      <memberdef kind="variable" id="class_twins_throwable_cat_1a8ddc2e02efac60fe9b16138bcb1ace61" prot="private" static="no" mutable="no">
        <type>VisualEffect[]</type>
        <definition>VisualEffect [] TwinsThrowableCat.puffVFX</definition>
        <argsstring></argsstring>
        <name>puffVFX</name>
        <qualifiedname>TwinsThrowableCat.puffVFX</qualifiedname>
        <briefdescription>
<para>Визуальные эффекты исчезновения для каждой части. </para>
        </briefdescription>
        <detaileddescription>
        </detaileddescription>
        <inbodydescription>
        </inbodydescription>
        <location file="Projectiles/TwinsThrowableCat.cs" line="24" column="27" bodyfile="Projectiles/TwinsThrowableCat.cs" bodystart="24" bodyend="-1"/>
      </memberdef>
      <memberdef kind="variable" id="class_twins_throwable_cat_1a6b8b285fe8a7d882d96dd58535ea967a" prot="private" static="no" mutable="no">
        <type>VisualEffect[]</type>
        <definition>VisualEffect [] TwinsThrowableCat.trailsVFX</definition>
        <argsstring></argsstring>
        <name>trailsVFX</name>
        <qualifiedname>TwinsThrowableCat.trailsVFX</qualifiedname>
        <briefdescription>
<para>Визуальные эффекты следа для каждой части. </para>
        </briefdescription>
        <detaileddescription>
        </detaileddescription>
        <inbodydescription>
        </inbodydescription>
        <location file="Projectiles/TwinsThrowableCat.cs" line="29" column="27" bodyfile="Projectiles/TwinsThrowableCat.cs" bodystart="29" bodyend="-1"/>
      </memberdef>
      <memberdef kind="variable" id="class_twins_throwable_cat_1a3ddcfc970f9cccc34ce4f21a728ded40" prot="private" static="no" mutable="no">
        <type>Vector3</type>
        <definition>Vector3 TwinsThrowableCat.offsetVel</definition>
        <argsstring></argsstring>
        <name>offsetVel</name>
        <qualifiedname>TwinsThrowableCat.offsetVel</qualifiedname>
        <briefdescription>
<para>Смещение скорости между двумя частями. </para>
        </briefdescription>
        <detaileddescription>
        </detaileddescription>
        <inbodydescription>
        </inbodydescription>
        <location file="Projectiles/TwinsThrowableCat.cs" line="34" column="22" bodyfile="Projectiles/TwinsThrowableCat.cs" bodystart="34" bodyend="-1"/>
      </memberdef>
      <memberdef kind="variable" id="class_twins_throwable_cat_1a62b6a45e4a25322f86031d1f75971caf" prot="private" static="no" mutable="no">
        <type>Animator</type>
        <definition>Animator TwinsThrowableCat.animator</definition>
        <argsstring></argsstring>
        <name>animator</name>
        <qualifiedname>TwinsThrowableCat.animator</qualifiedname>
        <briefdescription>
<para>Аниматор для объекта (отключается при запуске). </para>
        </briefdescription>
        <detaileddescription>
        </detaileddescription>
        <inbodydescription>
        </inbodydescription>
        <location file="Projectiles/TwinsThrowableCat.cs" line="39" column="23" bodyfile="Projectiles/TwinsThrowableCat.cs" bodystart="39" bodyend="-1"/>
      </memberdef>
      <memberdef kind="variable" id="class_twins_throwable_cat_1ad3935fc63bea841f9784a5fa9575e8c4" prot="private" static="no" mutable="no">
        <type>Dictionary&lt; GameObject, int &gt;</type>
        <definition>Dictionary&lt;GameObject, int&gt; TwinsThrowableCat.childDamageCount</definition>
        <argsstring></argsstring>
        <name>childDamageCount</name>
        <qualifiedname>TwinsThrowableCat.childDamageCount</qualifiedname>
        <initializer>= new Dictionary&lt;GameObject, int&gt;()</initializer>
        <briefdescription>
<para>Словарь, хранящий оставшееся количество ударов для каждой части. </para>
        </briefdescription>
        <detaileddescription>
        </detaileddescription>
        <inbodydescription>
        </inbodydescription>
        <location file="Projectiles/TwinsThrowableCat.cs" line="44" column="24" bodyfile="Projectiles/TwinsThrowableCat.cs" bodystart="44" bodyend="-1"/>
      </memberdef>
    </sectiondef>
    <sectiondef kind="public-func">
      <memberdef kind="function" id="class_twins_throwable_cat_1aac57467893381a59d655492a53ed28bf" prot="public" static="no" const="no" explicit="no" inline="yes" virt="virtual">
        <type>override void</type>
        <definition>override void TwinsThrowableCat.Start</definition>
        <argsstring>()</argsstring>
        <name>Start</name>
        <qualifiedname>TwinsThrowableCat.Start</qualifiedname>
        <reimplements refid="class_throwable_cat_1a59d8977bbfa467ae983955c753e321c0">Start</reimplements>
        <briefdescription>
<para>Инициализация объекта и установка значений здоровья для частей. </para>
        </briefdescription>
        <detaileddescription>
        </detaileddescription>
        <inbodydescription>
        </inbodydescription>
        <location file="Projectiles/TwinsThrowableCat.cs" line="49" column="26" bodyfile="Projectiles/TwinsThrowableCat.cs" bodystart="49" bodyend="54"/>
      </memberdef>
      <memberdef kind="function" id="class_twins_throwable_cat_1ac4b8cee860608fcd137b7f54b32ca1b5" prot="public" static="no" const="no" explicit="no" inline="yes" virt="virtual">
        <type>override void</type>
        <definition>override void TwinsThrowableCat.Launch</definition>
        <argsstring>(Vector3 vel, Vector3? finalPos=null)</argsstring>
        <name>Launch</name>
        <qualifiedname>TwinsThrowableCat.Launch</qualifiedname>
        <reimplements refid="class_throwable_cat_1ad2659f2677062288074d19709af126b9">Launch</reimplements>
        <param>
          <type>Vector3</type>
          <declname>vel</declname>
        </param>
        <param>
          <type>Vector3?</type>
          <declname>finalPos</declname>
          <defval>null</defval>
        </param>
        <briefdescription>
<para>Запускает кошек-близнецов в движение. </para>
        </briefdescription>
        <detaileddescription>
<para><parameterlist kind="param"><parameteritem>
<parameternamelist>
<parametername>vel</parametername>
</parameternamelist>
<parameterdescription>
<para>Скорость броска.</para>
</parameterdescription>
</parameteritem>
<parameteritem>
<parameternamelist>
<parametername>finalPos</parametername>
</parameternamelist>
<parameterdescription>
<para>Финальная позиция (необязательно).</para>
</parameterdescription>
</parameteritem>
</parameterlist>
</para>
        </detaileddescription>
        <inbodydescription>
        </inbodydescription>
        <location file="Projectiles/TwinsThrowableCat.cs" line="61" column="26" bodyfile="Projectiles/TwinsThrowableCat.cs" bodystart="61" bodyend="79"/>
      </memberdef>
      <memberdef kind="function" id="class_twins_throwable_cat_1ab8658534fe528f8691ff8d944bc3c1ab" prot="public" static="no" const="no" explicit="no" inline="yes" virt="virtual">
        <type>override void</type>
        <definition>override void TwinsThrowableCat.MakeMeKinematic</definition>
        <argsstring>(bool _state)</argsstring>
        <name>MakeMeKinematic</name>
        <qualifiedname>TwinsThrowableCat.MakeMeKinematic</qualifiedname>
        <reimplements refid="class_throwable_cat_1a677c9f0d632a62a542a7b31c2848e120">MakeMeKinematic</reimplements>
        <param>
          <type>bool</type>
          <declname>_state</declname>
        </param>
        <briefdescription>
<para>Устанавливает кинематическое состояние для обеих частей. </para>
        </briefdescription>
        <detaileddescription>
<para><parameterlist kind="param"><parameteritem>
<parameternamelist>
<parametername>_state</parametername>
</parameternamelist>
<parameterdescription>
<para>True - кинематическое, False - динамическое.</para>
</parameterdescription>
</parameteritem>
</parameterlist>
</para>
        </detaileddescription>
        <inbodydescription>
        </inbodydescription>
        <location file="Projectiles/TwinsThrowableCat.cs" line="85" column="26" bodyfile="Projectiles/TwinsThrowableCat.cs" bodystart="85" bodyend="89"/>
      </memberdef>
      <memberdef kind="function" id="class_twins_throwable_cat_1adffa1f56f3ba70500af39ae4ca00ff96" prot="public" static="no" const="no" explicit="no" inline="yes" virt="virtual">
        <type>override void</type>
        <definition>override void TwinsThrowableCat.SetVelocity</definition>
        <argsstring>(Vector3 vel)</argsstring>
        <name>SetVelocity</name>
        <qualifiedname>TwinsThrowableCat.SetVelocity</qualifiedname>
        <reimplements refid="class_throwable_cat_1a998bd5e21b31426825aa91a0afcd0480">SetVelocity</reimplements>
        <param>
          <type>Vector3</type>
          <declname>vel</declname>
        </param>
        <briefdescription>
<para>Устанавливает скорость для обеих частей. </para>
        </briefdescription>
        <detaileddescription>
<para><parameterlist kind="param"><parameteritem>
<parameternamelist>
<parametername>vel</parametername>
</parameternamelist>
<parameterdescription>
<para>Вектор скорости.</para>
</parameterdescription>
</parameteritem>
</parameterlist>
</para>
        </detaileddescription>
        <inbodydescription>
        </inbodydescription>
        <location file="Projectiles/TwinsThrowableCat.cs" line="95" column="26" bodyfile="Projectiles/TwinsThrowableCat.cs" bodystart="95" bodyend="99"/>
      </memberdef>
      <memberdef kind="function" id="class_twins_throwable_cat_1ae7f496a6371d640129b38dd048e4c423" prot="public" static="no" const="no" explicit="no" inline="yes" virt="virtual">
        <type>override float</type>
        <definition>override float TwinsThrowableCat.GetMass</definition>
        <argsstring>()</argsstring>
        <name>GetMass</name>
        <qualifiedname>TwinsThrowableCat.GetMass</qualifiedname>
        <reimplements refid="class_throwable_cat_1aae705fcf0792e5f207d4290bfb1e73af">GetMass</reimplements>
        <briefdescription>
<para>Возвращает массу одной из частей. </para>
        </briefdescription>
        <detaileddescription>
<para><simplesect kind="return"><para>Масса первой доступной части.</para>
</simplesect>
</para>
        </detaileddescription>
        <inbodydescription>
        </inbodydescription>
        <location file="Projectiles/TwinsThrowableCat.cs" line="105" column="27" bodyfile="Projectiles/TwinsThrowableCat.cs" bodystart="105" bodyend="110"/>
      </memberdef>
      <memberdef kind="function" id="class_twins_throwable_cat_1aad4980179a83509defe31255050ca6e0" prot="public" static="no" const="no" explicit="no" inline="yes" virt="non-virtual">
        <type>void</type>
        <definition>void TwinsThrowableCat.TwinDidDamage</definition>
        <argsstring>(GameObject who, HealthManager hpDamaged)</argsstring>
        <name>TwinDidDamage</name>
        <qualifiedname>TwinsThrowableCat.TwinDidDamage</qualifiedname>
        <param>
          <type>GameObject</type>
          <declname>who</declname>
        </param>
        <param>
          <type><ref refid="class_health_manager" kindref="compound">HealthManager</ref></type>
          <declname>hpDamaged</declname>
        </param>
        <briefdescription>
<para>Обрабатывает нанесение урона одной из частей кошек-близнецов. </para>
        </briefdescription>
        <detaileddescription>
<para><parameterlist kind="param"><parameteritem>
<parameternamelist>
<parametername>who</parametername>
</parameternamelist>
<parameterdescription>
<para>Часть кошки, которая нанесла урон.</para>
</parameterdescription>
</parameteritem>
<parameteritem>
<parameternamelist>
<parametername>hpDamaged</parametername>
</parameternamelist>
<parameterdescription>
<para>Объект, который получил урон.</para>
</parameterdescription>
</parameteritem>
</parameterlist>
</para>
        </detaileddescription>
        <inbodydescription>
        </inbodydescription>
        <location file="Projectiles/TwinsThrowableCat.cs" line="117" column="17" bodyfile="Projectiles/TwinsThrowableCat.cs" bodystart="117" bodyend="137"/>
      </memberdef>
    </sectiondef>
    <briefdescription>
<para>Класс для метаемой кошки-близнецов, которая состоит из двух отдельных частей. </para>
    </briefdescription>
    <detaileddescription>
    </detaileddescription>
    <inheritancegraph>
      <node id="3">
        <label>MonoBehaviour</label>
      </node>
      <node id="2">
        <label>ThrowableCat</label>
        <link refid="class_throwable_cat"/>
        <childnode refid="3" relation="public-inheritance">
        </childnode>
      </node>
      <node id="1">
        <label>TwinsThrowableCat</label>
        <link refid="class_twins_throwable_cat"/>
        <childnode refid="2" relation="public-inheritance">
        </childnode>
      </node>
    </inheritancegraph>
    <collaborationgraph>
      <node id="4">
        <label>GameManager</label>
        <link refid="class_game_manager"/>
        <childnode refid="3" relation="public-inheritance">
        </childnode>
      </node>
      <node id="3">
        <label>MonoBehaviour</label>
      </node>
      <node id="2">
        <label>ThrowableCat</label>
        <link refid="class_throwable_cat"/>
        <childnode refid="3" relation="public-inheritance">
        </childnode>
        <childnode refid="4" relation="usage">
          <edgelabel>type</edgelabel>
        </childnode>
      </node>
      <node id="1">
        <label>TwinsThrowableCat</label>
        <link refid="class_twins_throwable_cat"/>
        <childnode refid="2" relation="public-inheritance">
        </childnode>
      </node>
    </collaborationgraph>
    <location file="Projectiles/TwinsThrowableCat.cs" line="9" column="7" bodyfile="Projectiles/TwinsThrowableCat.cs" bodystart="10" bodyend="139"/>
    <listofallmembers>
      <member refid="class_throwable_cat_1aaca5232d0f1b7b3ae46dc62440a372ff" prot="protected" virt="non-virtual"><scope>TwinsThrowableCat</scope><name>AmountOfAvaliableDamage</name></member>
      <member refid="class_twins_throwable_cat_1a62b6a45e4a25322f86031d1f75971caf" prot="private" virt="non-virtual"><scope>TwinsThrowableCat</scope><name>animator</name></member>
      <member refid="class_twins_throwable_cat_1ad3935fc63bea841f9784a5fa9575e8c4" prot="private" virt="non-virtual"><scope>TwinsThrowableCat</scope><name>childDamageCount</name></member>
      <member refid="class_twins_throwable_cat_1a984c711ad6133e8ef4dcfa4c399d1a45" prot="private" virt="non-virtual"><scope>TwinsThrowableCat</scope><name>childsRB</name></member>
      <member refid="class_throwable_cat_1a6dc9068c7fd2781e6b02d0c7e7150fff" prot="public" virt="virtual"><scope>TwinsThrowableCat</scope><name>GetCustomGravity</name></member>
      <member refid="class_twins_throwable_cat_1ae7f496a6371d640129b38dd048e4c423" prot="public" virt="virtual"><scope>TwinsThrowableCat</scope><name>GetMass</name></member>
      <member refid="class_throwable_cat_1adaacee67d6d96b928854bbb6206375e0" prot="protected" virt="non-virtual"><scope>TwinsThrowableCat</scope><name>hitDamange</name></member>
      <member refid="class_throwable_cat_1a0bd649c9fc25767442e71bb7ff288724" prot="protected" virt="non-virtual"><scope>TwinsThrowableCat</scope><name>hitSound</name></member>
      <member refid="class_twins_throwable_cat_1ac4b8cee860608fcd137b7f54b32ca1b5" prot="public" virt="virtual"><scope>TwinsThrowableCat</scope><name>Launch</name></member>
      <member refid="class_twins_throwable_cat_1ab8658534fe528f8691ff8d944bc3c1ab" prot="public" virt="virtual"><scope>TwinsThrowableCat</scope><name>MakeMeKinematic</name></member>
      <member refid="class_throwable_cat_1accc574e28b5d27bbe4d31a820febbf8e" prot="protected" virt="non-virtual"><scope>TwinsThrowableCat</scope><name>maxAmountDmg</name></member>
      <member refid="class_twins_throwable_cat_1a3ddcfc970f9cccc34ce4f21a728ded40" prot="private" virt="non-virtual"><scope>TwinsThrowableCat</scope><name>offsetVel</name></member>
      <member refid="class_throwable_cat_1a8e6b1246c6afe4844eac288575a7cd2c" prot="protected" virt="virtual"><scope>TwinsThrowableCat</scope><name>OnCollisionEnter</name></member>
      <member refid="class_throwable_cat_1a84f4b0e1aa53cad8ac458b43fb78e48e" prot="public" virt="non-virtual"><scope>TwinsThrowableCat</scope><name>PlayVFX</name></member>
      <member refid="class_twins_throwable_cat_1a8ddc2e02efac60fe9b16138bcb1ace61" prot="private" virt="non-virtual"><scope>TwinsThrowableCat</scope><name>puffVFX</name></member>
      <member refid="class_throwable_cat_1ab114c984f04720a4f711e5fd7e8840c9" prot="protected" virt="non-virtual"><scope>TwinsThrowableCat</scope><name>rb</name></member>
      <member refid="class_twins_throwable_cat_1adffa1f56f3ba70500af39ae4ca00ff96" prot="public" virt="virtual"><scope>TwinsThrowableCat</scope><name>SetVelocity</name></member>
      <member refid="class_twins_throwable_cat_1aac57467893381a59d655492a53ed28bf" prot="public" virt="virtual"><scope>TwinsThrowableCat</scope><name>Start</name></member>
      <member refid="class_throwable_cat_1ab106593a1f28926a7faee51a431dad67" prot="protected" virt="non-virtual"><scope>TwinsThrowableCat</scope><name>throwSound</name></member>
      <member refid="class_throwable_cat_1ab0f52528c17aafe23150f47200b7d98d" prot="protected" virt="non-virtual"><scope>TwinsThrowableCat</scope><name>timeDespawn</name></member>
      <member refid="class_twins_throwable_cat_1a6b8b285fe8a7d882d96dd58535ea967a" prot="private" virt="non-virtual"><scope>TwinsThrowableCat</scope><name>trailsVFX</name></member>
      <member refid="class_throwable_cat_1a04dbef0fc1e250f68d7cb3367ea7c919" prot="protected" virt="non-virtual"><scope>TwinsThrowableCat</scope><name>trailVFX</name></member>
      <member refid="class_twins_throwable_cat_1aad4980179a83509defe31255050ca6e0" prot="public" virt="non-virtual"><scope>TwinsThrowableCat</scope><name>TwinDidDamage</name></member>
      <member refid="class_twins_throwable_cat_1aafdedca0875994e5264a2fa2b07ecfc8" prot="private" virt="non-virtual"><scope>TwinsThrowableCat</scope><name>twinsRemain</name></member>
      <member refid="class_throwable_cat_1a1610159512b1765582744ed2cf57aa83" prot="public" virt="non-virtual"><scope>TwinsThrowableCat</scope><name>type</name></member>
      <member refid="class_throwable_cat_1a6db21295876c0d7ea2e3a3f82b53821a" prot="protected" virt="non-virtual"><scope>TwinsThrowableCat</scope><name>vfxPuff</name></member>
    </listofallmembers>
  </compounddef>
</doxygen>
