<?xml version='1.0' encoding='UTF-8' standalone='no'?>
<doxygen xmlns:xsi="http://www.w3.org/2001/XMLSchema-instance" xsi:noNamespaceSchemaLocation="compound.xsd" version="1.13.2" xml:lang="en-US">
  <compounddef id="class_music_manager" kind="class" language="C#" prot="public">
    <compoundname>MusicManager</compoundname>
    <basecompoundref prot="public" virt="non-virtual">MonoBehaviour</basecompoundref>
    <sectiondef kind="private-attrib">
      <memberdef kind="variable" id="class_music_manager_1a7dbb5bee31af34ec674947912015dcac" prot="private" static="no" mutable="no">
        <type>bool</type>
        <definition>bool MusicManager.fadeMusic</definition>
        <argsstring></argsstring>
        <name>fadeMusic</name>
        <qualifiedname>MusicManager.fadeMusic</qualifiedname>
        <briefdescription>
<para>Флаг, который указывает, что нужно выполнять затухание музыки. </para>
        </briefdescription>
        <detaileddescription>
        </detaileddescription>
        <inbodydescription>
        </inbodydescription>
        <location file="MusicManager.cs" line="11" column="18" bodyfile="MusicManager.cs" bodystart="11" bodyend="-1"/>
      </memberdef>
      <memberdef kind="variable" id="class_music_manager_1a9950102582b3b627604799560267e42c" prot="private" static="no" mutable="no">
        <type>bool</type>
        <definition>bool MusicManager.islowersound</definition>
        <argsstring></argsstring>
        <name>islowersound</name>
        <qualifiedname>MusicManager.islowersound</qualifiedname>
        <briefdescription>
<para>Флаг, который указывает, нужно ли уменьшать громкость (или увеличивать). </para>
        </briefdescription>
        <detaileddescription>
        </detaileddescription>
        <inbodydescription>
        </inbodydescription>
        <location file="MusicManager.cs" line="16" column="18" bodyfile="MusicManager.cs" bodystart="16" bodyend="-1"/>
      </memberdef>
      <memberdef kind="variable" id="class_music_manager_1a0cade182b19f88653b083b7a02126036" prot="private" static="no" mutable="no">
        <type>float</type>
        <definition>float MusicManager.timeFade</definition>
        <argsstring></argsstring>
        <name>timeFade</name>
        <qualifiedname>MusicManager.timeFade</qualifiedname>
        <briefdescription>
<para>Время, необходимое для полного затухания или увеличения громкости. </para>
        </briefdescription>
        <detaileddescription>
        </detaileddescription>
        <inbodydescription>
        </inbodydescription>
        <location file="MusicManager.cs" line="21" column="19" bodyfile="MusicManager.cs" bodystart="21" bodyend="-1"/>
      </memberdef>
      <memberdef kind="variable" id="class_music_manager_1a7a42cb8ffde415f2c7734af854b3b750" prot="private" static="no" mutable="no">
        <type>float</type>
        <definition>float MusicManager.maxVol</definition>
        <argsstring></argsstring>
        <name>maxVol</name>
        <qualifiedname>MusicManager.maxVol</qualifiedname>
        <briefdescription>
<para>Максимальная громкость для увеличения (если islowersound = false). </para>
        </briefdescription>
        <detaileddescription>
        </detaileddescription>
        <inbodydescription>
        </inbodydescription>
        <location file="MusicManager.cs" line="26" column="19" bodyfile="MusicManager.cs" bodystart="26" bodyend="-1"/>
      </memberdef>
      <memberdef kind="variable" id="class_music_manager_1a1c16d18fde1107fe755075dc84b92803" prot="private" static="no" mutable="no">
        <type>AudioSource</type>
        <definition>AudioSource MusicManager.audioSource</definition>
        <argsstring></argsstring>
        <name>audioSource</name>
        <qualifiedname>MusicManager.audioSource</qualifiedname>
        <briefdescription>
<para>Ссылка на компонент AudioSource, который управляет воспроизведением музыки. </para>
        </briefdescription>
        <detaileddescription>
        </detaileddescription>
        <inbodydescription>
        </inbodydescription>
        <location file="MusicManager.cs" line="31" column="25" bodyfile="MusicManager.cs" bodystart="31" bodyend="-1"/>
      </memberdef>
      <memberdef kind="variable" id="class_music_manager_1a7aa5506caf31abb20c5d19fb1570e857" prot="private" static="no" mutable="no">
        <type>float</type>
        <definition>float MusicManager.tLerp</definition>
        <argsstring></argsstring>
        <name>tLerp</name>
        <qualifiedname>MusicManager.tLerp</qualifiedname>
        <briefdescription>
<para>Текущий прогресс интерполяции (от 0 до 1) для затухания или увеличения громкости. </para>
        </briefdescription>
        <detaileddescription>
        </detaileddescription>
        <inbodydescription>
        </inbodydescription>
        <location file="MusicManager.cs" line="36" column="19" bodyfile="MusicManager.cs" bodystart="36" bodyend="-1"/>
      </memberdef>
      <memberdef kind="variable" id="class_music_manager_1aad4af408f154da7ad83f8b695f3b7308" prot="private" static="no" mutable="no">
        <type>float</type>
        <definition>float MusicManager.startVol</definition>
        <argsstring></argsstring>
        <name>startVol</name>
        <qualifiedname>MusicManager.startVol</qualifiedname>
        <briefdescription>
<para>Исходная громкость музыки перед началом изменения. </para>
        </briefdescription>
        <detaileddescription>
        </detaileddescription>
        <inbodydescription>
        </inbodydescription>
        <location file="MusicManager.cs" line="41" column="19" bodyfile="MusicManager.cs" bodystart="41" bodyend="-1"/>
      </memberdef>
    </sectiondef>
    <sectiondef kind="public-func">
      <memberdef kind="function" id="class_music_manager_1a1a7799f48fd9983267f04184d17b52f8" prot="public" static="no" const="no" explicit="no" inline="yes" virt="non-virtual">
        <type>void</type>
        <definition>void MusicManager.FadeMusic</definition>
        <argsstring>(AudioSource _audioSource, bool _islowersound, float _timeFade=1, float _maxVol=1)</argsstring>
        <name>FadeMusic</name>
        <qualifiedname>MusicManager.FadeMusic</qualifiedname>
        <param>
          <type>AudioSource</type>
          <declname>_audioSource</declname>
        </param>
        <param>
          <type>bool</type>
          <declname>_islowersound</declname>
        </param>
        <param>
          <type>float</type>
          <declname>_timeFade</declname>
          <defval>1</defval>
        </param>
        <param>
          <type>float</type>
          <declname>_maxVol</declname>
          <defval>1</defval>
        </param>
        <briefdescription>
<para>Метод для начала процесса затухания или увеличения громкости музыки. </para>
        </briefdescription>
        <detaileddescription>
<para><parameterlist kind="param"><parameteritem>
<parameternamelist>
<parametername>_audioSource</parametername>
</parameternamelist>
<parameterdescription>
<para>AudioSource, для которого будет выполнено изменение громкости.</para>
</parameterdescription>
</parameteritem>
<parameteritem>
<parameternamelist>
<parametername>_islowersound</parametername>
</parameternamelist>
<parameterdescription>
<para>Если true, то громкость будет уменьшаться, иначе увеличиваться.</para>
</parameterdescription>
</parameteritem>
<parameteritem>
<parameternamelist>
<parametername>_timeFade</parametername>
</parameternamelist>
<parameterdescription>
<para>Время, за которое будет изменена громкость (по умолчанию 1 секунда).</para>
</parameterdescription>
</parameteritem>
<parameteritem>
<parameternamelist>
<parametername>_maxVol</parametername>
</parameternamelist>
<parameterdescription>
<para>Максимальная громкость, до которой нужно поднять звук (по умолчанию 1).</para>
</parameterdescription>
</parameteritem>
</parameterlist>
</para>
        </detaileddescription>
        <inbodydescription>
        </inbodydescription>
        <location file="MusicManager.cs" line="50" column="17" bodyfile="MusicManager.cs" bodystart="50" bodyend="59"/>
      </memberdef>
    </sectiondef>
    <sectiondef kind="private-func">
      <memberdef kind="function" id="class_music_manager_1afc1d6424c97b2fd46412b57e863fa58e" prot="private" static="no" const="no" explicit="no" inline="yes" virt="non-virtual">
        <type>void</type>
        <definition>void MusicManager.Update</definition>
        <argsstring>()</argsstring>
        <name>Update</name>
        <qualifiedname>MusicManager.Update</qualifiedname>
        <briefdescription>
        </briefdescription>
        <detaileddescription>
        </detaileddescription>
        <inbodydescription>
        </inbodydescription>
        <location file="MusicManager.cs" line="61" column="10" bodyfile="MusicManager.cs" bodystart="61" bodyend="82"/>
      </memberdef>
    </sectiondef>
    <briefdescription>
<para>Класс, отвечающий за проигрывание музыки </para>
    </briefdescription>
    <detaileddescription>
    </detaileddescription>
    <inheritancegraph>
      <node id="2">
        <label>MonoBehaviour</label>
      </node>
      <node id="1">
        <label>MusicManager</label>
        <link refid="class_music_manager"/>
        <childnode refid="2" relation="public-inheritance">
        </childnode>
      </node>
    </inheritancegraph>
    <collaborationgraph>
      <node id="2">
        <label>MonoBehaviour</label>
      </node>
      <node id="1">
        <label>MusicManager</label>
        <link refid="class_music_manager"/>
        <childnode refid="2" relation="public-inheritance">
        </childnode>
      </node>
    </collaborationgraph>
    <location file="MusicManager.cs" line="6" column="7" bodyfile="MusicManager.cs" bodystart="7" bodyend="83"/>
    <listofallmembers>
      <member refid="class_music_manager_1a1c16d18fde1107fe755075dc84b92803" prot="private" virt="non-virtual"><scope>MusicManager</scope><name>audioSource</name></member>
      <member refid="class_music_manager_1a1a7799f48fd9983267f04184d17b52f8" prot="public" virt="non-virtual"><scope>MusicManager</scope><name>FadeMusic</name></member>
      <member refid="class_music_manager_1a7dbb5bee31af34ec674947912015dcac" prot="private" virt="non-virtual"><scope>MusicManager</scope><name>fadeMusic</name></member>
      <member refid="class_music_manager_1a9950102582b3b627604799560267e42c" prot="private" virt="non-virtual"><scope>MusicManager</scope><name>islowersound</name></member>
      <member refid="class_music_manager_1a7a42cb8ffde415f2c7734af854b3b750" prot="private" virt="non-virtual"><scope>MusicManager</scope><name>maxVol</name></member>
      <member refid="class_music_manager_1aad4af408f154da7ad83f8b695f3b7308" prot="private" virt="non-virtual"><scope>MusicManager</scope><name>startVol</name></member>
      <member refid="class_music_manager_1a0cade182b19f88653b083b7a02126036" prot="private" virt="non-virtual"><scope>MusicManager</scope><name>timeFade</name></member>
      <member refid="class_music_manager_1a7aa5506caf31abb20c5d19fb1570e857" prot="private" virt="non-virtual"><scope>MusicManager</scope><name>tLerp</name></member>
      <member refid="class_music_manager_1afc1d6424c97b2fd46412b57e863fa58e" prot="private" virt="non-virtual"><scope>MusicManager</scope><name>Update</name></member>
    </listofallmembers>
  </compounddef>
</doxygen>
