<?xml version='1.0' encoding='UTF-8' standalone='no'?>
<doxygen xmlns:xsi="http://www.w3.org/2001/XMLSchema-instance" xsi:noNamespaceSchemaLocation="compound.xsd" version="1.13.2" xml:lang="en-US">
  <compounddef id="class_gambling_1_1_positive_1_1_increase_giga_cat_health_event" kind="class" language="C#" prot="public">
    <compoundname>Gambling::Positive::IncreaseGigaCatHealthEvent</compoundname>
    <basecompoundref refid="class_gambling_1_1_gambling_event" prot="public" virt="non-virtual">Gambling.GamblingEvent</basecompoundref>
    <sectiondef kind="private-attrib">
      <memberdef kind="variable" id="class_gambling_1_1_positive_1_1_increase_giga_cat_health_event_1a3a6f66a3c9fcc00b57d4f927d9449c45" prot="private" static="no" mutable="no">
        <type>float</type>
        <definition>float Gambling.Positive.IncreaseGigaCatHealthEvent.factor</definition>
        <argsstring></argsstring>
        <name>factor</name>
        <qualifiedname>Gambling.Positive.IncreaseGigaCatHealthEvent.factor</qualifiedname>
        <initializer>= 1.3f</initializer>
        <briefdescription>
<para>Коэффициент увеличения здоровья. </para>
        </briefdescription>
        <detaileddescription>
        </detaileddescription>
        <inbodydescription>
        </inbodydescription>
        <location file="Gambling/Positive/IncreaseGigaCatHealthEvent.cs" line="15" column="24" bodyfile="Gambling/Positive/IncreaseGigaCatHealthEvent.cs" bodystart="15" bodyend="-1"/>
      </memberdef>
    </sectiondef>
    <sectiondef kind="property">
      <memberdef kind="property" id="class_gambling_1_1_positive_1_1_increase_giga_cat_health_event_1a20dbbe441326b000eceaa72f46624af2" prot="public" static="no" readable="no" writable="no" gettable="yes" privategettable="no" protectedgettable="no" settable="no" privatesettable="no" protectedsettable="no">
        <type>override string</type>
        <definition>override string Gambling.Positive.IncreaseGigaCatHealthEvent.Name</definition>
        <argsstring></argsstring>
        <name>Name</name>
        <qualifiedname>Gambling.Positive.IncreaseGigaCatHealthEvent.Name</qualifiedname>
        <briefdescription>
<para>Имя события. </para>
        </briefdescription>
        <detaileddescription>
        </detaileddescription>
        <inbodydescription>
        </inbodydescription>
        <location file="Gambling/Positive/IncreaseGigaCatHealthEvent.cs" line="20" column="32" bodyfile="Gambling/Positive/IncreaseGigaCatHealthEvent.cs" bodystart="20" bodyend="-1"/>
      </memberdef>
    </sectiondef>
    <sectiondef kind="public-func">
      <memberdef kind="function" id="class_gambling_1_1_positive_1_1_increase_giga_cat_health_event_1a08204f5f13bcb7ebe80c8af513fc6766" prot="public" static="no" const="no" explicit="no" inline="yes" virt="non-virtual">
        <type>override void</type>
        <definition>override void Gambling.Positive.IncreaseGigaCatHealthEvent.Execute</definition>
        <argsstring>(WheelOfFortune manager)</argsstring>
        <name>Execute</name>
        <qualifiedname>Gambling.Positive.IncreaseGigaCatHealthEvent.Execute</qualifiedname>
        <param>
          <type><ref refid="class_wheel_of_fortune" kindref="compound">WheelOfFortune</ref></type>
          <declname>manager</declname>
        </param>
        <briefdescription>
<para>Метод для выполнения события с использованием <ref refid="class_wheel_of_fortune" kindref="compound">WheelOfFortune</ref>. Увеличивает здоровье большого кота на заданный коэффициент. </para>
        </briefdescription>
        <detaileddescription>
<para><parameterlist kind="param"><parameteritem>
<parameternamelist>
<parametername>manager</parametername>
</parameternamelist>
<parameterdescription>
<para>Менеджер, отвечающий за управление колесом фортуны.</para>
</parameterdescription>
</parameteritem>
</parameterlist>
</para>
        </detaileddescription>
        <inbodydescription>
        </inbodydescription>
        <location file="Gambling/Positive/IncreaseGigaCatHealthEvent.cs" line="27" column="30" bodyfile="Gambling/Positive/IncreaseGigaCatHealthEvent.cs" bodystart="27" bodyend="33"/>
      </memberdef>
    </sectiondef>
    <briefdescription>
<para>Событие, которое увеличивает здоровье большого кота. </para>
    </briefdescription>
    <detaileddescription>
    </detaileddescription>
    <inheritancegraph>
      <node id="1">
        <label>Gambling.Positive.IncreaseGigaCatHealthEvent</label>
        <link refid="class_gambling_1_1_positive_1_1_increase_giga_cat_health_event"/>
        <childnode refid="2" relation="public-inheritance">
        </childnode>
      </node>
      <node id="2">
        <label>Gambling.GamblingEvent</label>
        <link refid="class_gambling_1_1_gambling_event"/>
        <childnode refid="3" relation="public-inheritance">
        </childnode>
      </node>
      <node id="3">
        <label>ScriptableObject</label>
      </node>
    </inheritancegraph>
    <collaborationgraph>
      <node id="1">
        <label>Gambling.Positive.IncreaseGigaCatHealthEvent</label>
        <link refid="class_gambling_1_1_positive_1_1_increase_giga_cat_health_event"/>
        <childnode refid="2" relation="public-inheritance">
        </childnode>
      </node>
      <node id="2">
        <label>Gambling.GamblingEvent</label>
        <link refid="class_gambling_1_1_gambling_event"/>
        <childnode refid="3" relation="public-inheritance">
        </childnode>
      </node>
      <node id="3">
        <label>ScriptableObject</label>
      </node>
    </collaborationgraph>
    <location file="Gambling/Positive/IncreaseGigaCatHealthEvent.cs" line="10" column="11" bodyfile="Gambling/Positive/IncreaseGigaCatHealthEvent.cs" bodystart="11" bodyend="34"/>
    <listofallmembers>
      <member refid="class_gambling_1_1_positive_1_1_increase_giga_cat_health_event_1a08204f5f13bcb7ebe80c8af513fc6766" prot="public" virt="non-virtual"><scope>Gambling::Positive::IncreaseGigaCatHealthEvent</scope><name>Execute</name></member>
      <member refid="class_gambling_1_1_gambling_event_1a911a99e82974e8d38663d41c764e4eb1" prot="public" virt="non-virtual" ambiguityscope="Gambling::GamblingEvent."><scope>Gambling::Positive::IncreaseGigaCatHealthEvent</scope><name>Execute</name></member>
      <member refid="class_gambling_1_1_positive_1_1_increase_giga_cat_health_event_1a3a6f66a3c9fcc00b57d4f927d9449c45" prot="private" virt="non-virtual"><scope>Gambling::Positive::IncreaseGigaCatHealthEvent</scope><name>factor</name></member>
      <member refid="class_gambling_1_1_positive_1_1_increase_giga_cat_health_event_1a20dbbe441326b000eceaa72f46624af2" prot="public" virt="non-virtual"><scope>Gambling::Positive::IncreaseGigaCatHealthEvent</scope><name>Name</name></member>
    </listofallmembers>
  </compounddef>
</doxygen>
