<?xml version='1.0' encoding='UTF-8' standalone='no'?>
<doxygen xmlns:xsi="http://www.w3.org/2001/XMLSchema-instance" xsi:noNamespaceSchemaLocation="compound.xsd" version="1.13.2" xml:lang="en-US">
  <compounddef id="class_a_i_1_1_giga_cat_a_i" kind="class" language="C#" prot="public">
    <compoundname>AI::GigaCatAI</compoundname>
    <basecompoundref prot="public" virt="non-virtual">MonoBehaviour</basecompoundref>
    <sectiondef kind="private-type">
      <memberdef kind="enum" id="class_a_i_1_1_giga_cat_a_i_1a8336928cb8007c89bd795d09b600a476" prot="private" static="no" strong="yes">
        <type></type>
        <name>state</name>
        <qualifiedname>AI.GigaCatAI.state</qualifiedname>
        <enumvalue id="class_a_i_1_1_giga_cat_a_i_1a8336928cb8007c89bd795d09b600a476aec2f993aec2c27fc750119ab17b16cdb" prot="private">
          <name>idle</name>
          <briefdescription>
          </briefdescription>
          <detaileddescription>
          </detaileddescription>
        </enumvalue>
        <enumvalue id="class_a_i_1_1_giga_cat_a_i_1a8336928cb8007c89bd795d09b600a476a46f9631576015f35f527af2bc67351a6" prot="private">
          <name>walk</name>
          <briefdescription>
          </briefdescription>
          <detaileddescription>
          </detaileddescription>
        </enumvalue>
        <enumvalue id="class_a_i_1_1_giga_cat_a_i_1a8336928cb8007c89bd795d09b600a476afc7e987f23de5bd6562b7c0063cad659" prot="private">
          <name>attack</name>
          <briefdescription>
          </briefdescription>
          <detaileddescription>
          </detaileddescription>
        </enumvalue>
        <briefdescription>
<para>Перечисление состояний гигантской кошки. </para>
        </briefdescription>
        <detaileddescription>
        </detaileddescription>
        <inbodydescription>
        </inbodydescription>
        <location file="AI/GigaCatAI.cs" line="86" column="16" bodyfile="AI/GigaCatAI.cs" bodystart="87" bodyend="91"/>
      </memberdef>
    </sectiondef>
    <sectiondef kind="private-attrib">
      <memberdef kind="variable" id="class_a_i_1_1_giga_cat_a_i_1a57b8c5ada5f6f0cbca2b3b9dbf246579" prot="private" static="no" mutable="no">
        <type>NavMeshAgent</type>
        <definition>NavMeshAgent AI.GigaCatAI.agent</definition>
        <argsstring></argsstring>
        <name>agent</name>
        <qualifiedname>AI.GigaCatAI.agent</qualifiedname>
        <briefdescription>
<para>Навигационный агент для перемещения кошки по миру. </para>
        </briefdescription>
        <detaileddescription>
        </detaileddescription>
        <inbodydescription>
        </inbodydescription>
        <location file="AI/GigaCatAI.cs" line="15" column="31" bodyfile="AI/GigaCatAI.cs" bodystart="15" bodyend="-1"/>
      </memberdef>
      <memberdef kind="variable" id="class_a_i_1_1_giga_cat_a_i_1ad9b8303e7eb7c2ebbf1fd4a0781774ed" prot="private" static="no" mutable="no">
        <type>Transform[]</type>
        <definition>Transform [] AI.GigaCatAI.targetGroups</definition>
        <argsstring></argsstring>
        <name>targetGroups</name>
        <qualifiedname>AI.GigaCatAI.targetGroups</qualifiedname>
        <briefdescription>
<para>Массив групп целей, среди которых будет выбрана ближайшая. </para>
        </briefdescription>
        <detaileddescription>
        </detaileddescription>
        <inbodydescription>
        </inbodydescription>
        <location file="AI/GigaCatAI.cs" line="20" column="28" bodyfile="AI/GigaCatAI.cs" bodystart="20" bodyend="-1"/>
      </memberdef>
      <memberdef kind="variable" id="class_a_i_1_1_giga_cat_a_i_1a33da86cdaaa64f9a8556421807592bff" prot="private" static="no" mutable="no">
        <type>float</type>
        <definition>float AI.GigaCatAI.damage</definition>
        <argsstring></argsstring>
        <name>damage</name>
        <qualifiedname>AI.GigaCatAI.damage</qualifiedname>
        <initializer>= 10</initializer>
        <briefdescription>
<para>Урон, который наносит гигантская кошка при атаке. </para>
        </briefdescription>
        <detaileddescription>
        </detaileddescription>
        <inbodydescription>
        </inbodydescription>
        <location file="AI/GigaCatAI.cs" line="27" column="24" bodyfile="AI/GigaCatAI.cs" bodystart="27" bodyend="-1"/>
      </memberdef>
      <memberdef kind="variable" id="class_a_i_1_1_giga_cat_a_i_1a04be2b9c4da7f9f243f5daaf0662bdee" prot="private" static="no" mutable="no">
        <type>float</type>
        <definition>float AI.GigaCatAI.attackTime</definition>
        <argsstring></argsstring>
        <name>attackTime</name>
        <qualifiedname>AI.GigaCatAI.attackTime</qualifiedname>
        <initializer>= 1</initializer>
        <briefdescription>
<para>Время между атаками. </para>
        </briefdescription>
        <detaileddescription>
        </detaileddescription>
        <inbodydescription>
        </inbodydescription>
        <location file="AI/GigaCatAI.cs" line="32" column="24" bodyfile="AI/GigaCatAI.cs" bodystart="32" bodyend="-1"/>
      </memberdef>
      <memberdef kind="variable" id="class_a_i_1_1_giga_cat_a_i_1a7a28b90ac1b1bc5d96096fb2f30de268" prot="private" static="no" mutable="no">
        <type>float</type>
        <definition>float AI.GigaCatAI.brainUpdateTime</definition>
        <argsstring></argsstring>
        <name>brainUpdateTime</name>
        <qualifiedname>AI.GigaCatAI.brainUpdateTime</qualifiedname>
        <initializer>= 0.1f</initializer>
        <briefdescription>
<para>Время обновления мозга (с периодичностью обновляется информация о цели). </para>
        </briefdescription>
        <detaileddescription>
        </detaileddescription>
        <inbodydescription>
        </inbodydescription>
        <location file="AI/GigaCatAI.cs" line="39" column="24" bodyfile="AI/GigaCatAI.cs" bodystart="39" bodyend="-1"/>
      </memberdef>
      <memberdef kind="variable" id="class_a_i_1_1_giga_cat_a_i_1a45ae68a3dc8254527a15f7ead5a91e00" prot="private" static="no" mutable="no">
        <type><ref refid="class_health_manager" kindref="compound">HealthManager</ref></type>
        <definition>HealthManager AI.GigaCatAI.target</definition>
        <argsstring></argsstring>
        <name>target</name>
        <qualifiedname>AI.GigaCatAI.target</qualifiedname>
        <briefdescription>
<para>Текущая цель для атаки. </para>
        </briefdescription>
        <detaileddescription>
        </detaileddescription>
        <inbodydescription>
        </inbodydescription>
        <location file="AI/GigaCatAI.cs" line="44" column="31" bodyfile="AI/GigaCatAI.cs" bodystart="44" bodyend="-1"/>
      </memberdef>
      <memberdef kind="variable" id="class_a_i_1_1_giga_cat_a_i_1a799421f33cc633a32bdd8b6f1109cc7f" prot="private" static="no" mutable="no">
        <type><ref refid="class_health_manager" kindref="compound">HealthManager</ref></type>
        <definition>HealthManager AI.GigaCatAI.mhp</definition>
        <argsstring></argsstring>
        <name>mhp</name>
        <qualifiedname>AI.GigaCatAI.mhp</qualifiedname>
        <briefdescription>
<para>Здоровье гигантской кошки. </para>
        </briefdescription>
        <detaileddescription>
        </detaileddescription>
        <inbodydescription>
        </inbodydescription>
        <location file="AI/GigaCatAI.cs" line="49" column="32" bodyfile="AI/GigaCatAI.cs" bodystart="49" bodyend="-1"/>
      </memberdef>
      <memberdef kind="variable" id="class_a_i_1_1_giga_cat_a_i_1a4e81f510e9d7b424120dc6700d125f8f" prot="private" static="no" mutable="no">
        <type>Animator</type>
        <definition>Animator AI.GigaCatAI.animator</definition>
        <argsstring></argsstring>
        <name>animator</name>
        <qualifiedname>AI.GigaCatAI.animator</qualifiedname>
        <briefdescription>
<para>Аниматор для анимаций гигантской кошки. </para>
        </briefdescription>
        <detaileddescription>
        </detaileddescription>
        <inbodydescription>
        </inbodydescription>
        <location file="AI/GigaCatAI.cs" line="54" column="27" bodyfile="AI/GigaCatAI.cs" bodystart="54" bodyend="-1"/>
      </memberdef>
      <memberdef kind="variable" id="class_a_i_1_1_giga_cat_a_i_1a8f761f37c096bbbad9281e4ae84aed5e" prot="private" static="no" mutable="no">
        <type>Transform</type>
        <definition>Transform AI.GigaCatAI.hpOrigin</definition>
        <argsstring></argsstring>
        <name>hpOrigin</name>
        <qualifiedname>AI.GigaCatAI.hpOrigin</qualifiedname>
        <briefdescription>
<para>Трансформ для ориентира здоровья. </para>
        </briefdescription>
        <detaileddescription>
        </detaileddescription>
        <inbodydescription>
        </inbodydescription>
        <location file="AI/GigaCatAI.cs" line="59" column="28" bodyfile="AI/GigaCatAI.cs" bodystart="59" bodyend="-1"/>
      </memberdef>
      <memberdef kind="variable" id="class_a_i_1_1_giga_cat_a_i_1a8da79fb19a5a2cddb9c46d1564db2b02" prot="private" static="no" mutable="no">
        <type>Transform</type>
        <definition>Transform AI.GigaCatAI.hpPivot</definition>
        <argsstring></argsstring>
        <name>hpPivot</name>
        <qualifiedname>AI.GigaCatAI.hpPivot</qualifiedname>
        <briefdescription>
<para>Трансформ для отображения полосы здоровья. </para>
        </briefdescription>
        <detaileddescription>
        </detaileddescription>
        <inbodydescription>
        </inbodydescription>
        <location file="AI/GigaCatAI.cs" line="64" column="28" bodyfile="AI/GigaCatAI.cs" bodystart="64" bodyend="-1"/>
      </memberdef>
      <memberdef kind="variable" id="class_a_i_1_1_giga_cat_a_i_1ad9bd2bce97fb9e2635930cf23423524f" prot="private" static="no" mutable="no">
        <type>Transform</type>
        <definition>Transform AI.GigaCatAI.cam</definition>
        <argsstring></argsstring>
        <name>cam</name>
        <qualifiedname>AI.GigaCatAI.cam</qualifiedname>
        <briefdescription>
<para>Камера для ориентации здоровья относительно камеры. </para>
        </briefdescription>
        <detaileddescription>
        </detaileddescription>
        <inbodydescription>
        </inbodydescription>
        <location file="AI/GigaCatAI.cs" line="69" column="27" bodyfile="AI/GigaCatAI.cs" bodystart="69" bodyend="-1"/>
      </memberdef>
      <memberdef kind="variable" id="class_a_i_1_1_giga_cat_a_i_1ac3ced0187c74866fe8a65d4c0a9c9a11" prot="private" static="no" mutable="no">
        <type>AudioSource</type>
        <definition>AudioSource AI.GigaCatAI.source</definition>
        <argsstring></argsstring>
        <name>source</name>
        <qualifiedname>AI.GigaCatAI.source</qualifiedname>
        <briefdescription>
<para>Источник звука для атаки. </para>
        </briefdescription>
        <detaileddescription>
        </detaileddescription>
        <inbodydescription>
        </inbodydescription>
        <location file="AI/GigaCatAI.cs" line="76" column="30" bodyfile="AI/GigaCatAI.cs" bodystart="76" bodyend="-1"/>
      </memberdef>
      <memberdef kind="variable" id="class_a_i_1_1_giga_cat_a_i_1a29de1ce1ad4639349797135b1c7eaa6d" prot="private" static="no" mutable="no">
        <type>AudioClip[]</type>
        <definition>AudioClip [] AI.GigaCatAI.hitSounds</definition>
        <argsstring></argsstring>
        <name>hitSounds</name>
        <qualifiedname>AI.GigaCatAI.hitSounds</qualifiedname>
        <briefdescription>
<para>Массив звуков для атаки. </para>
        </briefdescription>
        <detaileddescription>
        </detaileddescription>
        <inbodydescription>
        </inbodydescription>
        <location file="AI/GigaCatAI.cs" line="81" column="28" bodyfile="AI/GigaCatAI.cs" bodystart="81" bodyend="-1"/>
      </memberdef>
      <memberdef kind="variable" id="class_a_i_1_1_giga_cat_a_i_1ae5c1e93f09cc1a51b6dc3e7666832afa" prot="private" static="no" mutable="no">
        <type>state</type>
        <definition>state AI.GigaCatAI.m_state</definition>
        <argsstring></argsstring>
        <name>m_state</name>
        <qualifiedname>AI.GigaCatAI.m_state</qualifiedname>
        <briefdescription>
<para>Текущее состояние гигантской кошки. </para>
        </briefdescription>
        <detaileddescription>
        </detaileddescription>
        <inbodydescription>
        </inbodydescription>
        <location file="AI/GigaCatAI.cs" line="96" column="23" bodyfile="AI/GigaCatAI.cs" bodystart="96" bodyend="-1"/>
      </memberdef>
    </sectiondef>
    <sectiondef kind="private-func">
      <memberdef kind="function" id="class_a_i_1_1_giga_cat_a_i_1a97c95e4f536041a46c97af588a7ce39d" prot="private" static="no" const="no" explicit="no" inline="yes" virt="non-virtual">
        <type>void</type>
        <definition>void AI.GigaCatAI.Start</definition>
        <argsstring>()</argsstring>
        <name>Start</name>
        <qualifiedname>AI.GigaCatAI.Start</qualifiedname>
        <briefdescription>
<para>Инициализация начальных параметров. </para>
        </briefdescription>
        <detaileddescription>
        </detaileddescription>
        <inbodydescription>
        </inbodydescription>
        <location file="AI/GigaCatAI.cs" line="101" column="14" bodyfile="AI/GigaCatAI.cs" bodystart="101" bodyend="105"/>
      </memberdef>
      <memberdef kind="function" id="class_a_i_1_1_giga_cat_a_i_1a59ed8324cdb5642fdd9bafcc9f38a498" prot="private" static="no" const="no" explicit="no" inline="yes" virt="non-virtual">
        <type>void</type>
        <definition>void AI.GigaCatAI.Update</definition>
        <argsstring>()</argsstring>
        <name>Update</name>
        <qualifiedname>AI.GigaCatAI.Update</qualifiedname>
        <briefdescription>
<para>Обновление ориентира здоровья относительно камеры. </para>
        </briefdescription>
        <detaileddescription>
        </detaileddescription>
        <inbodydescription>
        </inbodydescription>
        <location file="AI/GigaCatAI.cs" line="163" column="14" bodyfile="AI/GigaCatAI.cs" bodystart="163" bodyend="166"/>
      </memberdef>
      <memberdef kind="function" id="class_a_i_1_1_giga_cat_a_i_1a2840fa5fca91af7a7215eadf7b62b199" prot="private" static="no" const="no" explicit="no" inline="yes" virt="non-virtual">
        <type>void</type>
        <definition>void AI.GigaCatAI.MoveToTarget</definition>
        <argsstring>()</argsstring>
        <name>MoveToTarget</name>
        <qualifiedname>AI.GigaCatAI.MoveToTarget</qualifiedname>
        <briefdescription>
<para>Метод для движения к цели. </para>
        </briefdescription>
        <detaileddescription>
        </detaileddescription>
        <inbodydescription>
        </inbodydescription>
        <location file="AI/GigaCatAI.cs" line="181" column="22" bodyfile="AI/GigaCatAI.cs" bodystart="181" bodyend="202"/>
      </memberdef>
      <memberdef kind="function" id="class_a_i_1_1_giga_cat_a_i_1a5f2dbadb6c382bc9a0c99d843ad3dba9" prot="private" static="no" const="no" explicit="no" inline="yes" virt="non-virtual">
        <type>void</type>
        <definition>void AI.GigaCatAI.AttackTarget</definition>
        <argsstring>()</argsstring>
        <name>AttackTarget</name>
        <qualifiedname>AI.GigaCatAI.AttackTarget</qualifiedname>
        <briefdescription>
<para>Метод для атаки цели. </para>
        </briefdescription>
        <detaileddescription>
        </detaileddescription>
        <inbodydescription>
        </inbodydescription>
        <location file="AI/GigaCatAI.cs" line="207" column="22" bodyfile="AI/GigaCatAI.cs" bodystart="207" bodyend="236"/>
      </memberdef>
      <memberdef kind="function" id="class_a_i_1_1_giga_cat_a_i_1a4ecb5c1f29b3ee804984fff8ac51d179" prot="private" static="no" const="no" explicit="no" inline="yes" virt="non-virtual">
        <type>void</type>
        <definition>void AI.GigaCatAI.findTarget</definition>
        <argsstring>()</argsstring>
        <name>findTarget</name>
        <qualifiedname>AI.GigaCatAI.findTarget</qualifiedname>
        <briefdescription>
<para>Поиск ближайшей цели среди групп. </para>
        </briefdescription>
        <detaileddescription>
        </detaileddescription>
        <inbodydescription>
        </inbodydescription>
        <location file="AI/GigaCatAI.cs" line="241" column="14" bodyfile="AI/GigaCatAI.cs" bodystart="241" bodyend="255"/>
      </memberdef>
      <memberdef kind="function" id="class_a_i_1_1_giga_cat_a_i_1a76b596d3bab61ebf1e7f37d1ab8f1fe3" prot="private" static="no" const="no" explicit="no" inline="yes" virt="non-virtual">
        <type>void</type>
        <definition>void AI.GigaCatAI.FindNewTarget</definition>
        <argsstring>()</argsstring>
        <name>FindNewTarget</name>
        <qualifiedname>AI.GigaCatAI.FindNewTarget</qualifiedname>
        <briefdescription>
<para>Поиск новой цели для гигантской кошки. </para>
        </briefdescription>
        <detaileddescription>
        </detaileddescription>
        <inbodydescription>
        </inbodydescription>
        <location file="AI/GigaCatAI.cs" line="260" column="22" bodyfile="AI/GigaCatAI.cs" bodystart="260" bodyend="266"/>
      </memberdef>
    </sectiondef>
    <sectiondef kind="public-func">
      <memberdef kind="function" id="class_a_i_1_1_giga_cat_a_i_1a10cdb21ba10362c74578352d7288716b" prot="public" static="no" const="no" explicit="no" inline="yes" virt="non-virtual">
        <type><ref refid="class_health_manager" kindref="compound">HealthManager</ref></type>
        <definition>HealthManager AI.GigaCatAI.getMHP</definition>
        <argsstring>()</argsstring>
        <name>getMHP</name>
        <qualifiedname>AI.GigaCatAI.getMHP</qualifiedname>
        <briefdescription>
<para>Получить объект управления здоровьем гигантской кошки. </para>
        </briefdescription>
        <detaileddescription>
<para><simplesect kind="return"><para>Объект управления здоровьем.</para>
</simplesect>
</para>
        </detaileddescription>
        <inbodydescription>
        </inbodydescription>
        <location file="AI/GigaCatAI.cs" line="111" column="30" bodyfile="AI/GigaCatAI.cs" bodystart="111" bodyend="114"/>
      </memberdef>
      <memberdef kind="function" id="class_a_i_1_1_giga_cat_a_i_1a9d68edb33dd97528f152c68284c8844a" prot="public" static="no" const="no" explicit="no" inline="yes" virt="non-virtual">
        <type>void</type>
        <definition>void AI.GigaCatAI.WheelStop</definition>
        <argsstring>()</argsstring>
        <name>WheelStop</name>
        <qualifiedname>AI.GigaCatAI.WheelStop</qualifiedname>
        <briefdescription>
<para>Остановить движение и включить состояние покоя. </para>
        </briefdescription>
        <detaileddescription>
        </detaileddescription>
        <inbodydescription>
        </inbodydescription>
        <location file="AI/GigaCatAI.cs" line="119" column="21" bodyfile="AI/GigaCatAI.cs" bodystart="119" bodyend="126"/>
      </memberdef>
      <memberdef kind="function" id="class_a_i_1_1_giga_cat_a_i_1a5d9b139fd52f0d9581ce2290db59d703" prot="public" static="no" const="no" explicit="no" inline="yes" virt="non-virtual">
        <type>void</type>
        <definition>void AI.GigaCatAI.CancelWheelBreak</definition>
        <argsstring>()</argsstring>
        <name>CancelWheelBreak</name>
        <qualifiedname>AI.GigaCatAI.CancelWheelBreak</qualifiedname>
        <briefdescription>
<para>Снять состояние остановки и вернуть кошку к движению. </para>
        </briefdescription>
        <detaileddescription>
        </detaileddescription>
        <inbodydescription>
        </inbodydescription>
        <location file="AI/GigaCatAI.cs" line="131" column="21" bodyfile="AI/GigaCatAI.cs" bodystart="131" bodyend="137"/>
      </memberdef>
      <memberdef kind="function" id="class_a_i_1_1_giga_cat_a_i_1a79cbc136ed11036efadee37944c5c30a" prot="public" static="no" const="no" explicit="no" inline="yes" virt="non-virtual">
        <type>void</type>
        <definition>void AI.GigaCatAI.StartGame</definition>
        <argsstring>()</argsstring>
        <name>StartGame</name>
        <qualifiedname>AI.GigaCatAI.StartGame</qualifiedname>
        <briefdescription>
<para>Начать движение и активировать поиск новой цели. </para>
        </briefdescription>
        <detaileddescription>
        </detaileddescription>
        <inbodydescription>
        </inbodydescription>
        <location file="AI/GigaCatAI.cs" line="142" column="21" bodyfile="AI/GigaCatAI.cs" bodystart="142" bodyend="147"/>
      </memberdef>
      <memberdef kind="function" id="class_a_i_1_1_giga_cat_a_i_1a68b6f731636f5323ea889e617b30b2ce" prot="public" static="no" const="no" explicit="no" inline="yes" virt="non-virtual">
        <type>void</type>
        <definition>void AI.GigaCatAI.StopMe</definition>
        <argsstring>()</argsstring>
        <name>StopMe</name>
        <qualifiedname>AI.GigaCatAI.StopMe</qualifiedname>
        <briefdescription>
<para>Остановить движение и вернуть кошку в состояние покоя. </para>
        </briefdescription>
        <detaileddescription>
        </detaileddescription>
        <inbodydescription>
        </inbodydescription>
        <location file="AI/GigaCatAI.cs" line="152" column="21" bodyfile="AI/GigaCatAI.cs" bodystart="152" bodyend="158"/>
      </memberdef>
      <memberdef kind="function" id="class_a_i_1_1_giga_cat_a_i_1af04ef20a64f50c8a245ef035138ba365" prot="public" static="no" const="no" explicit="no" inline="yes" virt="non-virtual">
        <type>void</type>
        <definition>void AI.GigaCatAI.UpdateHPBar</definition>
        <argsstring>(float health, float healthMax)</argsstring>
        <name>UpdateHPBar</name>
        <qualifiedname>AI.GigaCatAI.UpdateHPBar</qualifiedname>
        <param>
          <type>float</type>
          <declname>health</declname>
        </param>
        <param>
          <type>float</type>
          <declname>healthMax</declname>
        </param>
        <briefdescription>
<para>Обновление полосы здоровья. </para>
        </briefdescription>
        <detaileddescription>
<para><parameterlist kind="param"><parameteritem>
<parameternamelist>
<parametername>health</parametername>
</parameternamelist>
<parameterdescription>
<para>Текущее здоровье.</para>
</parameterdescription>
</parameteritem>
<parameteritem>
<parameternamelist>
<parametername>healthMax</parametername>
</parameternamelist>
<parameterdescription>
<para>Максимальное здоровье.</para>
</parameterdescription>
</parameteritem>
</parameterlist>
</para>
        </detaileddescription>
        <inbodydescription>
        </inbodydescription>
        <location file="AI/GigaCatAI.cs" line="173" column="21" bodyfile="AI/GigaCatAI.cs" bodystart="173" bodyend="176"/>
      </memberdef>
    </sectiondef>
    <briefdescription>
<para>Класс, управляющий поведением гигантской кошки (GigaCat). </para>
    </briefdescription>
    <detaileddescription>
    </detaileddescription>
    <inheritancegraph>
      <node id="1">
        <label>AI.GigaCatAI</label>
        <link refid="class_a_i_1_1_giga_cat_a_i"/>
        <childnode refid="2" relation="public-inheritance">
        </childnode>
      </node>
      <node id="2">
        <label>MonoBehaviour</label>
      </node>
    </inheritancegraph>
    <collaborationgraph>
      <node id="1">
        <label>AI.GigaCatAI</label>
        <link refid="class_a_i_1_1_giga_cat_a_i"/>
        <childnode refid="2" relation="public-inheritance">
        </childnode>
      </node>
      <node id="2">
        <label>MonoBehaviour</label>
      </node>
    </collaborationgraph>
    <location file="AI/GigaCatAI.cs" line="10" column="11" bodyfile="AI/GigaCatAI.cs" bodystart="11" bodyend="267"/>
    <listofallmembers>
      <member refid="class_a_i_1_1_giga_cat_a_i_1a57b8c5ada5f6f0cbca2b3b9dbf246579" prot="private" virt="non-virtual"><scope>AI::GigaCatAI</scope><name>agent</name></member>
      <member refid="class_a_i_1_1_giga_cat_a_i_1a4e81f510e9d7b424120dc6700d125f8f" prot="private" virt="non-virtual"><scope>AI::GigaCatAI</scope><name>animator</name></member>
      <member refid="class_a_i_1_1_giga_cat_a_i_1a5f2dbadb6c382bc9a0c99d843ad3dba9" prot="private" virt="non-virtual"><scope>AI::GigaCatAI</scope><name>AttackTarget</name></member>
      <member refid="class_a_i_1_1_giga_cat_a_i_1a04be2b9c4da7f9f243f5daaf0662bdee" prot="private" virt="non-virtual"><scope>AI::GigaCatAI</scope><name>attackTime</name></member>
      <member refid="class_a_i_1_1_giga_cat_a_i_1a7a28b90ac1b1bc5d96096fb2f30de268" prot="private" virt="non-virtual"><scope>AI::GigaCatAI</scope><name>brainUpdateTime</name></member>
      <member refid="class_a_i_1_1_giga_cat_a_i_1ad9bd2bce97fb9e2635930cf23423524f" prot="private" virt="non-virtual"><scope>AI::GigaCatAI</scope><name>cam</name></member>
      <member refid="class_a_i_1_1_giga_cat_a_i_1a5d9b139fd52f0d9581ce2290db59d703" prot="public" virt="non-virtual"><scope>AI::GigaCatAI</scope><name>CancelWheelBreak</name></member>
      <member refid="class_a_i_1_1_giga_cat_a_i_1a33da86cdaaa64f9a8556421807592bff" prot="private" virt="non-virtual"><scope>AI::GigaCatAI</scope><name>damage</name></member>
      <member refid="class_a_i_1_1_giga_cat_a_i_1a76b596d3bab61ebf1e7f37d1ab8f1fe3" prot="private" virt="non-virtual"><scope>AI::GigaCatAI</scope><name>FindNewTarget</name></member>
      <member refid="class_a_i_1_1_giga_cat_a_i_1a4ecb5c1f29b3ee804984fff8ac51d179" prot="private" virt="non-virtual"><scope>AI::GigaCatAI</scope><name>findTarget</name></member>
      <member refid="class_a_i_1_1_giga_cat_a_i_1a10cdb21ba10362c74578352d7288716b" prot="public" virt="non-virtual"><scope>AI::GigaCatAI</scope><name>getMHP</name></member>
      <member refid="class_a_i_1_1_giga_cat_a_i_1a29de1ce1ad4639349797135b1c7eaa6d" prot="private" virt="non-virtual"><scope>AI::GigaCatAI</scope><name>hitSounds</name></member>
      <member refid="class_a_i_1_1_giga_cat_a_i_1a8f761f37c096bbbad9281e4ae84aed5e" prot="private" virt="non-virtual"><scope>AI::GigaCatAI</scope><name>hpOrigin</name></member>
      <member refid="class_a_i_1_1_giga_cat_a_i_1a8da79fb19a5a2cddb9c46d1564db2b02" prot="private" virt="non-virtual"><scope>AI::GigaCatAI</scope><name>hpPivot</name></member>
      <member refid="class_a_i_1_1_giga_cat_a_i_1ae5c1e93f09cc1a51b6dc3e7666832afa" prot="private" virt="non-virtual"><scope>AI::GigaCatAI</scope><name>m_state</name></member>
      <member refid="class_a_i_1_1_giga_cat_a_i_1a799421f33cc633a32bdd8b6f1109cc7f" prot="private" virt="non-virtual"><scope>AI::GigaCatAI</scope><name>mhp</name></member>
      <member refid="class_a_i_1_1_giga_cat_a_i_1a2840fa5fca91af7a7215eadf7b62b199" prot="private" virt="non-virtual"><scope>AI::GigaCatAI</scope><name>MoveToTarget</name></member>
      <member refid="class_a_i_1_1_giga_cat_a_i_1ac3ced0187c74866fe8a65d4c0a9c9a11" prot="private" virt="non-virtual"><scope>AI::GigaCatAI</scope><name>source</name></member>
      <member refid="class_a_i_1_1_giga_cat_a_i_1a97c95e4f536041a46c97af588a7ce39d" prot="private" virt="non-virtual"><scope>AI::GigaCatAI</scope><name>Start</name></member>
      <member refid="class_a_i_1_1_giga_cat_a_i_1a79cbc136ed11036efadee37944c5c30a" prot="public" virt="non-virtual"><scope>AI::GigaCatAI</scope><name>StartGame</name></member>
      <member refid="class_a_i_1_1_giga_cat_a_i_1a8336928cb8007c89bd795d09b600a476" prot="private" virt="non-virtual"><scope>AI::GigaCatAI</scope><name>state</name></member>
      <member refid="class_a_i_1_1_giga_cat_a_i_1a68b6f731636f5323ea889e617b30b2ce" prot="public" virt="non-virtual"><scope>AI::GigaCatAI</scope><name>StopMe</name></member>
      <member refid="class_a_i_1_1_giga_cat_a_i_1a45ae68a3dc8254527a15f7ead5a91e00" prot="private" virt="non-virtual"><scope>AI::GigaCatAI</scope><name>target</name></member>
      <member refid="class_a_i_1_1_giga_cat_a_i_1ad9b8303e7eb7c2ebbf1fd4a0781774ed" prot="private" virt="non-virtual"><scope>AI::GigaCatAI</scope><name>targetGroups</name></member>
      <member refid="class_a_i_1_1_giga_cat_a_i_1a59ed8324cdb5642fdd9bafcc9f38a498" prot="private" virt="non-virtual"><scope>AI::GigaCatAI</scope><name>Update</name></member>
      <member refid="class_a_i_1_1_giga_cat_a_i_1af04ef20a64f50c8a245ef035138ba365" prot="public" virt="non-virtual"><scope>AI::GigaCatAI</scope><name>UpdateHPBar</name></member>
      <member refid="class_a_i_1_1_giga_cat_a_i_1a9d68edb33dd97528f152c68284c8844a" prot="public" virt="non-virtual"><scope>AI::GigaCatAI</scope><name>WheelStop</name></member>
    </listofallmembers>
  </compounddef>
</doxygen>
