<?xml version='1.0' encoding='UTF-8' standalone='no'?>
<doxygen xmlns:xsi="http://www.w3.org/2001/XMLSchema-instance" xsi:noNamespaceSchemaLocation="compound.xsd" version="1.13.2" xml:lang="en-US">
  <compounddef id="class_health_manager" kind="class" language="C#" prot="public">
    <compoundname>HealthManager</compoundname>
    <basecompoundref prot="public" virt="non-virtual">MonoBehaviour</basecompoundref>
    <sectiondef kind="private-attrib">
      <memberdef kind="variable" id="class_health_manager_1a548e2f1b0cef1d4f9b21578394a3790a" prot="private" static="no" mutable="no">
        <type>float</type>
        <definition>float HealthManager.healthMax</definition>
        <argsstring></argsstring>
        <name>healthMax</name>
        <qualifiedname>HealthManager.healthMax</qualifiedname>
        <initializer>= 100</initializer>
        <briefdescription>
<para>Максимальное количество здоровья. </para>
        </briefdescription>
        <detaileddescription>
        </detaileddescription>
        <inbodydescription>
        </inbodydescription>
        <location file="HealthManager.cs" line="12" column="20" bodyfile="HealthManager.cs" bodystart="12" bodyend="-1"/>
      </memberdef>
      <memberdef kind="variable" id="class_health_manager_1acf20605fb581f74b8e46952c4c99f8f5" prot="private" static="no" mutable="no">
        <type>float</type>
        <definition>float HealthManager.health</definition>
        <argsstring></argsstring>
        <name>health</name>
        <qualifiedname>HealthManager.health</qualifiedname>
        <briefdescription>
<para>Текущее количество здоровья. </para>
        </briefdescription>
        <detaileddescription>
        </detaileddescription>
        <inbodydescription>
        </inbodydescription>
        <location file="HealthManager.cs" line="17" column="20" bodyfile="HealthManager.cs" bodystart="17" bodyend="-1"/>
      </memberdef>
      <memberdef kind="variable" id="class_health_manager_1a883c85e045173a6b87fd37af28402045" prot="private" static="no" mutable="no">
        <type>Transform</type>
        <definition>Transform HealthManager.breakVFX</definition>
        <argsstring></argsstring>
        <name>breakVFX</name>
        <qualifiedname>HealthManager.breakVFX</qualifiedname>
        <briefdescription>
<para>Визуальные эффекты при разрушении объекта (например, взрыв). </para>
        </briefdescription>
        <detaileddescription>
        </detaileddescription>
        <inbodydescription>
        </inbodydescription>
        <location file="HealthManager.cs" line="22" column="24" bodyfile="HealthManager.cs" bodystart="22" bodyend="-1"/>
      </memberdef>
      <memberdef kind="variable" id="class_health_manager_1a153083ba57bd8c75dca1c3944a448fcd" prot="private" static="no" mutable="no">
        <type>UnityEvent</type>
        <definition>UnityEvent HealthManager.onZeroHealth</definition>
        <argsstring></argsstring>
        <name>onZeroHealth</name>
        <qualifiedname>HealthManager.onZeroHealth</qualifiedname>
        <briefdescription>
<para>Событие, которое срабатывает, когда здоровье становится равно нулю. </para>
        </briefdescription>
        <detaileddescription>
        </detaileddescription>
        <inbodydescription>
        </inbodydescription>
        <location file="HealthManager.cs" line="27" column="25" bodyfile="HealthManager.cs" bodystart="27" bodyend="-1"/>
      </memberdef>
      <memberdef kind="variable" id="class_health_manager_1a1f7eeef7e36e4d69a65a4c368c70b89a" prot="private" static="no" mutable="no">
        <type>UnityEvent&lt; float, float &gt;</type>
        <definition>UnityEvent&lt;float, float&gt; HealthManager.onHealthChanged</definition>
        <argsstring></argsstring>
        <name>onHealthChanged</name>
        <qualifiedname>HealthManager.onHealthChanged</qualifiedname>
        <briefdescription>
<para>Событие, которое срабатывает при изменении здоровья (текущее здоровье и максимальное). </para>
        </briefdescription>
        <detaileddescription>
        </detaileddescription>
        <inbodydescription>
        </inbodydescription>
        <location file="HealthManager.cs" line="32" column="25" bodyfile="HealthManager.cs" bodystart="32" bodyend="-1"/>
      </memberdef>
      <memberdef kind="variable" id="class_health_manager_1acf38ea5c16b6ddfe7ec1be6afe84d46e" prot="private" static="no" mutable="no">
        <type>UnityEvent</type>
        <definition>UnityEvent HealthManager.onHealthChangedMini</definition>
        <argsstring></argsstring>
        <name>onHealthChangedMini</name>
        <qualifiedname>HealthManager.onHealthChangedMini</qualifiedname>
        <briefdescription>
<para>Событие, которое срабатывает при изменении здоровья (для меньшего обновления UI или других мелких изменений). </para>
        </briefdescription>
        <detaileddescription>
        </detaileddescription>
        <inbodydescription>
        </inbodydescription>
        <location file="HealthManager.cs" line="37" column="25" bodyfile="HealthManager.cs" bodystart="37" bodyend="-1"/>
      </memberdef>
    </sectiondef>
    <sectiondef kind="property">
      <memberdef kind="property" id="class_health_manager_1acae176a3066f8ea854a4378eac98f67c" prot="public" static="no" readable="no" writable="no" gettable="yes" privategettable="no" protectedgettable="no" settable="no" privatesettable="no" protectedsettable="no">
        <type>float</type>
        <definition>float HealthManager.HealthMax</definition>
        <argsstring></argsstring>
        <name>HealthMax</name>
        <qualifiedname>HealthManager.HealthMax</qualifiedname>
        <briefdescription>
<para>Свойство для получения максимального здоровья. </para>
        </briefdescription>
        <detaileddescription>
        </detaileddescription>
        <inbodydescription>
        </inbodydescription>
        <location file="HealthManager.cs" line="42" column="18" bodyfile="HealthManager.cs" bodystart="42" bodyend="-1"/>
      </memberdef>
      <memberdef kind="property" id="class_health_manager_1a14c172691ceadc97d5f436dc5c70f7fd" prot="public" static="no" readable="no" writable="no" gettable="yes" privategettable="no" protectedgettable="no" settable="no" privatesettable="no" protectedsettable="no">
        <type>float</type>
        <definition>float HealthManager.Health</definition>
        <argsstring></argsstring>
        <name>Health</name>
        <qualifiedname>HealthManager.Health</qualifiedname>
        <briefdescription>
<para>Свойство для получения текущего здоровья. </para>
        </briefdescription>
        <detaileddescription>
        </detaileddescription>
        <inbodydescription>
        </inbodydescription>
        <location file="HealthManager.cs" line="47" column="18" bodyfile="HealthManager.cs" bodystart="47" bodyend="-1"/>
      </memberdef>
    </sectiondef>
    <sectiondef kind="public-attrib">
      <memberdef kind="variable" id="class_health_manager_1a718308d2542addf73b742f50b6ed7482" prot="public" static="no" mutable="no">
        <type>bool</type>
        <definition>bool HealthManager.canttakedamage</definition>
        <argsstring></argsstring>
        <name>canttakedamage</name>
        <qualifiedname>HealthManager.canttakedamage</qualifiedname>
        <briefdescription>
<para>Флаг, который блокирует возможность получать урон. </para>
        </briefdescription>
        <detaileddescription>
        </detaileddescription>
        <inbodydescription>
        </inbodydescription>
        <location file="HealthManager.cs" line="52" column="17" bodyfile="HealthManager.cs" bodystart="52" bodyend="-1"/>
      </memberdef>
    </sectiondef>
    <sectiondef kind="private-func">
      <memberdef kind="function" id="class_health_manager_1a8fe1acd3f1dfab8af680f4eaa7951a2c" prot="private" static="no" const="no" explicit="no" inline="no" virt="non-virtual">
        <type>void</type>
        <definition>void HealthManager.Awake</definition>
        <argsstring>()</argsstring>
        <name>Awake</name>
        <qualifiedname>HealthManager.Awake</qualifiedname>
        <briefdescription>
<para>Инициализация здоровья при старте. </para>
        </briefdescription>
        <detaileddescription>
        </detaileddescription>
        <inbodydescription>
        </inbodydescription>
        <location file="HealthManager.cs" line="57" column="18"/>
      </memberdef>
    </sectiondef>
    <sectiondef kind="public-func">
      <memberdef kind="function" id="class_health_manager_1a2708da1bfe1a722faf71055d18c6caf4" prot="public" static="no" const="no" explicit="no" inline="yes" virt="non-virtual">
        <type>void</type>
        <definition>void HealthManager.ChangeHealth</definition>
        <argsstring>(float delta)</argsstring>
        <name>ChangeHealth</name>
        <qualifiedname>HealthManager.ChangeHealth</qualifiedname>
        <param>
          <type>float</type>
          <declname>delta</declname>
        </param>
        <briefdescription>
<para>Изменение здоровья. Если здоровье уменьшается или увеличивается, это вызывает соответствующие события. </para>
        </briefdescription>
        <detaileddescription>
<para><parameterlist kind="param"><parameteritem>
<parameternamelist>
<parametername>delta</parametername>
</parameternamelist>
<parameterdescription>
<para>Количество изменений здоровья (может быть как положительным, так и отрицательным).</para>
</parameterdescription>
</parameteritem>
</parameterlist>
</para>
        </detaileddescription>
        <inbodydescription>
        </inbodydescription>
        <location file="HealthManager.cs" line="63" column="17" bodyfile="HealthManager.cs" bodystart="63" bodyend="85"/>
      </memberdef>
      <memberdef kind="function" id="class_health_manager_1af8b51c01262ceacd90f6cf8d8cf4a252" prot="public" static="no" const="no" explicit="no" inline="yes" virt="non-virtual">
        <type>void</type>
        <definition>void HealthManager.ChangeMaxHealth</definition>
        <argsstring>(float delta)</argsstring>
        <name>ChangeMaxHealth</name>
        <qualifiedname>HealthManager.ChangeMaxHealth</qualifiedname>
        <param>
          <type>float</type>
          <declname>delta</declname>
        </param>
        <briefdescription>
<para>Изменение максимального здоровья. </para>
        </briefdescription>
        <detaileddescription>
<para><parameterlist kind="param"><parameteritem>
<parameternamelist>
<parametername>delta</parametername>
</parameternamelist>
<parameterdescription>
<para>Изменение максимального здоровья.</para>
</parameterdescription>
</parameteritem>
</parameterlist>
</para>
        </detaileddescription>
        <inbodydescription>
        </inbodydescription>
        <location file="HealthManager.cs" line="91" column="17" bodyfile="HealthManager.cs" bodystart="91" bodyend="110"/>
      </memberdef>
      <memberdef kind="function" id="class_health_manager_1acac85d8e5dde436b73b44a7a61eab4a2" prot="public" static="no" const="no" explicit="no" inline="no" virt="non-virtual">
        <type>void</type>
        <definition>void HealthManager.DestroyThis</definition>
        <argsstring>()</argsstring>
        <name>DestroyThis</name>
        <qualifiedname>HealthManager.DestroyThis</qualifiedname>
        <briefdescription>
<para>Уничтожение объекта. </para>
        </briefdescription>
        <detaileddescription>
        </detaileddescription>
        <inbodydescription>
        </inbodydescription>
        <location file="HealthManager.cs" line="115" column="17"/>
      </memberdef>
    </sectiondef>
    <briefdescription>
<para>Класс, управляющий жизнями мобов </para>
    </briefdescription>
    <detaileddescription>
    </detaileddescription>
    <inheritancegraph>
      <node id="1">
        <label>HealthManager</label>
        <link refid="class_health_manager"/>
        <childnode refid="2" relation="public-inheritance">
        </childnode>
      </node>
      <node id="2">
        <label>MonoBehaviour</label>
      </node>
    </inheritancegraph>
    <collaborationgraph>
      <node id="1">
        <label>HealthManager</label>
        <link refid="class_health_manager"/>
        <childnode refid="2" relation="public-inheritance">
        </childnode>
      </node>
      <node id="2">
        <label>MonoBehaviour</label>
      </node>
    </collaborationgraph>
    <location file="HealthManager.cs" line="7" column="7" bodyfile="HealthManager.cs" bodystart="8" bodyend="116"/>
    <listofallmembers>
      <member refid="class_health_manager_1a8fe1acd3f1dfab8af680f4eaa7951a2c" prot="private" virt="non-virtual"><scope>HealthManager</scope><name>Awake</name></member>
      <member refid="class_health_manager_1a883c85e045173a6b87fd37af28402045" prot="private" virt="non-virtual"><scope>HealthManager</scope><name>breakVFX</name></member>
      <member refid="class_health_manager_1a718308d2542addf73b742f50b6ed7482" prot="public" virt="non-virtual"><scope>HealthManager</scope><name>canttakedamage</name></member>
      <member refid="class_health_manager_1a2708da1bfe1a722faf71055d18c6caf4" prot="public" virt="non-virtual"><scope>HealthManager</scope><name>ChangeHealth</name></member>
      <member refid="class_health_manager_1af8b51c01262ceacd90f6cf8d8cf4a252" prot="public" virt="non-virtual"><scope>HealthManager</scope><name>ChangeMaxHealth</name></member>
      <member refid="class_health_manager_1acac85d8e5dde436b73b44a7a61eab4a2" prot="public" virt="non-virtual"><scope>HealthManager</scope><name>DestroyThis</name></member>
      <member refid="class_health_manager_1a14c172691ceadc97d5f436dc5c70f7fd" prot="public" virt="non-virtual"><scope>HealthManager</scope><name>Health</name></member>
      <member refid="class_health_manager_1acf20605fb581f74b8e46952c4c99f8f5" prot="private" virt="non-virtual"><scope>HealthManager</scope><name>health</name></member>
      <member refid="class_health_manager_1acae176a3066f8ea854a4378eac98f67c" prot="public" virt="non-virtual"><scope>HealthManager</scope><name>HealthMax</name></member>
      <member refid="class_health_manager_1a548e2f1b0cef1d4f9b21578394a3790a" prot="private" virt="non-virtual"><scope>HealthManager</scope><name>healthMax</name></member>
      <member refid="class_health_manager_1a1f7eeef7e36e4d69a65a4c368c70b89a" prot="private" virt="non-virtual"><scope>HealthManager</scope><name>onHealthChanged</name></member>
      <member refid="class_health_manager_1acf38ea5c16b6ddfe7ec1be6afe84d46e" prot="private" virt="non-virtual"><scope>HealthManager</scope><name>onHealthChangedMini</name></member>
      <member refid="class_health_manager_1a153083ba57bd8c75dca1c3944a448fcd" prot="private" virt="non-virtual"><scope>HealthManager</scope><name>onZeroHealth</name></member>
    </listofallmembers>
  </compounddef>
</doxygen>
