<?xml version='1.0' encoding='UTF-8' standalone='no'?>
<doxygen xmlns:xsi="http://www.w3.org/2001/XMLSchema-instance" xsi:noNamespaceSchemaLocation="compound.xsd" version="1.13.2" xml:lang="en-US">
  <compounddef id="class_gambling_1_1_positive_1_1_increase_explosion_power_event" kind="class" language="C#" prot="public">
    <compoundname>Gambling::Positive::IncreaseExplosionPowerEvent</compoundname>
    <basecompoundref refid="class_gambling_1_1_gambling_event" prot="public" virt="non-virtual">Gambling.GamblingEvent</basecompoundref>
    <sectiondef kind="private-attrib">
      <memberdef kind="variable" id="class_gambling_1_1_positive_1_1_increase_explosion_power_event_1a1e8df0aceb4e831ccfa82cfc2268c7d2" prot="private" static="no" mutable="no">
        <type>float</type>
        <definition>float Gambling.Positive.IncreaseExplosionPowerEvent.factor</definition>
        <argsstring></argsstring>
        <name>factor</name>
        <qualifiedname>Gambling.Positive.IncreaseExplosionPowerEvent.factor</qualifiedname>
        <initializer>= 1.3f</initializer>
        <briefdescription>
<para>Коэффициент увеличения силы взрыва. </para>
        </briefdescription>
        <detaileddescription>
        </detaileddescription>
        <inbodydescription>
        </inbodydescription>
        <location file="Gambling/Positive/IncreaseExplosionPowerEvent.cs" line="16" column="24" bodyfile="Gambling/Positive/IncreaseExplosionPowerEvent.cs" bodystart="16" bodyend="-1"/>
      </memberdef>
      <memberdef kind="variable" id="class_gambling_1_1_positive_1_1_increase_explosion_power_event_1a03131e9136c53a0c3bf8407bfc9c4304" prot="private" static="no" mutable="no">
        <type>readonly List&lt; GameObject &gt;</type>
        <definition>readonly List&lt;GameObject&gt; Gambling.Positive.IncreaseExplosionPowerEvent._objects</definition>
        <argsstring></argsstring>
        <name>_objects</name>
        <qualifiedname>Gambling.Positive.IncreaseExplosionPowerEvent._objects</qualifiedname>
        <initializer>= new()</initializer>
        <briefdescription>
<para>Список объектов с тегом &quot;Explosive&quot;. </para>
        </briefdescription>
        <detaileddescription>
        </detaileddescription>
        <inbodydescription>
        </inbodydescription>
        <location file="Gambling/Positive/IncreaseExplosionPowerEvent.cs" line="26" column="31" bodyfile="Gambling/Positive/IncreaseExplosionPowerEvent.cs" bodystart="26" bodyend="-1"/>
      </memberdef>
    </sectiondef>
    <sectiondef kind="property">
      <memberdef kind="property" id="class_gambling_1_1_positive_1_1_increase_explosion_power_event_1a48f951cff678d7d81e5da214adadd19c" prot="public" static="no" readable="no" writable="no" gettable="yes" privategettable="no" protectedgettable="no" settable="no" privatesettable="no" protectedsettable="no">
        <type>override string</type>
        <definition>override string Gambling.Positive.IncreaseExplosionPowerEvent.Name</definition>
        <argsstring></argsstring>
        <name>Name</name>
        <qualifiedname>Gambling.Positive.IncreaseExplosionPowerEvent.Name</qualifiedname>
        <briefdescription>
<para>Имя события. </para>
        </briefdescription>
        <detaileddescription>
        </detaileddescription>
        <inbodydescription>
        </inbodydescription>
        <location file="Gambling/Positive/IncreaseExplosionPowerEvent.cs" line="21" column="32" bodyfile="Gambling/Positive/IncreaseExplosionPowerEvent.cs" bodystart="21" bodyend="-1"/>
      </memberdef>
    </sectiondef>
    <sectiondef kind="public-func">
      <memberdef kind="function" id="class_gambling_1_1_positive_1_1_increase_explosion_power_event_1af26e8e5552d4338d1e872c82ea33af51" prot="public" static="no" const="no" explicit="no" inline="yes" virt="non-virtual">
        <type>override void</type>
        <definition>override void Gambling.Positive.IncreaseExplosionPowerEvent.Execute</definition>
        <argsstring>(WheelOfFortune manager)</argsstring>
        <name>Execute</name>
        <qualifiedname>Gambling.Positive.IncreaseExplosionPowerEvent.Execute</qualifiedname>
        <param>
          <type><ref refid="class_wheel_of_fortune" kindref="compound">WheelOfFortune</ref></type>
          <declname>manager</declname>
        </param>
        <briefdescription>
<para>Метод для выполнения события с использованием <ref refid="class_wheel_of_fortune" kindref="compound">WheelOfFortune</ref>. Увеличивает силу взрыва всех объектов с тегом &quot;Explosive&quot; на заданный коэффициент. </para>
        </briefdescription>
        <detaileddescription>
<para><parameterlist kind="param"><parameteritem>
<parameternamelist>
<parametername>manager</parametername>
</parameternamelist>
<parameterdescription>
<para>Менеджер, отвечающий за управление колесом фортуны.</para>
</parameterdescription>
</parameteritem>
</parameterlist>
</para>
        </detaileddescription>
        <inbodydescription>
        </inbodydescription>
        <location file="Gambling/Positive/IncreaseExplosionPowerEvent.cs" line="33" column="30" bodyfile="Gambling/Positive/IncreaseExplosionPowerEvent.cs" bodystart="33" bodyend="42"/>
      </memberdef>
    </sectiondef>
    <briefdescription>
<para>Событие, которое увеличивает силу взрыва всех объектов с тегом &quot;Explosive&quot;. </para>
    </briefdescription>
    <detaileddescription>
    </detaileddescription>
    <inheritancegraph>
      <node id="1">
        <label>Gambling.Positive.IncreaseExplosionPowerEvent</label>
        <link refid="class_gambling_1_1_positive_1_1_increase_explosion_power_event"/>
        <childnode refid="2" relation="public-inheritance">
        </childnode>
      </node>
      <node id="2">
        <label>Gambling.GamblingEvent</label>
        <link refid="class_gambling_1_1_gambling_event"/>
        <childnode refid="3" relation="public-inheritance">
        </childnode>
      </node>
      <node id="3">
        <label>ScriptableObject</label>
      </node>
    </inheritancegraph>
    <collaborationgraph>
      <node id="1">
        <label>Gambling.Positive.IncreaseExplosionPowerEvent</label>
        <link refid="class_gambling_1_1_positive_1_1_increase_explosion_power_event"/>
        <childnode refid="2" relation="public-inheritance">
        </childnode>
      </node>
      <node id="2">
        <label>Gambling.GamblingEvent</label>
        <link refid="class_gambling_1_1_gambling_event"/>
        <childnode refid="3" relation="public-inheritance">
        </childnode>
      </node>
      <node id="3">
        <label>ScriptableObject</label>
      </node>
    </collaborationgraph>
    <location file="Gambling/Positive/IncreaseExplosionPowerEvent.cs" line="11" column="11" bodyfile="Gambling/Positive/IncreaseExplosionPowerEvent.cs" bodystart="12" bodyend="43"/>
    <listofallmembers>
      <member refid="class_gambling_1_1_positive_1_1_increase_explosion_power_event_1a03131e9136c53a0c3bf8407bfc9c4304" prot="private" virt="non-virtual"><scope>Gambling::Positive::IncreaseExplosionPowerEvent</scope><name>_objects</name></member>
      <member refid="class_gambling_1_1_positive_1_1_increase_explosion_power_event_1af26e8e5552d4338d1e872c82ea33af51" prot="public" virt="non-virtual"><scope>Gambling::Positive::IncreaseExplosionPowerEvent</scope><name>Execute</name></member>
      <member refid="class_gambling_1_1_gambling_event_1a911a99e82974e8d38663d41c764e4eb1" prot="public" virt="non-virtual" ambiguityscope="Gambling::GamblingEvent."><scope>Gambling::Positive::IncreaseExplosionPowerEvent</scope><name>Execute</name></member>
      <member refid="class_gambling_1_1_positive_1_1_increase_explosion_power_event_1a1e8df0aceb4e831ccfa82cfc2268c7d2" prot="private" virt="non-virtual"><scope>Gambling::Positive::IncreaseExplosionPowerEvent</scope><name>factor</name></member>
      <member refid="class_gambling_1_1_positive_1_1_increase_explosion_power_event_1a48f951cff678d7d81e5da214adadd19c" prot="public" virt="non-virtual"><scope>Gambling::Positive::IncreaseExplosionPowerEvent</scope><name>Name</name></member>
    </listofallmembers>
  </compounddef>
</doxygen>
