<?xml version='1.0' encoding='UTF-8' standalone='no'?>
<doxygen xmlns:xsi="http://www.w3.org/2001/XMLSchema-instance" xsi:noNamespaceSchemaLocation="compound.xsd" version="1.13.2" xml:lang="en-US">
  <compounddef id="class_wheel_of_fortune" kind="class" language="C#" prot="public">
    <compoundname>WheelOfFortune</compoundname>
    <basecompoundref prot="public" virt="non-virtual">MonoBehaviour</basecompoundref>
    <basecompoundref prot="public" virt="non-virtual">IBeginDragHandler</basecompoundref>
    <basecompoundref prot="public" virt="non-virtual">IDragHandler</basecompoundref>
    <basecompoundref prot="public" virt="non-virtual">IEndDragHandler</basecompoundref>
    <sectiondef kind="public-attrib">
      <memberdef kind="variable" id="class_wheel_of_fortune_1aa0640ce835e854f4ba50f9e53bbbd28d" prot="public" static="no" mutable="no">
        <type>RectTransform</type>
        <definition>RectTransform WheelOfFortune.wheel</definition>
        <argsstring></argsstring>
        <name>wheel</name>
        <qualifiedname>WheelOfFortune.wheel</qualifiedname>
        <briefdescription>
<para>Ссылка на колесо фортуны. </para>
        </briefdescription>
        <detaileddescription>
        </detaileddescription>
        <inbodydescription>
        </inbodydescription>
        <location file="WheelOfFortune.cs" line="10" column="26" bodyfile="WheelOfFortune.cs" bodystart="10" bodyend="-1"/>
      </memberdef>
      <memberdef kind="variable" id="class_wheel_of_fortune_1ae7e477ed8ef0565e88e83b5532ce3e81" prot="public" static="no" mutable="no">
        <type>float</type>
        <definition>float WheelOfFortune.minSpeed</definition>
        <argsstring></argsstring>
        <name>minSpeed</name>
        <qualifiedname>WheelOfFortune.minSpeed</qualifiedname>
        <initializer>= 200f</initializer>
        <briefdescription>
<para>Минимальная скорость вращения колеса. </para>
        </briefdescription>
        <detaileddescription>
        </detaileddescription>
        <inbodydescription>
        </inbodydescription>
        <location file="WheelOfFortune.cs" line="15" column="18" bodyfile="WheelOfFortune.cs" bodystart="15" bodyend="-1"/>
      </memberdef>
      <memberdef kind="variable" id="class_wheel_of_fortune_1a56043fd56b7169c51c06872aad6116b7" prot="public" static="no" mutable="no">
        <type>float</type>
        <definition>float WheelOfFortune.maxSpeed</definition>
        <argsstring></argsstring>
        <name>maxSpeed</name>
        <qualifiedname>WheelOfFortune.maxSpeed</qualifiedname>
        <initializer>= 1000f</initializer>
        <briefdescription>
<para>Максимальная скорость вращения колеса. </para>
        </briefdescription>
        <detaileddescription>
        </detaileddescription>
        <inbodydescription>
        </inbodydescription>
        <location file="WheelOfFortune.cs" line="20" column="18" bodyfile="WheelOfFortune.cs" bodystart="20" bodyend="-1"/>
      </memberdef>
      <memberdef kind="variable" id="class_wheel_of_fortune_1a5811506625fd7c619d98b0cbb24af344" prot="public" static="no" mutable="no">
        <type>float</type>
        <definition>float WheelOfFortune.decelerationTime</definition>
        <argsstring></argsstring>
        <name>decelerationTime</name>
        <qualifiedname>WheelOfFortune.decelerationTime</qualifiedname>
        <initializer>= 3f</initializer>
        <briefdescription>
<para>Время замедления колеса после начала вращения. </para>
        </briefdescription>
        <detaileddescription>
        </detaileddescription>
        <inbodydescription>
        </inbodydescription>
        <location file="WheelOfFortune.cs" line="25" column="18" bodyfile="WheelOfFortune.cs" bodystart="25" bodyend="-1"/>
      </memberdef>
      <memberdef kind="variable" id="class_wheel_of_fortune_1a8381f83fe74c63a7c3619115cd8c4851" prot="public" static="no" mutable="no">
        <type><ref refid="class_health_manager" kindref="compound">HealthManager</ref></type>
        <definition>HealthManager WheelOfFortune.gigaCatHealth</definition>
        <argsstring></argsstring>
        <name>gigaCatHealth</name>
        <qualifiedname>WheelOfFortune.gigaCatHealth</qualifiedname>
        <briefdescription>
<para>Ссылка на менеджер здоровья ГигаКота. </para>
        </briefdescription>
        <detaileddescription>
        </detaileddescription>
        <inbodydescription>
        </inbodydescription>
        <location file="WheelOfFortune.cs" line="51" column="26" bodyfile="WheelOfFortune.cs" bodystart="51" bodyend="-1"/>
      </memberdef>
      <memberdef kind="variable" id="class_wheel_of_fortune_1a376caef2d96ff173715248d2f31bfe20" prot="public" static="no" mutable="no">
        <type>Transform[]</type>
        <definition>Transform [] WheelOfFortune.meteorSources</definition>
        <argsstring></argsstring>
        <name>meteorSources</name>
        <qualifiedname>WheelOfFortune.meteorSources</qualifiedname>
        <briefdescription>
<para>Источники метеоров для возможных событий. </para>
        </briefdescription>
        <detaileddescription>
        </detaileddescription>
        <inbodydescription>
        </inbodydescription>
        <location file="WheelOfFortune.cs" line="57" column="22" bodyfile="WheelOfFortune.cs" bodystart="57" bodyend="-1"/>
      </memberdef>
      <memberdef kind="variable" id="class_wheel_of_fortune_1ad1d4aa3e2cf395da7deb35f967901499" prot="public" static="no" mutable="no">
        <type>GameObject</type>
        <definition>GameObject WheelOfFortune.fireballPref</definition>
        <argsstring></argsstring>
        <name>fireballPref</name>
        <qualifiedname>WheelOfFortune.fireballPref</qualifiedname>
        <briefdescription>
<para>Префаб огненного шара для событий с метеорами. </para>
        </briefdescription>
        <detaileddescription>
        </detaileddescription>
        <inbodydescription>
        </inbodydescription>
        <location file="WheelOfFortune.cs" line="62" column="23" bodyfile="WheelOfFortune.cs" bodystart="62" bodyend="-1"/>
      </memberdef>
      <memberdef kind="variable" id="class_wheel_of_fortune_1ae2466889031560959f1e7bd686748a95" prot="public" static="no" mutable="no">
        <type>GameObject</type>
        <definition>GameObject WheelOfFortune.ratPref</definition>
        <argsstring></argsstring>
        <name>ratPref</name>
        <qualifiedname>WheelOfFortune.ratPref</qualifiedname>
        <briefdescription>
<para>Префаб крысы для событий с крысами. </para>
        </briefdescription>
        <detaileddescription>
        </detaileddescription>
        <inbodydescription>
        </inbodydescription>
        <location file="WheelOfFortune.cs" line="68" column="23" bodyfile="WheelOfFortune.cs" bodystart="68" bodyend="-1"/>
      </memberdef>
      <memberdef kind="variable" id="class_wheel_of_fortune_1a326e6bbf312e8c9ee0ec8ec9eb35a3e3" prot="public" static="no" mutable="no">
        <type>Transform[]</type>
        <definition>Transform [] WheelOfFortune.spawnPoints</definition>
        <argsstring></argsstring>
        <name>spawnPoints</name>
        <qualifiedname>WheelOfFortune.spawnPoints</qualifiedname>
        <briefdescription>
<para>Точки спауна для крыс. </para>
        </briefdescription>
        <detaileddescription>
        </detaileddescription>
        <inbodydescription>
        </inbodydescription>
        <location file="WheelOfFortune.cs" line="73" column="22" bodyfile="WheelOfFortune.cs" bodystart="73" bodyend="-1"/>
      </memberdef>
      <memberdef kind="variable" id="class_wheel_of_fortune_1a4bc76cd1e400ef08ccc0a40ae813dce4" prot="public" static="no" mutable="no">
        <type>VisualEffect</type>
        <definition>VisualEffect WheelOfFortune.puffEffect</definition>
        <argsstring></argsstring>
        <name>puffEffect</name>
        <qualifiedname>WheelOfFortune.puffEffect</qualifiedname>
        <briefdescription>
<para>Эффект для появления пуха при спауне. </para>
        </briefdescription>
        <detaileddescription>
        </detaileddescription>
        <inbodydescription>
        </inbodydescription>
        <location file="WheelOfFortune.cs" line="78" column="25" bodyfile="WheelOfFortune.cs" bodystart="78" bodyend="-1"/>
      </memberdef>
      <memberdef kind="variable" id="class_wheel_of_fortune_1addd8db145a5b44bfd79a4af3ae7b46b6" prot="public" static="no" mutable="no">
        <type>Transform</type>
        <definition>Transform WheelOfFortune.mainParent</definition>
        <argsstring></argsstring>
        <name>mainParent</name>
        <qualifiedname>WheelOfFortune.mainParent</qualifiedname>
        <briefdescription>
<para>Основной родительский объект для управления положением. </para>
        </briefdescription>
        <detaileddescription>
        </detaileddescription>
        <inbodydescription>
        </inbodydescription>
        <location file="WheelOfFortune.cs" line="83" column="22" bodyfile="WheelOfFortune.cs" bodystart="83" bodyend="-1"/>
      </memberdef>
      <memberdef kind="variable" id="class_wheel_of_fortune_1a2331d94ed88945c50bba6f09a831d8d2" prot="public" static="no" mutable="no">
        <type><ref refid="class_slingshot" kindref="compound">Slingshot</ref></type>
        <definition>Slingshot WheelOfFortune.slingshot</definition>
        <argsstring></argsstring>
        <name>slingshot</name>
        <qualifiedname>WheelOfFortune.slingshot</qualifiedname>
        <briefdescription>
<para>Ссылка на объект катапульты для кота. </para>
        </briefdescription>
        <detaileddescription>
        </detaileddescription>
        <inbodydescription>
        </inbodydescription>
        <location file="WheelOfFortune.cs" line="89" column="22" bodyfile="WheelOfFortune.cs" bodystart="89" bodyend="-1"/>
      </memberdef>
    </sectiondef>
    <sectiondef kind="private-attrib">
      <memberdef kind="variable" id="class_wheel_of_fortune_1aa2edf42573b84b4c856f7ab6ffc207d0" prot="private" static="no" mutable="no">
        <type>bool</type>
        <definition>bool WheelOfFortune.isSpinning</definition>
        <argsstring></argsstring>
        <name>isSpinning</name>
        <qualifiedname>WheelOfFortune.isSpinning</qualifiedname>
        <initializer>= false</initializer>
        <briefdescription>
<para>Флаг, указывающий, что колесо сейчас вращается. </para>
        </briefdescription>
        <detaileddescription>
        </detaileddescription>
        <inbodydescription>
        </inbodydescription>
        <location file="WheelOfFortune.cs" line="30" column="18" bodyfile="WheelOfFortune.cs" bodystart="30" bodyend="-1"/>
      </memberdef>
      <memberdef kind="variable" id="class_wheel_of_fortune_1ac01462ad91e69b2a6e24e8901f289908" prot="private" static="no" mutable="no">
        <type>float</type>
        <definition>float WheelOfFortune.currentSpeed</definition>
        <argsstring></argsstring>
        <name>currentSpeed</name>
        <qualifiedname>WheelOfFortune.currentSpeed</qualifiedname>
        <initializer>= 0f</initializer>
        <briefdescription>
<para>Текущая скорость вращения колеса. </para>
        </briefdescription>
        <detaileddescription>
        </detaileddescription>
        <inbodydescription>
        </inbodydescription>
        <location file="WheelOfFortune.cs" line="35" column="19" bodyfile="WheelOfFortune.cs" bodystart="35" bodyend="-1"/>
      </memberdef>
      <memberdef kind="variable" id="class_wheel_of_fortune_1a03f81c5132329d8a6c1eafaec41dd505" prot="private" static="no" mutable="no">
        <type>Vector2</type>
        <definition>Vector2 WheelOfFortune.previousDragPosition</definition>
        <argsstring></argsstring>
        <name>previousDragPosition</name>
        <qualifiedname>WheelOfFortune.previousDragPosition</qualifiedname>
        <briefdescription>
<para>Позиция пальца на предыдущем кадре при перетаскивании. </para>
        </briefdescription>
        <detaileddescription>
        </detaileddescription>
        <inbodydescription>
        </inbodydescription>
        <location file="WheelOfFortune.cs" line="40" column="21" bodyfile="WheelOfFortune.cs" bodystart="40" bodyend="-1"/>
      </memberdef>
      <memberdef kind="variable" id="class_wheel_of_fortune_1a2c2ed204b5ccb6308bd4d02a225924b0" prot="private" static="no" mutable="no">
        <type>GamblingEvent[]</type>
        <definition>GamblingEvent [] WheelOfFortune.gamblingEvents</definition>
        <argsstring></argsstring>
        <name>gamblingEvents</name>
        <qualifiedname>WheelOfFortune.gamblingEvents</qualifiedname>
        <briefdescription>
<para>Массив игровых событий, которые могут произойти после остановки колеса. </para>
        </briefdescription>
        <detaileddescription>
        </detaileddescription>
        <inbodydescription>
        </inbodydescription>
        <location file="WheelOfFortune.cs" line="45" column="28" bodyfile="WheelOfFortune.cs" bodystart="45" bodyend="-1"/>
      </memberdef>
      <memberdef kind="variable" id="class_wheel_of_fortune_1a36ad84a2192ede6a6abf58d4ffec23b5" prot="private" static="no" mutable="no">
        <type>int</type>
        <definition>int WheelOfFortune.eventId</definition>
        <argsstring></argsstring>
        <name>eventId</name>
        <qualifiedname>WheelOfFortune.eventId</qualifiedname>
        <initializer>= 0</initializer>
        <briefdescription>
<para>Индекс текущего события в массиве. </para>
        </briefdescription>
        <detaileddescription>
        </detaileddescription>
        <inbodydescription>
        </inbodydescription>
        <location file="WheelOfFortune.cs" line="94" column="17" bodyfile="WheelOfFortune.cs" bodystart="94" bodyend="-1"/>
      </memberdef>
      <memberdef kind="variable" id="class_wheel_of_fortune_1a6abcb33018d597de8bf79849e3f43653" prot="private" static="no" mutable="no">
        <type>Animator</type>
        <definition>Animator WheelOfFortune.animator</definition>
        <argsstring></argsstring>
        <name>animator</name>
        <qualifiedname>WheelOfFortune.animator</qualifiedname>
        <briefdescription>
<para>Аниматор для анимаций колеса фортуны. </para>
        </briefdescription>
        <detaileddescription>
        </detaileddescription>
        <inbodydescription>
        </inbodydescription>
        <location file="WheelOfFortune.cs" line="100" column="23" bodyfile="WheelOfFortune.cs" bodystart="100" bodyend="-1"/>
      </memberdef>
      <memberdef kind="variable" id="class_wheel_of_fortune_1a5b9345d815412a975f180e966ace8a77" prot="private" static="no" mutable="no">
        <type><ref refid="class_camera_controller" kindref="compound">CameraController</ref></type>
        <definition>CameraController WheelOfFortune.cameraController</definition>
        <argsstring></argsstring>
        <name>cameraController</name>
        <qualifiedname>WheelOfFortune.cameraController</qualifiedname>
        <briefdescription>
<para>Контроллер камеры для управления камерой в процессе игры. </para>
        </briefdescription>
        <detaileddescription>
        </detaileddescription>
        <inbodydescription>
        </inbodydescription>
        <location file="WheelOfFortune.cs" line="105" column="31" bodyfile="WheelOfFortune.cs" bodystart="105" bodyend="-1"/>
      </memberdef>
      <memberdef kind="variable" id="class_wheel_of_fortune_1ae9da3bd1e741ff97866edb7e5ff73c2b" prot="private" static="no" mutable="no">
        <type><ref refid="class_game_manager" kindref="compound">GameManager</ref></type>
        <definition>GameManager WheelOfFortune.gameManager</definition>
        <argsstring></argsstring>
        <name>gameManager</name>
        <qualifiedname>WheelOfFortune.gameManager</qualifiedname>
        <briefdescription>
<para>Менеджер игры для управления состоянием игры. </para>
        </briefdescription>
        <detaileddescription>
        </detaileddescription>
        <inbodydescription>
        </inbodydescription>
        <location file="WheelOfFortune.cs" line="110" column="26" bodyfile="WheelOfFortune.cs" bodystart="110" bodyend="-1"/>
      </memberdef>
      <memberdef kind="variable" id="class_wheel_of_fortune_1a071a212d8c0b156a3ad3fadff8fd09e5" prot="private" static="no" mutable="no">
        <type>Transform[]</type>
        <definition>Transform [] WheelOfFortune.icons</definition>
        <argsstring></argsstring>
        <name>icons</name>
        <qualifiedname>WheelOfFortune.icons</qualifiedname>
        <briefdescription>
<para>Иконки, отображаемые на колесе фортуны. </para>
        </briefdescription>
        <detaileddescription>
        </detaileddescription>
        <inbodydescription>
        </inbodydescription>
        <location file="WheelOfFortune.cs" line="115" column="24" bodyfile="WheelOfFortune.cs" bodystart="115" bodyend="-1"/>
      </memberdef>
      <memberdef kind="variable" id="class_wheel_of_fortune_1a67a718f3ed0498a5caf12cd52e53ec2a" prot="private" static="no" mutable="no">
        <type>bool</type>
        <definition>bool WheelOfFortune.canUseMe</definition>
        <argsstring></argsstring>
        <name>canUseMe</name>
        <qualifiedname>WheelOfFortune.canUseMe</qualifiedname>
        <briefdescription>
<para>Флаг, указывающий, можно ли использовать колесо. </para>
        </briefdescription>
        <detaileddescription>
        </detaileddescription>
        <inbodydescription>
        </inbodydescription>
        <location file="WheelOfFortune.cs" line="120" column="18" bodyfile="WheelOfFortune.cs" bodystart="120" bodyend="-1"/>
      </memberdef>
    </sectiondef>
    <sectiondef kind="public-func">
      <memberdef kind="function" id="class_wheel_of_fortune_1a02fd6fbfe91357c78e82bd147a76fdc6" prot="public" static="no" const="no" explicit="no" inline="yes" virt="non-virtual">
        <type>void</type>
        <definition>void WheelOfFortune.ActivateMe</definition>
        <argsstring>()</argsstring>
        <name>ActivateMe</name>
        <qualifiedname>WheelOfFortune.ActivateMe</qualifiedname>
        <briefdescription>
<para>Метод для активации колеса фортуны, инициализирует параметры и отключает управление камерой. </para>
        </briefdescription>
        <detaileddescription>
        </detaileddescription>
        <inbodydescription>
        </inbodydescription>
        <location file="WheelOfFortune.cs" line="125" column="17" bodyfile="WheelOfFortune.cs" bodystart="125" bodyend="132"/>
      </memberdef>
      <memberdef kind="function" id="class_wheel_of_fortune_1a62e04d84f443a659307aa28995df5a9e" prot="public" static="no" const="no" explicit="no" inline="yes" virt="non-virtual">
        <type>void</type>
        <definition>void WheelOfFortune.DisableMe</definition>
        <argsstring>()</argsstring>
        <name>DisableMe</name>
        <qualifiedname>WheelOfFortune.DisableMe</qualifiedname>
        <briefdescription>
<para>Метод для деактивации колеса фортуны и возвращения в обычное состояние игры. </para>
        </briefdescription>
        <detaileddescription>
        </detaileddescription>
        <inbodydescription>
        </inbodydescription>
        <location file="WheelOfFortune.cs" line="144" column="17" bodyfile="WheelOfFortune.cs" bodystart="144" bodyend="149"/>
      </memberdef>
      <memberdef kind="function" id="class_wheel_of_fortune_1ac944399a9bff2db6bb6ebcd41a8f49c6" prot="public" static="no" const="no" explicit="no" inline="yes" virt="non-virtual">
        <type>void</type>
        <definition>void WheelOfFortune.OnBeginDrag</definition>
        <argsstring>(PointerEventData eventData)</argsstring>
        <name>OnBeginDrag</name>
        <qualifiedname>WheelOfFortune.OnBeginDrag</qualifiedname>
        <param>
          <type>PointerEventData</type>
          <declname>eventData</declname>
        </param>
        <briefdescription>
<para>Метод, срабатывающий при начале перетаскивания колесо. </para>
        </briefdescription>
        <detaileddescription>
        </detaileddescription>
        <inbodydescription>
        </inbodydescription>
        <location file="WheelOfFortune.cs" line="186" column="17" bodyfile="WheelOfFortune.cs" bodystart="186" bodyend="193"/>
      </memberdef>
      <memberdef kind="function" id="class_wheel_of_fortune_1a93d98fdd57d206824353fa6c331c58d5" prot="public" static="no" const="no" explicit="no" inline="yes" virt="non-virtual">
        <type>void</type>
        <definition>void WheelOfFortune.OnDrag</definition>
        <argsstring>(PointerEventData eventData)</argsstring>
        <name>OnDrag</name>
        <qualifiedname>WheelOfFortune.OnDrag</qualifiedname>
        <param>
          <type>PointerEventData</type>
          <declname>eventData</declname>
        </param>
        <briefdescription>
<para>Метод, срабатывающий при перетаскивании колесо. </para>
        </briefdescription>
        <detaileddescription>
        </detaileddescription>
        <inbodydescription>
        </inbodydescription>
        <location file="WheelOfFortune.cs" line="198" column="17" bodyfile="WheelOfFortune.cs" bodystart="198" bodyend="219"/>
      </memberdef>
      <memberdef kind="function" id="class_wheel_of_fortune_1aceb8cb4d257aaf0a2913f1312e99d3c0" prot="public" static="no" const="no" explicit="no" inline="yes" virt="non-virtual">
        <type>void</type>
        <definition>void WheelOfFortune.OnEndDrag</definition>
        <argsstring>(PointerEventData eventData)</argsstring>
        <name>OnEndDrag</name>
        <qualifiedname>WheelOfFortune.OnEndDrag</qualifiedname>
        <param>
          <type>PointerEventData</type>
          <declname>eventData</declname>
        </param>
        <briefdescription>
<para>Метод, срабатывающий при окончании перетаскивания колесо. Рассчитывает скорость вращения и запускает вращение. </para>
        </briefdescription>
        <detaileddescription>
        </detaileddescription>
        <inbodydescription>
        </inbodydescription>
        <location file="WheelOfFortune.cs" line="225" column="17" bodyfile="WheelOfFortune.cs" bodystart="225" bodyend="234"/>
      </memberdef>
    </sectiondef>
    <sectiondef kind="private-func">
      <memberdef kind="function" id="class_wheel_of_fortune_1ac24d488bc934a84c499e88ebfc40a83d" prot="private" static="no" const="no" explicit="no" inline="yes" virt="non-virtual">
        <type>void</type>
        <definition>void WheelOfFortune.CloseWheel</definition>
        <argsstring>()</argsstring>
        <name>CloseWheel</name>
        <qualifiedname>WheelOfFortune.CloseWheel</qualifiedname>
        <briefdescription>
<para>Метод для закрытия колеса фортуны, восстанавливает управление камерой. </para>
        </briefdescription>
        <detaileddescription>
        </detaileddescription>
        <inbodydescription>
        </inbodydescription>
        <location file="WheelOfFortune.cs" line="137" column="10" bodyfile="WheelOfFortune.cs" bodystart="137" bodyend="139"/>
      </memberdef>
      <memberdef kind="function" id="class_wheel_of_fortune_1a152744b01f0900d9b0e31eef95991bbd" prot="private" static="no" const="no" explicit="no" inline="yes" virt="non-virtual">
        <type>void</type>
        <definition>void WheelOfFortune.UseEvent</definition>
        <argsstring>()</argsstring>
        <name>UseEvent</name>
        <qualifiedname>WheelOfFortune.UseEvent</qualifiedname>
        <briefdescription>
<para>Использует событие, соответствующее текущему результату вращения. </para>
        </briefdescription>
        <detaileddescription>
        </detaileddescription>
        <inbodydescription>
        </inbodydescription>
        <location file="WheelOfFortune.cs" line="154" column="10" bodyfile="WheelOfFortune.cs" bodystart="154" bodyend="157"/>
      </memberdef>
      <memberdef kind="function" id="class_wheel_of_fortune_1afc4a509fe8573065dc24a85e7dd6ff07" prot="private" static="no" const="no" explicit="no" inline="yes" virt="non-virtual">
        <type>void</type>
        <definition>void WheelOfFortune.Update</definition>
        <argsstring>()</argsstring>
        <name>Update</name>
        <qualifiedname>WheelOfFortune.Update</qualifiedname>
        <briefdescription>
<para>Метод обновления, который отвечает за вращение колеса и его замедление. </para>
        </briefdescription>
        <detaileddescription>
        </detaileddescription>
        <inbodydescription>
        </inbodydescription>
        <location file="WheelOfFortune.cs" line="162" column="10" bodyfile="WheelOfFortune.cs" bodystart="162" bodyend="181"/>
      </memberdef>
      <memberdef kind="function" id="class_wheel_of_fortune_1a463342a1ba5abd05a77d722e5760946c" prot="private" static="no" const="no" explicit="no" inline="yes" virt="non-virtual">
        <type>void</type>
        <definition>void WheelOfFortune.DetermineResult</definition>
        <argsstring>()</argsstring>
        <name>DetermineResult</name>
        <qualifiedname>WheelOfFortune.DetermineResult</qualifiedname>
        <briefdescription>
<para>Определяет результат вращения колеса, исходя из угла остановки и количества слотов. </para>
        </briefdescription>
        <detaileddescription>
        </detaileddescription>
        <inbodydescription>
        </inbodydescription>
        <location file="WheelOfFortune.cs" line="239" column="18" bodyfile="WheelOfFortune.cs" bodystart="239" bodyend="251"/>
      </memberdef>
    </sectiondef>
    <briefdescription>
<para>Класс для управления колесом фортуны, включая логику вращения, перетаскивания и обработки результата. Также взаимодействует с игровыми событиями и различными объектами, такими как здоровье персонажа и спаун объектов. </para>
    </briefdescription>
    <detaileddescription>
    </detaileddescription>
    <inheritancegraph>
      <node id="3">
        <label>IBeginDragHandler</label>
      </node>
      <node id="4">
        <label>IDragHandler</label>
      </node>
      <node id="5">
        <label>IEndDragHandler</label>
      </node>
      <node id="2">
        <label>MonoBehaviour</label>
      </node>
      <node id="1">
        <label>WheelOfFortune</label>
        <link refid="class_wheel_of_fortune"/>
        <childnode refid="2" relation="public-inheritance">
        </childnode>
        <childnode refid="3" relation="public-inheritance">
        </childnode>
        <childnode refid="4" relation="public-inheritance">
        </childnode>
        <childnode refid="5" relation="public-inheritance">
        </childnode>
      </node>
    </inheritancegraph>
    <collaborationgraph>
      <node id="6">
        <label>HealthManager</label>
        <link refid="class_health_manager"/>
        <childnode refid="2" relation="public-inheritance">
        </childnode>
      </node>
      <node id="3">
        <label>IBeginDragHandler</label>
      </node>
      <node id="4">
        <label>IDragHandler</label>
      </node>
      <node id="5">
        <label>IEndDragHandler</label>
      </node>
      <node id="2">
        <label>MonoBehaviour</label>
      </node>
      <node id="7">
        <label>Slingshot</label>
        <link refid="class_slingshot"/>
        <childnode refid="2" relation="public-inheritance">
        </childnode>
      </node>
      <node id="1">
        <label>WheelOfFortune</label>
        <link refid="class_wheel_of_fortune"/>
        <childnode refid="2" relation="public-inheritance">
        </childnode>
        <childnode refid="3" relation="public-inheritance">
        </childnode>
        <childnode refid="4" relation="public-inheritance">
        </childnode>
        <childnode refid="5" relation="public-inheritance">
        </childnode>
        <childnode refid="6" relation="usage">
          <edgelabel>gigaCatHealth</edgelabel>
        </childnode>
        <childnode refid="7" relation="usage">
          <edgelabel>slingshot</edgelabel>
        </childnode>
      </node>
    </collaborationgraph>
    <location file="WheelOfFortune.cs" line="5" column="7" bodyfile="WheelOfFortune.cs" bodystart="6" bodyend="252"/>
    <listofallmembers>
      <member refid="class_wheel_of_fortune_1a02fd6fbfe91357c78e82bd147a76fdc6" prot="public" virt="non-virtual"><scope>WheelOfFortune</scope><name>ActivateMe</name></member>
      <member refid="class_wheel_of_fortune_1a6abcb33018d597de8bf79849e3f43653" prot="private" virt="non-virtual"><scope>WheelOfFortune</scope><name>animator</name></member>
      <member refid="class_wheel_of_fortune_1a5b9345d815412a975f180e966ace8a77" prot="private" virt="non-virtual"><scope>WheelOfFortune</scope><name>cameraController</name></member>
      <member refid="class_wheel_of_fortune_1a67a718f3ed0498a5caf12cd52e53ec2a" prot="private" virt="non-virtual"><scope>WheelOfFortune</scope><name>canUseMe</name></member>
      <member refid="class_wheel_of_fortune_1ac24d488bc934a84c499e88ebfc40a83d" prot="private" virt="non-virtual"><scope>WheelOfFortune</scope><name>CloseWheel</name></member>
      <member refid="class_wheel_of_fortune_1ac01462ad91e69b2a6e24e8901f289908" prot="private" virt="non-virtual"><scope>WheelOfFortune</scope><name>currentSpeed</name></member>
      <member refid="class_wheel_of_fortune_1a5811506625fd7c619d98b0cbb24af344" prot="public" virt="non-virtual"><scope>WheelOfFortune</scope><name>decelerationTime</name></member>
      <member refid="class_wheel_of_fortune_1a463342a1ba5abd05a77d722e5760946c" prot="private" virt="non-virtual"><scope>WheelOfFortune</scope><name>DetermineResult</name></member>
      <member refid="class_wheel_of_fortune_1a62e04d84f443a659307aa28995df5a9e" prot="public" virt="non-virtual"><scope>WheelOfFortune</scope><name>DisableMe</name></member>
      <member refid="class_wheel_of_fortune_1a36ad84a2192ede6a6abf58d4ffec23b5" prot="private" virt="non-virtual"><scope>WheelOfFortune</scope><name>eventId</name></member>
      <member refid="class_wheel_of_fortune_1ad1d4aa3e2cf395da7deb35f967901499" prot="public" virt="non-virtual"><scope>WheelOfFortune</scope><name>fireballPref</name></member>
      <member refid="class_wheel_of_fortune_1a2c2ed204b5ccb6308bd4d02a225924b0" prot="private" virt="non-virtual"><scope>WheelOfFortune</scope><name>gamblingEvents</name></member>
      <member refid="class_wheel_of_fortune_1ae9da3bd1e741ff97866edb7e5ff73c2b" prot="private" virt="non-virtual"><scope>WheelOfFortune</scope><name>gameManager</name></member>
      <member refid="class_wheel_of_fortune_1a8381f83fe74c63a7c3619115cd8c4851" prot="public" virt="non-virtual"><scope>WheelOfFortune</scope><name>gigaCatHealth</name></member>
      <member refid="class_wheel_of_fortune_1a071a212d8c0b156a3ad3fadff8fd09e5" prot="private" virt="non-virtual"><scope>WheelOfFortune</scope><name>icons</name></member>
      <member refid="class_wheel_of_fortune_1aa2edf42573b84b4c856f7ab6ffc207d0" prot="private" virt="non-virtual"><scope>WheelOfFortune</scope><name>isSpinning</name></member>
      <member refid="class_wheel_of_fortune_1addd8db145a5b44bfd79a4af3ae7b46b6" prot="public" virt="non-virtual"><scope>WheelOfFortune</scope><name>mainParent</name></member>
      <member refid="class_wheel_of_fortune_1a56043fd56b7169c51c06872aad6116b7" prot="public" virt="non-virtual"><scope>WheelOfFortune</scope><name>maxSpeed</name></member>
      <member refid="class_wheel_of_fortune_1a376caef2d96ff173715248d2f31bfe20" prot="public" virt="non-virtual"><scope>WheelOfFortune</scope><name>meteorSources</name></member>
      <member refid="class_wheel_of_fortune_1ae7e477ed8ef0565e88e83b5532ce3e81" prot="public" virt="non-virtual"><scope>WheelOfFortune</scope><name>minSpeed</name></member>
      <member refid="class_wheel_of_fortune_1ac944399a9bff2db6bb6ebcd41a8f49c6" prot="public" virt="non-virtual"><scope>WheelOfFortune</scope><name>OnBeginDrag</name></member>
      <member refid="class_wheel_of_fortune_1a93d98fdd57d206824353fa6c331c58d5" prot="public" virt="non-virtual"><scope>WheelOfFortune</scope><name>OnDrag</name></member>
      <member refid="class_wheel_of_fortune_1aceb8cb4d257aaf0a2913f1312e99d3c0" prot="public" virt="non-virtual"><scope>WheelOfFortune</scope><name>OnEndDrag</name></member>
      <member refid="class_wheel_of_fortune_1a03f81c5132329d8a6c1eafaec41dd505" prot="private" virt="non-virtual"><scope>WheelOfFortune</scope><name>previousDragPosition</name></member>
      <member refid="class_wheel_of_fortune_1a4bc76cd1e400ef08ccc0a40ae813dce4" prot="public" virt="non-virtual"><scope>WheelOfFortune</scope><name>puffEffect</name></member>
      <member refid="class_wheel_of_fortune_1ae2466889031560959f1e7bd686748a95" prot="public" virt="non-virtual"><scope>WheelOfFortune</scope><name>ratPref</name></member>
      <member refid="class_wheel_of_fortune_1a2331d94ed88945c50bba6f09a831d8d2" prot="public" virt="non-virtual"><scope>WheelOfFortune</scope><name>slingshot</name></member>
      <member refid="class_wheel_of_fortune_1a326e6bbf312e8c9ee0ec8ec9eb35a3e3" prot="public" virt="non-virtual"><scope>WheelOfFortune</scope><name>spawnPoints</name></member>
      <member refid="class_wheel_of_fortune_1afc4a509fe8573065dc24a85e7dd6ff07" prot="private" virt="non-virtual"><scope>WheelOfFortune</scope><name>Update</name></member>
      <member refid="class_wheel_of_fortune_1a152744b01f0900d9b0e31eef95991bbd" prot="private" virt="non-virtual"><scope>WheelOfFortune</scope><name>UseEvent</name></member>
      <member refid="class_wheel_of_fortune_1aa0640ce835e854f4ba50f9e53bbbd28d" prot="public" virt="non-virtual"><scope>WheelOfFortune</scope><name>wheel</name></member>
    </listofallmembers>
  </compounddef>
</doxygen>
