<?xml version='1.0' encoding='UTF-8' standalone='no'?>
<doxygen xmlns:xsi="http://www.w3.org/2001/XMLSchema-instance" xsi:noNamespaceSchemaLocation="compound.xsd" version="1.13.2" xml:lang="en-US">
  <compounddef id="class_menu" kind="class" language="C#" prot="public">
    <compoundname>Menu</compoundname>
    <basecompoundref prot="public" virt="non-virtual">MonoBehaviour</basecompoundref>
    <sectiondef kind="private-attrib">
      <memberdef kind="variable" id="class_menu_1a13def9bdc8590a7c9315b2f658ad6cf3" prot="private" static="no" mutable="no">
        <type>Animator</type>
        <definition>Animator Menu.animatorFade</definition>
        <argsstring></argsstring>
        <name>animatorFade</name>
        <qualifiedname>Menu.animatorFade</qualifiedname>
        <briefdescription>
<para>Аниматор для затемнения экрана. </para>
        </briefdescription>
        <detaileddescription>
        </detaileddescription>
        <inbodydescription>
        </inbodydescription>
        <location file="Menu/Menu.cs" line="13" column="23" bodyfile="Menu/Menu.cs" bodystart="13" bodyend="-1"/>
      </memberdef>
      <memberdef kind="variable" id="class_menu_1abe4fbeea70c612e9513e9bbaca0b05d9" prot="private" static="no" mutable="no">
        <type>Animator</type>
        <definition>Animator Menu.animatorSigmaCat</definition>
        <argsstring></argsstring>
        <name>animatorSigmaCat</name>
        <qualifiedname>Menu.animatorSigmaCat</qualifiedname>
        <briefdescription>
<para>Аниматор для анимации кота в меню. </para>
        </briefdescription>
        <detaileddescription>
        </detaileddescription>
        <inbodydescription>
        </inbodydescription>
        <location file="Menu/Menu.cs" line="18" column="23" bodyfile="Menu/Menu.cs" bodystart="18" bodyend="-1"/>
      </memberdef>
      <memberdef kind="variable" id="class_menu_1a61f0911da874dd433f7912f5b493f004" prot="private" static="no" mutable="no">
        <type>Animator</type>
        <definition>Animator Menu.exitWarningAnim</definition>
        <argsstring></argsstring>
        <name>exitWarningAnim</name>
        <qualifiedname>Menu.exitWarningAnim</qualifiedname>
        <briefdescription>
<para>Аниматор предупреждения о выходе. </para>
        </briefdescription>
        <detaileddescription>
        </detaileddescription>
        <inbodydescription>
        </inbodydescription>
        <location file="Menu/Menu.cs" line="23" column="23" bodyfile="Menu/Menu.cs" bodystart="23" bodyend="-1"/>
      </memberdef>
      <memberdef kind="variable" id="class_menu_1ad32c1452a636a56a90ff8fe2053947e7" prot="private" static="no" mutable="no">
        <type>bool</type>
        <definition>bool Menu.ableToPressBtns</definition>
        <argsstring></argsstring>
        <name>ableToPressBtns</name>
        <qualifiedname>Menu.ableToPressBtns</qualifiedname>
        <briefdescription>
<para>Флаг, можно ли нажимать кнопки. </para>
        </briefdescription>
        <detaileddescription>
        </detaileddescription>
        <inbodydescription>
        </inbodydescription>
        <location file="Menu/Menu.cs" line="28" column="18" bodyfile="Menu/Menu.cs" bodystart="28" bodyend="-1"/>
      </memberdef>
      <memberdef kind="variable" id="class_menu_1a3fb429b819291010a561d35a34da01f3" prot="private" static="no" mutable="no">
        <type>bool</type>
        <definition>bool Menu.musicIsON</definition>
        <argsstring></argsstring>
        <name>musicIsON</name>
        <qualifiedname>Menu.musicIsON</qualifiedname>
        <briefdescription>
<para>Флаг включения музыки. </para>
        </briefdescription>
        <detaileddescription>
        </detaileddescription>
        <inbodydescription>
        </inbodydescription>
        <location file="Menu/Menu.cs" line="35" column="18" bodyfile="Menu/Menu.cs" bodystart="35" bodyend="-1"/>
      </memberdef>
      <memberdef kind="variable" id="class_menu_1a684f3f2c72bda3265f56c6d3eccf0d17" prot="private" static="no" mutable="no">
        <type>bool</type>
        <definition>bool Menu.soundIsON</definition>
        <argsstring></argsstring>
        <name>soundIsON</name>
        <qualifiedname>Menu.soundIsON</qualifiedname>
        <briefdescription>
<para>Флаг включения звуковых эффектов. </para>
        </briefdescription>
        <detaileddescription>
        </detaileddescription>
        <inbodydescription>
        </inbodydescription>
        <location file="Menu/Menu.cs" line="40" column="18" bodyfile="Menu/Menu.cs" bodystart="40" bodyend="-1"/>
      </memberdef>
      <memberdef kind="variable" id="class_menu_1a439e72355dd45facd093fb598349e07e" prot="private" static="no" mutable="no">
        <type>bool</type>
        <definition>bool Menu.bloomIsON</definition>
        <argsstring></argsstring>
        <name>bloomIsON</name>
        <qualifiedname>Menu.bloomIsON</qualifiedname>
        <briefdescription>
<para>Флаг включения эффекта Bloom. </para>
        </briefdescription>
        <detaileddescription>
        </detaileddescription>
        <inbodydescription>
        </inbodydescription>
        <location file="Menu/Menu.cs" line="45" column="18" bodyfile="Menu/Menu.cs" bodystart="45" bodyend="-1"/>
      </memberdef>
      <memberdef kind="variable" id="class_menu_1abaab5a423123e2ef6aada609e35793ea" prot="private" static="no" mutable="no">
        <type>GameObject[]</type>
        <definition>GameObject [] Menu.soundnosound</definition>
        <argsstring></argsstring>
        <name>soundnosound</name>
        <qualifiedname>Menu.soundnosound</qualifiedname>
        <briefdescription>
<para>Элементы интерфейса для отображения состояния звуковых эффектов. </para>
        </briefdescription>
        <detaileddescription>
        </detaileddescription>
        <inbodydescription>
        </inbodydescription>
        <location file="Menu/Menu.cs" line="50" column="25" bodyfile="Menu/Menu.cs" bodystart="50" bodyend="-1"/>
      </memberdef>
      <memberdef kind="variable" id="class_menu_1a86702174f19bffdaa5081e733d292c2a" prot="private" static="no" mutable="no">
        <type>GameObject</type>
        <definition>GameObject Menu.imgMusic</definition>
        <argsstring></argsstring>
        <name>imgMusic</name>
        <qualifiedname>Menu.imgMusic</qualifiedname>
        <briefdescription>
<para>Изображение, показывающее, выключена ли музыка. </para>
        </briefdescription>
        <detaileddescription>
        </detaileddescription>
        <inbodydescription>
        </inbodydescription>
        <location file="Menu/Menu.cs" line="55" column="25" bodyfile="Menu/Menu.cs" bodystart="55" bodyend="-1"/>
      </memberdef>
      <memberdef kind="variable" id="class_menu_1adaed0279a549fd166bd739b12ac76ec9" prot="private" static="no" mutable="no">
        <type>GameObject</type>
        <definition>GameObject Menu.imgBloom</definition>
        <argsstring></argsstring>
        <name>imgBloom</name>
        <qualifiedname>Menu.imgBloom</qualifiedname>
        <briefdescription>
<para>Изображение, показывающее, выключен ли эффект Bloom. </para>
        </briefdescription>
        <detaileddescription>
        </detaileddescription>
        <inbodydescription>
        </inbodydescription>
        <location file="Menu/Menu.cs" line="60" column="25" bodyfile="Menu/Menu.cs" bodystart="60" bodyend="-1"/>
      </memberdef>
      <memberdef kind="variable" id="class_menu_1ac705af18eb94c2856f0754368cd1a08c" prot="private" static="no" mutable="no">
        <type>AudioSource</type>
        <definition>AudioSource Menu.audioSource</definition>
        <argsstring></argsstring>
        <name>audioSource</name>
        <qualifiedname>Menu.audioSource</qualifiedname>
        <briefdescription>
<para>Источник воспроизведения звуковых эффектов. </para>
        </briefdescription>
        <detaileddescription>
        </detaileddescription>
        <inbodydescription>
        </inbodydescription>
        <location file="Menu/Menu.cs" line="67" column="26" bodyfile="Menu/Menu.cs" bodystart="67" bodyend="-1"/>
      </memberdef>
      <memberdef kind="variable" id="class_menu_1a5de4586a2e1df379fbf70dafdd39abfc" prot="private" static="no" mutable="no">
        <type>AudioClip[]</type>
        <definition>AudioClip [] Menu.uiSounds</definition>
        <argsstring></argsstring>
        <name>uiSounds</name>
        <qualifiedname>Menu.uiSounds</qualifiedname>
        <briefdescription>
<para>Массив звуковых эффектов UI. </para>
        </briefdescription>
        <detaileddescription>
        </detaileddescription>
        <inbodydescription>
        </inbodydescription>
        <location file="Menu/Menu.cs" line="72" column="24" bodyfile="Menu/Menu.cs" bodystart="72" bodyend="-1"/>
      </memberdef>
      <memberdef kind="variable" id="class_menu_1a5b98de467a1d795b729ee799bebd2dcb" prot="private" static="no" mutable="no">
        <type><ref refid="class_music_manager" kindref="compound">MusicManager</ref></type>
        <definition>MusicManager Menu.musicManager</definition>
        <argsstring></argsstring>
        <name>musicManager</name>
        <qualifiedname>Menu.musicManager</qualifiedname>
        <briefdescription>
<para>Управление музыкой в игре. </para>
        </briefdescription>
        <detaileddescription>
        </detaileddescription>
        <inbodydescription>
        </inbodydescription>
        <location file="Menu/Menu.cs" line="77" column="27" bodyfile="Menu/Menu.cs" bodystart="77" bodyend="-1"/>
      </memberdef>
      <memberdef kind="variable" id="class_menu_1ac161644192fd87adbfc2aa9dd2b6ec3e" prot="private" static="no" mutable="no">
        <type>AudioSource</type>
        <definition>AudioSource Menu.musicSource</definition>
        <argsstring></argsstring>
        <name>musicSource</name>
        <qualifiedname>Menu.musicSource</qualifiedname>
        <briefdescription>
<para>Источник фоновой музыки. </para>
        </briefdescription>
        <detaileddescription>
        </detaileddescription>
        <inbodydescription>
        </inbodydescription>
        <location file="Menu/Menu.cs" line="82" column="26" bodyfile="Menu/Menu.cs" bodystart="82" bodyend="-1"/>
      </memberdef>
      <memberdef kind="variable" id="class_menu_1a9433b6277e6f02f4fc463da7aa731461" prot="private" static="no" mutable="no">
        <type>AudioMixer</type>
        <definition>AudioMixer Menu.audioMixer</definition>
        <argsstring></argsstring>
        <name>audioMixer</name>
        <qualifiedname>Menu.audioMixer</qualifiedname>
        <briefdescription>
<para>Аудиомикшер для управления громкостью. </para>
        </briefdescription>
        <detaileddescription>
        </detaileddescription>
        <inbodydescription>
        </inbodydescription>
        <location file="Menu/Menu.cs" line="87" column="25" bodyfile="Menu/Menu.cs" bodystart="87" bodyend="-1"/>
      </memberdef>
    </sectiondef>
    <sectiondef kind="private-func">
      <memberdef kind="function" id="class_menu_1a03cc1878d4f17fe540ded9fab03351d2" prot="private" static="no" const="no" explicit="no" inline="yes" virt="non-virtual">
        <type>void</type>
        <definition>void Menu.Start</definition>
        <argsstring>()</argsstring>
        <name>Start</name>
        <qualifiedname>Menu.Start</qualifiedname>
        <briefdescription>
<para>Инициализация меню, загрузка настроек и запуск анимации. </para>
        </briefdescription>
        <detaileddescription>
        </detaileddescription>
        <inbodydescription>
        </inbodydescription>
        <location file="Menu/Menu.cs" line="92" column="18" bodyfile="Menu/Menu.cs" bodystart="92" bodyend="126"/>
      </memberdef>
      <memberdef kind="function" id="class_menu_1aefe1b11fe855736185cd0ec9f43da69e" prot="private" static="no" const="no" explicit="no" inline="yes" virt="non-virtual">
        <type>void</type>
        <definition>void Menu.FadeOut</definition>
        <argsstring>()</argsstring>
        <name>FadeOut</name>
        <qualifiedname>Menu.FadeOut</qualifiedname>
        <briefdescription>
<para>Запускает анимацию исчезновения затемнения. </para>
        </briefdescription>
        <detaileddescription>
        </detaileddescription>
        <inbodydescription>
        </inbodydescription>
        <location file="Menu/Menu.cs" line="131" column="18" bodyfile="Menu/Menu.cs" bodystart="131" bodyend="134"/>
      </memberdef>
      <memberdef kind="function" id="class_menu_1a8712e47e5ba00f80bf162259636d079f" prot="private" static="no" const="no" explicit="no" inline="yes" virt="non-virtual">
        <type>void</type>
        <definition>void Menu.SetButtons</definition>
        <argsstring>()</argsstring>
        <name>SetButtons</name>
        <qualifiedname>Menu.SetButtons</qualifiedname>
        <briefdescription>
<para>Разрешает нажатие кнопок. </para>
        </briefdescription>
        <detaileddescription>
        </detaileddescription>
        <inbodydescription>
        </inbodydescription>
        <location file="Menu/Menu.cs" line="139" column="18" bodyfile="Menu/Menu.cs" bodystart="139" bodyend="142"/>
      </memberdef>
      <memberdef kind="function" id="class_menu_1a17e92d8f6f66af3c3945a991b1bffd1a" prot="private" static="no" const="no" explicit="no" inline="yes" virt="non-virtual">
        <type>void</type>
        <definition>void Menu.watchTrailer</definition>
        <argsstring>()</argsstring>
        <name>watchTrailer</name>
        <qualifiedname>Menu.watchTrailer</qualifiedname>
        <briefdescription>
<para>Загружает сцену трейлера. </para>
        </briefdescription>
        <detaileddescription>
        </detaileddescription>
        <inbodydescription>
        </inbodydescription>
        <location file="Menu/Menu.cs" line="195" column="18" bodyfile="Menu/Menu.cs" bodystart="195" bodyend="198"/>
      </memberdef>
      <memberdef kind="function" id="class_menu_1ad851f3da3673ce50ea8e3b56c22d878b" prot="private" static="no" const="no" explicit="no" inline="yes" virt="non-virtual">
        <type>void</type>
        <definition>void Menu.LoadFirstLvl</definition>
        <argsstring>()</argsstring>
        <name>LoadFirstLvl</name>
        <qualifiedname>Menu.LoadFirstLvl</qualifiedname>
        <briefdescription>
<para>Загружает первый уровень. </para>
        </briefdescription>
        <detaileddescription>
        </detaileddescription>
        <inbodydescription>
        </inbodydescription>
        <location file="Menu/Menu.cs" line="260" column="18" bodyfile="Menu/Menu.cs" bodystart="260" bodyend="263"/>
      </memberdef>
    </sectiondef>
    <sectiondef kind="public-func">
      <memberdef kind="function" id="class_menu_1abef5508e6d5ad885fecfd26bb37a1c73" prot="public" static="no" const="no" explicit="no" inline="yes" virt="non-virtual">
        <type>void</type>
        <definition>void Menu.PlayBtnSound</definition>
        <argsstring>()</argsstring>
        <name>PlayBtnSound</name>
        <qualifiedname>Menu.PlayBtnSound</qualifiedname>
        <briefdescription>
<para>Воспроизводит звук нажатия кнопки. </para>
        </briefdescription>
        <detaileddescription>
        </detaileddescription>
        <inbodydescription>
        </inbodydescription>
        <location file="Menu/Menu.cs" line="147" column="17" bodyfile="Menu/Menu.cs" bodystart="147" bodyend="150"/>
      </memberdef>
      <memberdef kind="function" id="class_menu_1a51541d57cbdcf465500ce3e0b9897344" prot="public" static="no" const="no" explicit="no" inline="yes" virt="non-virtual">
        <type>void</type>
        <definition>void Menu.PlayPlaySound</definition>
        <argsstring>()</argsstring>
        <name>PlayPlaySound</name>
        <qualifiedname>Menu.PlayPlaySound</qualifiedname>
        <briefdescription>
<para>Воспроизводит звук кнопки &quot;Играть&quot;. </para>
        </briefdescription>
        <detaileddescription>
        </detaileddescription>
        <inbodydescription>
        </inbodydescription>
        <location file="Menu/Menu.cs" line="155" column="17" bodyfile="Menu/Menu.cs" bodystart="155" bodyend="158"/>
      </memberdef>
      <memberdef kind="function" id="class_menu_1a9d23a3414240f4988f6109f065a2c529" prot="public" static="no" const="no" explicit="no" inline="yes" virt="non-virtual">
        <type>void</type>
        <definition>void Menu.PlayCancelSound</definition>
        <argsstring>()</argsstring>
        <name>PlayCancelSound</name>
        <qualifiedname>Menu.PlayCancelSound</qualifiedname>
        <briefdescription>
<para>Воспроизводит звук кнопки &quot;Отмена&quot;. </para>
        </briefdescription>
        <detaileddescription>
        </detaileddescription>
        <inbodydescription>
        </inbodydescription>
        <location file="Menu/Menu.cs" line="163" column="17" bodyfile="Menu/Menu.cs" bodystart="163" bodyend="166"/>
      </memberdef>
      <memberdef kind="function" id="class_menu_1a6f74decd623331d52194fc33a4096846" prot="public" static="no" const="no" explicit="no" inline="yes" virt="non-virtual">
        <type>void</type>
        <definition>void Menu.TurnBloom</definition>
        <argsstring>()</argsstring>
        <name>TurnBloom</name>
        <qualifiedname>Menu.TurnBloom</qualifiedname>
        <briefdescription>
<para>Переключает эффект Bloom. </para>
        </briefdescription>
        <detaileddescription>
        </detaileddescription>
        <inbodydescription>
        </inbodydescription>
        <location file="Menu/Menu.cs" line="171" column="17" bodyfile="Menu/Menu.cs" bodystart="171" bodyend="178"/>
      </memberdef>
      <memberdef kind="function" id="class_menu_1ad0c5dcfbc2e51c7d56952069e367a889" prot="public" static="no" const="no" explicit="no" inline="yes" virt="non-virtual">
        <type>void</type>
        <definition>void Menu.WatchTrailerAgain</definition>
        <argsstring>()</argsstring>
        <name>WatchTrailerAgain</name>
        <qualifiedname>Menu.WatchTrailerAgain</qualifiedname>
        <briefdescription>
<para>Перезапускает просмотр трейлера. </para>
        </briefdescription>
        <detaileddescription>
        </detaileddescription>
        <inbodydescription>
        </inbodydescription>
        <location file="Menu/Menu.cs" line="183" column="17" bodyfile="Menu/Menu.cs" bodystart="183" bodyend="190"/>
      </memberdef>
      <memberdef kind="function" id="class_menu_1aea111e3c75d98458d0d24c709c31ef1f" prot="public" static="no" const="no" explicit="no" inline="yes" virt="non-virtual">
        <type>void</type>
        <definition>void Menu.MainSoundBtn</definition>
        <argsstring>()</argsstring>
        <name>MainSoundBtn</name>
        <qualifiedname>Menu.MainSoundBtn</qualifiedname>
        <briefdescription>
<para>Включает или выключает основные звуки. </para>
        </briefdescription>
        <detaileddescription>
        </detaileddescription>
        <inbodydescription>
        </inbodydescription>
        <location file="Menu/Menu.cs" line="203" column="17" bodyfile="Menu/Menu.cs" bodystart="203" bodyend="221"/>
      </memberdef>
      <memberdef kind="function" id="class_menu_1afc6c3a2b5b659884cab9d1376e3bff67" prot="public" static="no" const="no" explicit="no" inline="yes" virt="non-virtual">
        <type>void</type>
        <definition>void Menu.MusicBtn</definition>
        <argsstring>()</argsstring>
        <name>MusicBtn</name>
        <qualifiedname>Menu.MusicBtn</qualifiedname>
        <briefdescription>
<para>Включает или выключает музыку. </para>
        </briefdescription>
        <detaileddescription>
        </detaileddescription>
        <inbodydescription>
        </inbodydescription>
        <location file="Menu/Menu.cs" line="226" column="17" bodyfile="Menu/Menu.cs" bodystart="226" bodyend="242"/>
      </memberdef>
      <memberdef kind="function" id="class_menu_1a76f0c00b753ee9c1c841fc86d932aad1" prot="public" static="no" const="no" explicit="no" inline="yes" virt="non-virtual">
        <type>void</type>
        <definition>void Menu.PlayButton</definition>
        <argsstring>()</argsstring>
        <name>PlayButton</name>
        <qualifiedname>Menu.PlayButton</qualifiedname>
        <briefdescription>
<para>Начинает загрузку первого уровня. </para>
        </briefdescription>
        <detaileddescription>
        </detaileddescription>
        <inbodydescription>
        </inbodydescription>
        <location file="Menu/Menu.cs" line="247" column="17" bodyfile="Menu/Menu.cs" bodystart="247" bodyend="255"/>
      </memberdef>
      <memberdef kind="function" id="class_menu_1ad61313c822998f2311e579b7add22066" prot="public" static="no" const="no" explicit="no" inline="yes" virt="non-virtual">
        <type>void</type>
        <definition>void Menu.ExitApp</definition>
        <argsstring>()</argsstring>
        <name>ExitApp</name>
        <qualifiedname>Menu.ExitApp</qualifiedname>
        <briefdescription>
<para>Открывает окно подтверждения выхода из игры. </para>
        </briefdescription>
        <detaileddescription>
        </detaileddescription>
        <inbodydescription>
        </inbodydescription>
        <location file="Menu/Menu.cs" line="268" column="17" bodyfile="Menu/Menu.cs" bodystart="268" bodyend="274"/>
      </memberdef>
      <memberdef kind="function" id="class_menu_1a980361847aeed1cbb2b95ea4538c64ae" prot="public" static="no" const="no" explicit="no" inline="yes" virt="non-virtual">
        <type>void</type>
        <definition>void Menu.CloseExitMenu</definition>
        <argsstring>()</argsstring>
        <name>CloseExitMenu</name>
        <qualifiedname>Menu.CloseExitMenu</qualifiedname>
        <briefdescription>
<para>Закрывает окно подтверждения выхода. </para>
        </briefdescription>
        <detaileddescription>
        </detaileddescription>
        <inbodydescription>
        </inbodydescription>
        <location file="Menu/Menu.cs" line="279" column="17" bodyfile="Menu/Menu.cs" bodystart="279" bodyend="283"/>
      </memberdef>
      <memberdef kind="function" id="class_menu_1aef2471f2b958e1a2b6d4895755600322" prot="public" static="no" const="no" explicit="no" inline="yes" virt="non-virtual">
        <type>void</type>
        <definition>void Menu.ConfirmExit</definition>
        <argsstring>()</argsstring>
        <name>ConfirmExit</name>
        <qualifiedname>Menu.ConfirmExit</qualifiedname>
        <briefdescription>
<para>Завершает работу приложения. </para>
        </briefdescription>
        <detaileddescription>
        </detaileddescription>
        <inbodydescription>
        </inbodydescription>
        <location file="Menu/Menu.cs" line="288" column="17" bodyfile="Menu/Menu.cs" bodystart="288" bodyend="291"/>
      </memberdef>
    </sectiondef>
    <briefdescription>
<para>Класс управления главным меню игры, включая анимации, настройки звука и графики. </para>
    </briefdescription>
    <detaileddescription>
    </detaileddescription>
    <inheritancegraph>
      <node id="1">
        <label>Menu</label>
        <link refid="class_menu"/>
        <childnode refid="2" relation="public-inheritance">
        </childnode>
      </node>
      <node id="2">
        <label>MonoBehaviour</label>
      </node>
    </inheritancegraph>
    <collaborationgraph>
      <node id="1">
        <label>Menu</label>
        <link refid="class_menu"/>
        <childnode refid="2" relation="public-inheritance">
        </childnode>
      </node>
      <node id="2">
        <label>MonoBehaviour</label>
      </node>
    </collaborationgraph>
    <location file="Menu/Menu.cs" line="8" column="7" bodyfile="Menu/Menu.cs" bodystart="9" bodyend="292"/>
    <listofallmembers>
      <member refid="class_menu_1ad32c1452a636a56a90ff8fe2053947e7" prot="private" virt="non-virtual"><scope>Menu</scope><name>ableToPressBtns</name></member>
      <member refid="class_menu_1a13def9bdc8590a7c9315b2f658ad6cf3" prot="private" virt="non-virtual"><scope>Menu</scope><name>animatorFade</name></member>
      <member refid="class_menu_1abe4fbeea70c612e9513e9bbaca0b05d9" prot="private" virt="non-virtual"><scope>Menu</scope><name>animatorSigmaCat</name></member>
      <member refid="class_menu_1a9433b6277e6f02f4fc463da7aa731461" prot="private" virt="non-virtual"><scope>Menu</scope><name>audioMixer</name></member>
      <member refid="class_menu_1ac705af18eb94c2856f0754368cd1a08c" prot="private" virt="non-virtual"><scope>Menu</scope><name>audioSource</name></member>
      <member refid="class_menu_1a439e72355dd45facd093fb598349e07e" prot="private" virt="non-virtual"><scope>Menu</scope><name>bloomIsON</name></member>
      <member refid="class_menu_1a980361847aeed1cbb2b95ea4538c64ae" prot="public" virt="non-virtual"><scope>Menu</scope><name>CloseExitMenu</name></member>
      <member refid="class_menu_1aef2471f2b958e1a2b6d4895755600322" prot="public" virt="non-virtual"><scope>Menu</scope><name>ConfirmExit</name></member>
      <member refid="class_menu_1ad61313c822998f2311e579b7add22066" prot="public" virt="non-virtual"><scope>Menu</scope><name>ExitApp</name></member>
      <member refid="class_menu_1a61f0911da874dd433f7912f5b493f004" prot="private" virt="non-virtual"><scope>Menu</scope><name>exitWarningAnim</name></member>
      <member refid="class_menu_1aefe1b11fe855736185cd0ec9f43da69e" prot="private" virt="non-virtual"><scope>Menu</scope><name>FadeOut</name></member>
      <member refid="class_menu_1adaed0279a549fd166bd739b12ac76ec9" prot="private" virt="non-virtual"><scope>Menu</scope><name>imgBloom</name></member>
      <member refid="class_menu_1a86702174f19bffdaa5081e733d292c2a" prot="private" virt="non-virtual"><scope>Menu</scope><name>imgMusic</name></member>
      <member refid="class_menu_1ad851f3da3673ce50ea8e3b56c22d878b" prot="private" virt="non-virtual"><scope>Menu</scope><name>LoadFirstLvl</name></member>
      <member refid="class_menu_1aea111e3c75d98458d0d24c709c31ef1f" prot="public" virt="non-virtual"><scope>Menu</scope><name>MainSoundBtn</name></member>
      <member refid="class_menu_1afc6c3a2b5b659884cab9d1376e3bff67" prot="public" virt="non-virtual"><scope>Menu</scope><name>MusicBtn</name></member>
      <member refid="class_menu_1a3fb429b819291010a561d35a34da01f3" prot="private" virt="non-virtual"><scope>Menu</scope><name>musicIsON</name></member>
      <member refid="class_menu_1a5b98de467a1d795b729ee799bebd2dcb" prot="private" virt="non-virtual"><scope>Menu</scope><name>musicManager</name></member>
      <member refid="class_menu_1ac161644192fd87adbfc2aa9dd2b6ec3e" prot="private" virt="non-virtual"><scope>Menu</scope><name>musicSource</name></member>
      <member refid="class_menu_1abef5508e6d5ad885fecfd26bb37a1c73" prot="public" virt="non-virtual"><scope>Menu</scope><name>PlayBtnSound</name></member>
      <member refid="class_menu_1a76f0c00b753ee9c1c841fc86d932aad1" prot="public" virt="non-virtual"><scope>Menu</scope><name>PlayButton</name></member>
      <member refid="class_menu_1a9d23a3414240f4988f6109f065a2c529" prot="public" virt="non-virtual"><scope>Menu</scope><name>PlayCancelSound</name></member>
      <member refid="class_menu_1a51541d57cbdcf465500ce3e0b9897344" prot="public" virt="non-virtual"><scope>Menu</scope><name>PlayPlaySound</name></member>
      <member refid="class_menu_1a8712e47e5ba00f80bf162259636d079f" prot="private" virt="non-virtual"><scope>Menu</scope><name>SetButtons</name></member>
      <member refid="class_menu_1a684f3f2c72bda3265f56c6d3eccf0d17" prot="private" virt="non-virtual"><scope>Menu</scope><name>soundIsON</name></member>
      <member refid="class_menu_1abaab5a423123e2ef6aada609e35793ea" prot="private" virt="non-virtual"><scope>Menu</scope><name>soundnosound</name></member>
      <member refid="class_menu_1a03cc1878d4f17fe540ded9fab03351d2" prot="private" virt="non-virtual"><scope>Menu</scope><name>Start</name></member>
      <member refid="class_menu_1a6f74decd623331d52194fc33a4096846" prot="public" virt="non-virtual"><scope>Menu</scope><name>TurnBloom</name></member>
      <member refid="class_menu_1a5de4586a2e1df379fbf70dafdd39abfc" prot="private" virt="non-virtual"><scope>Menu</scope><name>uiSounds</name></member>
      <member refid="class_menu_1a17e92d8f6f66af3c3945a991b1bffd1a" prot="private" virt="non-virtual"><scope>Menu</scope><name>watchTrailer</name></member>
      <member refid="class_menu_1ad0c5dcfbc2e51c7d56952069e367a889" prot="public" virt="non-virtual"><scope>Menu</scope><name>WatchTrailerAgain</name></member>
    </listofallmembers>
  </compounddef>
</doxygen>
