<?xml version='1.0' encoding='UTF-8' standalone='no'?>
<doxygen xmlns:xsi="http://www.w3.org/2001/XMLSchema-instance" xsi:noNamespaceSchemaLocation="compound.xsd" version="1.13.2" xml:lang="en-US">
  <compounddef id="class_math_1_1_catmull_rom_spline" kind="class" language="C#" prot="public">
    <compoundname>Math::CatmullRomSpline</compoundname>
    <basecompoundref prot="public" virt="non-virtual">MonoBehaviour</basecompoundref>
    <sectiondef kind="private-attrib">
      <memberdef kind="variable" id="class_math_1_1_catmull_rom_spline_1a6affbe443c76d8ef799ac478efcb0999" prot="private" static="no" mutable="no">
        <type>bool</type>
        <definition>bool Math.CatmullRomSpline.autoUpdate</definition>
        <argsstring></argsstring>
        <name>autoUpdate</name>
        <qualifiedname>Math.CatmullRomSpline.autoUpdate</qualifiedname>
        <initializer>= true</initializer>
        <briefdescription>
        </briefdescription>
        <detaileddescription>
        </detaileddescription>
        <inbodydescription>
        </inbodydescription>
        <location file="Math/CatmullRomSpline.cs" line="9" column="23" bodyfile="Math/CatmullRomSpline.cs" bodystart="9" bodyend="-1"/>
      </memberdef>
      <memberdef kind="variable" id="class_math_1_1_catmull_rom_spline_1a7e8715fadf2d47fa1cd548554f2a4d40" prot="private" static="no" mutable="no">
        <type>Transform[]</type>
        <definition>Transform [] Math.CatmullRomSpline.controlPoints</definition>
        <argsstring></argsstring>
        <name>controlPoints</name>
        <qualifiedname>Math.CatmullRomSpline.controlPoints</qualifiedname>
        <briefdescription>
        </briefdescription>
        <detaileddescription>
        </detaileddescription>
        <inbodydescription>
        </inbodydescription>
        <location file="Math/CatmullRomSpline.cs" line="10" column="28" bodyfile="Math/CatmullRomSpline.cs" bodystart="10" bodyend="-1"/>
      </memberdef>
      <memberdef kind="variable" id="class_math_1_1_catmull_rom_spline_1ac67a52f8c463559a350c91fe3314c9df" prot="private" static="no" mutable="no">
        <type>int</type>
        <definition>int Math.CatmullRomSpline.segments</definition>
        <argsstring></argsstring>
        <name>segments</name>
        <qualifiedname>Math.CatmullRomSpline.segments</qualifiedname>
        <initializer>= 50</initializer>
        <briefdescription>
        </briefdescription>
        <detaileddescription>
        </detaileddescription>
        <inbodydescription>
        </inbodydescription>
        <location file="Math/CatmullRomSpline.cs" line="11" column="22" bodyfile="Math/CatmullRomSpline.cs" bodystart="11" bodyend="-1"/>
      </memberdef>
    </sectiondef>
    <sectiondef kind="property">
      <memberdef kind="property" id="class_math_1_1_catmull_rom_spline_1a56bf5e65d638e449206b9d1eedd947d5" prot="public" static="no" readable="no" writable="no" gettable="yes" privategettable="no" protectedgettable="no" settable="no" privatesettable="no" protectedsettable="no">
        <type>int</type>
        <definition>int Math.CatmullRomSpline.Count</definition>
        <argsstring></argsstring>
        <name>Count</name>
        <qualifiedname>Math.CatmullRomSpline.Count</qualifiedname>
        <briefdescription>
        </briefdescription>
        <detaileddescription>
        </detaileddescription>
        <inbodydescription>
        </inbodydescription>
        <location file="Math/CatmullRomSpline.cs" line="79" column="20" bodyfile="Math/CatmullRomSpline.cs" bodystart="79" bodyend="-1"/>
      </memberdef>
      <memberdef kind="property" id="class_math_1_1_catmull_rom_spline_1a2c5ba44606b3d022dd1880e223ebcbcd" prot="public" static="no" readable="no" writable="no" gettable="yes" privategettable="no" protectedgettable="no" settable="no" privatesettable="no" protectedsettable="no">
        <type>int</type>
        <definition>int Math.CatmullRomSpline.Segments</definition>
        <argsstring></argsstring>
        <name>Segments</name>
        <qualifiedname>Math.CatmullRomSpline.Segments</qualifiedname>
        <briefdescription>
        </briefdescription>
        <detaileddescription>
        </detaileddescription>
        <inbodydescription>
        </inbodydescription>
        <location file="Math/CatmullRomSpline.cs" line="80" column="20" bodyfile="Math/CatmullRomSpline.cs" bodystart="80" bodyend="-1"/>
      </memberdef>
      <memberdef kind="property" id="class_math_1_1_catmull_rom_spline_1ad9db860fcdddb6342da4c96599b0039a" prot="public" static="no" readable="no" writable="no" gettable="yes" privategettable="no" protectedgettable="no" settable="no" privatesettable="no" protectedsettable="no">
        <type>float</type>
        <definition>float Math.CatmullRomSpline.LinearLength</definition>
        <argsstring></argsstring>
        <name>LinearLength</name>
        <qualifiedname>Math.CatmullRomSpline.LinearLength</qualifiedname>
        <briefdescription>
        </briefdescription>
        <detaileddescription>
        </detaileddescription>
        <inbodydescription>
        </inbodydescription>
        <location file="Math/CatmullRomSpline.cs" line="82" column="22" bodyfile="Math/CatmullRomSpline.cs" bodystart="83" bodyend="95"/>
      </memberdef>
    </sectiondef>
    <sectiondef kind="private-func">
      <memberdef kind="function" id="class_math_1_1_catmull_rom_spline_1a60f026d9b2fc50d958c8e92cb78d78ae" prot="private" static="no" const="no" explicit="no" inline="yes" virt="non-virtual">
        <type>void</type>
        <definition>void Math.CatmullRomSpline.OnDrawGizmos</definition>
        <argsstring>()</argsstring>
        <name>OnDrawGizmos</name>
        <qualifiedname>Math.CatmullRomSpline.OnDrawGizmos</qualifiedname>
        <briefdescription>
        </briefdescription>
        <detaileddescription>
        </detaileddescription>
        <inbodydescription>
        </inbodydescription>
        <location file="Math/CatmullRomSpline.cs" line="25" column="22" bodyfile="Math/CatmullRomSpline.cs" bodystart="25" bodyend="50"/>
      </memberdef>
    </sectiondef>
    <sectiondef kind="public-func">
      <memberdef kind="function" id="class_math_1_1_catmull_rom_spline_1a8f71702220364becbf13e9b8e97d1120" prot="public" static="no" const="no" explicit="no" inline="no" virt="non-virtual">
        <type>Vector3</type>
        <definition>Vector3 Math.CatmullRomSpline.Get</definition>
        <argsstring>(int i)</argsstring>
        <name>Get</name>
        <qualifiedname>Math.CatmullRomSpline.Get</qualifiedname>
        <param>
          <type>int</type>
          <declname>i</declname>
        </param>
        <briefdescription>
        </briefdescription>
        <detaileddescription>
        </detaileddescription>
        <inbodydescription>
        </inbodydescription>
        <location file="Math/CatmullRomSpline.cs" line="52" column="24"/>
      </memberdef>
      <memberdef kind="function" id="class_math_1_1_catmull_rom_spline_1a358970e2c4e8cc9339d43e03c36fa2db" prot="public" static="no" const="no" explicit="no" inline="yes" virt="non-virtual">
        <type>Vector3</type>
        <definition>Vector3 Math.CatmullRomSpline.Compute</definition>
        <argsstring>(int i, float t)</argsstring>
        <name>Compute</name>
        <qualifiedname>Math.CatmullRomSpline.Compute</qualifiedname>
        <param>
          <type>int</type>
          <declname>i</declname>
        </param>
        <param>
          <type>float</type>
          <declname>t</declname>
        </param>
        <briefdescription>
        </briefdescription>
        <detaileddescription>
        </detaileddescription>
        <inbodydescription>
        </inbodydescription>
        <location file="Math/CatmullRomSpline.cs" line="53" column="24" bodyfile="Math/CatmullRomSpline.cs" bodystart="53" bodyend="62"/>
      </memberdef>
      <memberdef kind="function" id="class_math_1_1_catmull_rom_spline_1a78bc6a22511c648e3d79a89076bbd748" prot="public" static="no" const="no" explicit="no" inline="yes" virt="non-virtual">
        <type>Vector3</type>
        <definition>Vector3 Math.CatmullRomSpline.Compute</definition>
        <argsstring>(float t)</argsstring>
        <name>Compute</name>
        <qualifiedname>Math.CatmullRomSpline.Compute</qualifiedname>
        <param>
          <type>float</type>
          <declname>t</declname>
        </param>
        <briefdescription>
        </briefdescription>
        <detaileddescription>
        </detaileddescription>
        <inbodydescription>
        </inbodydescription>
        <location file="Math/CatmullRomSpline.cs" line="64" column="24" bodyfile="Math/CatmullRomSpline.cs" bodystart="64" bodyend="77"/>
      </memberdef>
    </sectiondef>
    <sectiondef kind="private-static-func">
      <memberdef kind="function" id="class_math_1_1_catmull_rom_spline_1a16f1596e40fa3e0e4a24076c42a142f8" prot="private" static="yes" const="no" explicit="no" inline="yes" virt="non-virtual">
        <type>Vector3</type>
        <definition>static Vector3 Math.CatmullRomSpline.CatmullRom</definition>
        <argsstring>(Vector3 p0, Vector3 p1, Vector3 p2, Vector3 p3, float t)</argsstring>
        <name>CatmullRom</name>
        <qualifiedname>Math.CatmullRomSpline.CatmullRom</qualifiedname>
        <param>
          <type>Vector3</type>
          <declname>p0</declname>
        </param>
        <param>
          <type>Vector3</type>
          <declname>p1</declname>
        </param>
        <param>
          <type>Vector3</type>
          <declname>p2</declname>
        </param>
        <param>
          <type>Vector3</type>
          <declname>p3</declname>
        </param>
        <param>
          <type>float</type>
          <declname>t</declname>
        </param>
        <briefdescription>
        </briefdescription>
        <detaileddescription>
        </detaileddescription>
        <inbodydescription>
        </inbodydescription>
        <location file="Math/CatmullRomSpline.cs" line="98" column="32" bodyfile="Math/CatmullRomSpline.cs" bodystart="98" bodyend="106"/>
      </memberdef>
    </sectiondef>
    <briefdescription>
    </briefdescription>
    <detaileddescription>
    </detaileddescription>
    <inheritancegraph>
      <node id="1">
        <label>Math.CatmullRomSpline</label>
        <link refid="class_math_1_1_catmull_rom_spline"/>
        <childnode refid="2" relation="public-inheritance">
        </childnode>
      </node>
      <node id="2">
        <label>MonoBehaviour</label>
      </node>
    </inheritancegraph>
    <collaborationgraph>
      <node id="1">
        <label>Math.CatmullRomSpline</label>
        <link refid="class_math_1_1_catmull_rom_spline"/>
        <childnode refid="2" relation="public-inheritance">
        </childnode>
      </node>
      <node id="2">
        <label>MonoBehaviour</label>
      </node>
    </collaborationgraph>
    <location file="Math/CatmullRomSpline.cs" line="7" column="11" bodyfile="Math/CatmullRomSpline.cs" bodystart="8" bodyend="107"/>
    <listofallmembers>
      <member refid="class_math_1_1_catmull_rom_spline_1a6affbe443c76d8ef799ac478efcb0999" prot="private" virt="non-virtual"><scope>Math::CatmullRomSpline</scope><name>autoUpdate</name></member>
      <member refid="class_math_1_1_catmull_rom_spline_1a16f1596e40fa3e0e4a24076c42a142f8" prot="private" virt="non-virtual"><scope>Math::CatmullRomSpline</scope><name>CatmullRom</name></member>
      <member refid="class_math_1_1_catmull_rom_spline_1a358970e2c4e8cc9339d43e03c36fa2db" prot="public" virt="non-virtual"><scope>Math::CatmullRomSpline</scope><name>Compute</name></member>
      <member refid="class_math_1_1_catmull_rom_spline_1a78bc6a22511c648e3d79a89076bbd748" prot="public" virt="non-virtual"><scope>Math::CatmullRomSpline</scope><name>Compute</name></member>
      <member refid="class_math_1_1_catmull_rom_spline_1a7e8715fadf2d47fa1cd548554f2a4d40" prot="private" virt="non-virtual"><scope>Math::CatmullRomSpline</scope><name>controlPoints</name></member>
      <member refid="class_math_1_1_catmull_rom_spline_1a56bf5e65d638e449206b9d1eedd947d5" prot="public" virt="non-virtual"><scope>Math::CatmullRomSpline</scope><name>Count</name></member>
      <member refid="class_math_1_1_catmull_rom_spline_1a8f71702220364becbf13e9b8e97d1120" prot="public" virt="non-virtual"><scope>Math::CatmullRomSpline</scope><name>Get</name></member>
      <member refid="class_math_1_1_catmull_rom_spline_1ad9db860fcdddb6342da4c96599b0039a" prot="public" virt="non-virtual"><scope>Math::CatmullRomSpline</scope><name>LinearLength</name></member>
      <member refid="class_math_1_1_catmull_rom_spline_1a60f026d9b2fc50d958c8e92cb78d78ae" prot="private" virt="non-virtual"><scope>Math::CatmullRomSpline</scope><name>OnDrawGizmos</name></member>
      <member refid="class_math_1_1_catmull_rom_spline_1a2c5ba44606b3d022dd1880e223ebcbcd" prot="public" virt="non-virtual"><scope>Math::CatmullRomSpline</scope><name>Segments</name></member>
      <member refid="class_math_1_1_catmull_rom_spline_1ac67a52f8c463559a350c91fe3314c9df" prot="private" virt="non-virtual"><scope>Math::CatmullRomSpline</scope><name>segments</name></member>
    </listofallmembers>
  </compounddef>
</doxygen>
