<?xml version='1.0' encoding='UTF-8' standalone='no'?>
<doxygen xmlns:xsi="http://www.w3.org/2001/XMLSchema-instance" xsi:noNamespaceSchemaLocation="compound.xsd" version="1.13.2" xml:lang="en-US">
  <compounddef id="class_game_manager" kind="class" language="C#" prot="public">
    <compoundname>GameManager</compoundname>
    <basecompoundref prot="public" virt="non-virtual">MonoBehaviour</basecompoundref>
    <innerclass refid="class_game_manager_1_1_cat_to_choose" prot="public">GameManager::CatToChoose</innerclass>
    <sectiondef kind="private-type">
      <memberdef kind="enum" id="class_game_manager_1a809dec58b5681fc1ebcc22eb428a914c" prot="private" static="no" strong="yes">
        <type></type>
        <name>GameState</name>
        <qualifiedname>GameManager.GameState</qualifiedname>
        <enumvalue id="class_game_manager_1a809dec58b5681fc1ebcc22eb428a914caffd531901f198a9ceba164e2ee6e2c3c" prot="private">
          <name>lvlWatching</name>
          <briefdescription>
          </briefdescription>
          <detaileddescription>
          </detaileddescription>
        </enumvalue>
        <enumvalue id="class_game_manager_1a809dec58b5681fc1ebcc22eb428a914cad66cc923888f9eb3e1165fb8ccaadfa4" prot="private">
          <name>goingToChoose</name>
          <briefdescription>
          </briefdescription>
          <detaileddescription>
          </detaileddescription>
        </enumvalue>
        <enumvalue id="class_game_manager_1a809dec58b5681fc1ebcc22eb428a914ca8456dd72ac0e358598076bafd1825bc4" prot="private">
          <name>choosing</name>
          <briefdescription>
          </briefdescription>
          <detaileddescription>
          </detaileddescription>
        </enumvalue>
        <enumvalue id="class_game_manager_1a809dec58b5681fc1ebcc22eb428a914ca86e84e01b0e73856a1ec85c617c81b6f" prot="private">
          <name>preparingGame</name>
          <briefdescription>
          </briefdescription>
          <detaileddescription>
          </detaileddescription>
        </enumvalue>
        <enumvalue id="class_game_manager_1a809dec58b5681fc1ebcc22eb428a914ca7ed501a93c1205e3a23f7f0313ea65dc" prot="private">
          <name>playing</name>
          <briefdescription>
          </briefdescription>
          <detaileddescription>
          </detaileddescription>
        </enumvalue>
        <briefdescription>
<para>Перечисление возможных состояний игры. </para>
        </briefdescription>
        <detaileddescription>
        </detaileddescription>
        <inbodydescription>
        </inbodydescription>
        <location file="GameManager.cs" line="84" column="12" bodyfile="GameManager.cs" bodystart="84" bodyend="90"/>
      </memberdef>
    </sectiondef>
    <sectiondef kind="public-type">
      <memberdef kind="enum" id="class_game_manager_1a602cf4bb0f3256a3bc0a65844a928f69" prot="public" static="no" strong="yes">
        <type></type>
        <name>CatTypes</name>
        <qualifiedname>GameManager.CatTypes</qualifiedname>
        <enumvalue id="class_game_manager_1a602cf4bb0f3256a3bc0a65844a928f69a56bd7107802ebe56c6918992f0608ec6" prot="public">
          <name>err</name>
          <briefdescription>
          </briefdescription>
          <detaileddescription>
          </detaileddescription>
        </enumvalue>
        <enumvalue id="class_game_manager_1a602cf4bb0f3256a3bc0a65844a928f69ad077f244def8a70e5ea758bd8352fcd8" prot="public">
          <name>cat</name>
          <briefdescription>
          </briefdescription>
          <detaileddescription>
          </detaileddescription>
        </enumvalue>
        <enumvalue id="class_game_manager_1a602cf4bb0f3256a3bc0a65844a928f69afad4bbca84eb05c90b82a9fb0158ac76" prot="public">
          <name>magician</name>
          <briefdescription>
          </briefdescription>
          <detaileddescription>
          </detaileddescription>
        </enumvalue>
        <enumvalue id="class_game_manager_1a602cf4bb0f3256a3bc0a65844a928f69a2155d8af2e7bb07fa61c84c2e15c72b6" prot="public">
          <name>doubles</name>
          <briefdescription>
          </briefdescription>
          <detaileddescription>
          </detaileddescription>
        </enumvalue>
        <enumvalue id="class_game_manager_1a602cf4bb0f3256a3bc0a65844a928f69afc0586aca6e42cffade83252446d0613" prot="public">
          <name>stupid</name>
          <briefdescription>
          </briefdescription>
          <detaileddescription>
          </detaileddescription>
        </enumvalue>
        <briefdescription>
<para>Перечисление типов котов. </para>
        </briefdescription>
        <detaileddescription>
        </detaileddescription>
        <inbodydescription>
        </inbodydescription>
        <location file="GameManager.cs" line="115" column="11" bodyfile="GameManager.cs" bodystart="115" bodyend="117"/>
      </memberdef>
    </sectiondef>
    <sectiondef kind="private-attrib">
      <memberdef kind="variable" id="class_game_manager_1ace8c2915ead5bd5d901e94187ed766ec" prot="private" static="no" mutable="no">
        <type>Animator</type>
        <definition>Animator GameManager.animatorFade</definition>
        <argsstring></argsstring>
        <name>animatorFade</name>
        <qualifiedname>GameManager.animatorFade</qualifiedname>
        <briefdescription>
<para>Аниматор для эффекта затемнения экрана. </para>
        </briefdescription>
        <detaileddescription>
        </detaileddescription>
        <inbodydescription>
        </inbodydescription>
        <location file="GameManager.cs" line="19" column="23" bodyfile="GameManager.cs" bodystart="19" bodyend="-1"/>
      </memberdef>
      <memberdef kind="variable" id="class_game_manager_1aebc0ef074b78e6404f592f0ca48e5b0b" prot="private" static="no" mutable="no">
        <type>Animator</type>
        <definition>Animator GameManager.UIBlackLines</definition>
        <argsstring></argsstring>
        <name>UIBlackLines</name>
        <qualifiedname>GameManager.UIBlackLines</qualifiedname>
        <briefdescription>
<para>Аниматор черных полос интерфейса (киноэффект). </para>
        </briefdescription>
        <detaileddescription>
        </detaileddescription>
        <inbodydescription>
        </inbodydescription>
        <location file="GameManager.cs" line="24" column="23" bodyfile="GameManager.cs" bodystart="24" bodyend="-1"/>
      </memberdef>
      <memberdef kind="variable" id="class_game_manager_1a342dd66a5988877a4c53ca48af90be7a" prot="private" static="no" mutable="no">
        <type>Animator</type>
        <definition>Animator GameManager.camAnimator</definition>
        <argsstring></argsstring>
        <name>camAnimator</name>
        <qualifiedname>GameManager.camAnimator</qualifiedname>
        <briefdescription>
<para>Аниматор камеры. </para>
        </briefdescription>
        <detaileddescription>
        </detaileddescription>
        <inbodydescription>
        </inbodydescription>
        <location file="GameManager.cs" line="29" column="23" bodyfile="GameManager.cs" bodystart="29" bodyend="-1"/>
      </memberdef>
      <memberdef kind="variable" id="class_game_manager_1a720a008c09d224c083541a03c24be83d" prot="private" static="no" mutable="no">
        <type>Camera</type>
        <definition>Camera GameManager.cam</definition>
        <argsstring></argsstring>
        <name>cam</name>
        <qualifiedname>GameManager.cam</qualifiedname>
        <briefdescription>
<para>Основная камера игры. </para>
        </briefdescription>
        <detaileddescription>
        </detaileddescription>
        <inbodydescription>
        </inbodydescription>
        <location file="GameManager.cs" line="34" column="21" bodyfile="GameManager.cs" bodystart="34" bodyend="-1"/>
      </memberdef>
      <memberdef kind="variable" id="class_game_manager_1a97c0edd3eee4f4b2f92cd2117d32149c" prot="private" static="no" mutable="no">
        <type><ref refid="class_camera_controller" kindref="compound">CameraController</ref></type>
        <definition>CameraController GameManager.cameraController</definition>
        <argsstring></argsstring>
        <name>cameraController</name>
        <qualifiedname>GameManager.cameraController</qualifiedname>
        <briefdescription>
<para>Контроллер камеры. </para>
        </briefdescription>
        <detaileddescription>
        </detaileddescription>
        <inbodydescription>
        </inbodydescription>
        <location file="GameManager.cs" line="39" column="31" bodyfile="GameManager.cs" bodystart="39" bodyend="-1"/>
      </memberdef>
      <memberdef kind="variable" id="class_game_manager_1ae59f8312536ab85d52fe2f0548b1768c" prot="private" static="no" mutable="no">
        <type><ref refid="class_stars_manager" kindref="compound">StarsManager</ref></type>
        <definition>StarsManager GameManager.starsManager</definition>
        <argsstring></argsstring>
        <name>starsManager</name>
        <qualifiedname>GameManager.starsManager</qualifiedname>
        <briefdescription>
<para>Управление звездами (очки игры). </para>
        </briefdescription>
        <detaileddescription>
        </detaileddescription>
        <inbodydescription>
        </inbodydescription>
        <location file="GameManager.cs" line="44" column="27" bodyfile="GameManager.cs" bodystart="44" bodyend="-1"/>
      </memberdef>
      <memberdef kind="variable" id="class_game_manager_1ab4357430067331416a641e1e54d23ffc" prot="private" static="no" mutable="no">
        <type>Transform</type>
        <definition>Transform GameManager.startCamPos</definition>
        <argsstring></argsstring>
        <name>startCamPos</name>
        <qualifiedname>GameManager.startCamPos</qualifiedname>
        <briefdescription>
<para>Начальная позиция камеры. </para>
        </briefdescription>
        <detaileddescription>
        </detaileddescription>
        <inbodydescription>
        </inbodydescription>
        <location file="GameManager.cs" line="49" column="24" bodyfile="GameManager.cs" bodystart="49" bodyend="-1"/>
      </memberdef>
      <memberdef kind="variable" id="class_game_manager_1a6a2a15d6121ab707edffdfe79e9c99a3" prot="private" static="no" mutable="no">
        <type>Vector3</type>
        <definition>Vector3 GameManager.startEndCamSize</definition>
        <argsstring></argsstring>
        <name>startEndCamSize</name>
        <qualifiedname>GameManager.startEndCamSize</qualifiedname>
        <briefdescription>
<para>Размер камеры на разных этапах (start, choose, play). </para>
        </briefdescription>
        <detaileddescription>
        </detaileddescription>
        <inbodydescription>
        </inbodydescription>
        <location file="GameManager.cs" line="54" column="22" bodyfile="GameManager.cs" bodystart="54" bodyend="-1"/>
      </memberdef>
      <memberdef kind="variable" id="class_game_manager_1a91c67a95d48139262762aeac14ee621f" prot="private" static="no" mutable="no">
        <type>Transform</type>
        <definition>Transform GameManager.choosingCamPos</definition>
        <argsstring></argsstring>
        <name>choosingCamPos</name>
        <qualifiedname>GameManager.choosingCamPos</qualifiedname>
        <briefdescription>
<para>Позиция камеры во время выбора котов. </para>
        </briefdescription>
        <detaileddescription>
        </detaileddescription>
        <inbodydescription>
        </inbodydescription>
        <location file="GameManager.cs" line="59" column="24" bodyfile="GameManager.cs" bodystart="59" bodyend="-1"/>
      </memberdef>
      <memberdef kind="variable" id="class_game_manager_1a58b5b51fdace0b0aea65eeb6656313b1" prot="private" static="no" mutable="no">
        <type>Transform</type>
        <definition>Transform GameManager.startGameCamPos</definition>
        <argsstring></argsstring>
        <name>startGameCamPos</name>
        <qualifiedname>GameManager.startGameCamPos</qualifiedname>
        <briefdescription>
<para>Позиция камеры при старте игры. </para>
        </briefdescription>
        <detaileddescription>
        </detaileddescription>
        <inbodydescription>
        </inbodydescription>
        <location file="GameManager.cs" line="64" column="24" bodyfile="GameManager.cs" bodystart="64" bodyend="-1"/>
      </memberdef>
      <memberdef kind="variable" id="class_game_manager_1a9ec01b03272cddfd292439522c960bc2" prot="private" static="no" mutable="no">
        <type>TMP_Text</type>
        <definition>TMP_Text GameManager.countdownText</definition>
        <argsstring></argsstring>
        <name>countdownText</name>
        <qualifiedname>GameManager.countdownText</qualifiedname>
        <briefdescription>
<para>Текст обратного отсчета. </para>
        </briefdescription>
        <detaileddescription>
        </detaileddescription>
        <inbodydescription>
        </inbodydescription>
        <location file="GameManager.cs" line="69" column="23" bodyfile="GameManager.cs" bodystart="69" bodyend="-1"/>
      </memberdef>
      <memberdef kind="variable" id="class_game_manager_1a387f15d87054e52bbc59f41912b99c75" prot="private" static="no" mutable="no">
        <type>float</type>
        <definition>float GameManager.camLerpSpeed</definition>
        <argsstring></argsstring>
        <name>camLerpSpeed</name>
        <qualifiedname>GameManager.camLerpSpeed</qualifiedname>
        <briefdescription>
<para>Скорость интерполяции камеры. </para>
        </briefdescription>
        <detaileddescription>
        </detaileddescription>
        <inbodydescription>
        </inbodydescription>
        <location file="GameManager.cs" line="74" column="20" bodyfile="GameManager.cs" bodystart="74" bodyend="-1"/>
      </memberdef>
      <memberdef kind="variable" id="class_game_manager_1a164a4e46905b9addc9bf5316dca0d1ba" prot="private" static="no" mutable="no">
        <type>float</type>
        <definition>float GameManager.tCam</definition>
        <argsstring></argsstring>
        <name>tCam</name>
        <qualifiedname>GameManager.tCam</qualifiedname>
        <briefdescription>
<para>Временной коэффициент для анимации камеры. </para>
        </briefdescription>
        <detaileddescription>
        </detaileddescription>
        <inbodydescription>
        </inbodydescription>
        <location file="GameManager.cs" line="79" column="19" bodyfile="GameManager.cs" bodystart="79" bodyend="-1"/>
      </memberdef>
      <memberdef kind="variable" id="class_game_manager_1a17e003b42eb6c99308a04813e359ff71" prot="private" static="no" mutable="no">
        <type>GameState</type>
        <definition>GameState GameManager.m_gameState</definition>
        <argsstring></argsstring>
        <name>m_gameState</name>
        <qualifiedname>GameManager.m_gameState</qualifiedname>
        <initializer>= GameState.lvlWatching</initializer>
        <briefdescription>
<para>Текущее состояние игры. </para>
        </briefdescription>
        <detaileddescription>
        </detaileddescription>
        <inbodydescription>
        </inbodydescription>
        <location file="GameManager.cs" line="95" column="23" bodyfile="GameManager.cs" bodystart="95" bodyend="-1"/>
      </memberdef>
      <memberdef kind="variable" id="class_game_manager_1a4e101a2d41586da9bdd50515bc3e024b" prot="private" static="no" mutable="no">
        <type>int</type>
        <definition>int GameManager.countDown</definition>
        <argsstring></argsstring>
        <name>countDown</name>
        <qualifiedname>GameManager.countDown</qualifiedname>
        <briefdescription>
<para>Количество секунд до старта игры. </para>
        </briefdescription>
        <detaileddescription>
        </detaileddescription>
        <inbodydescription>
        </inbodydescription>
        <location file="GameManager.cs" line="100" column="18" bodyfile="GameManager.cs" bodystart="100" bodyend="-1"/>
      </memberdef>
      <memberdef kind="variable" id="class_game_manager_1a348e18d180614fe6726e83d44e2e1a5d" prot="private" static="no" mutable="no">
        <type>int[]</type>
        <definition>int [] GameManager.catAmount</definition>
        <argsstring></argsstring>
        <name>catAmount</name>
        <qualifiedname>GameManager.catAmount</qualifiedname>
        <briefdescription>
<para>Количество котов каждого типа, которое можно выбрать. </para>
        </briefdescription>
        <detaileddescription>
        </detaileddescription>
        <inbodydescription>
        </inbodydescription>
        <location file="GameManager.cs" line="105" column="18" bodyfile="GameManager.cs" bodystart="105" bodyend="-1"/>
      </memberdef>
      <memberdef kind="variable" id="class_game_manager_1aa016f902964a1bf72f3533eac6a04f7a" prot="private" static="no" mutable="no">
        <type>int</type>
        <definition>int GameManager.maxCatTypes</definition>
        <argsstring></argsstring>
        <name>maxCatTypes</name>
        <qualifiedname>GameManager.maxCatTypes</qualifiedname>
        <briefdescription>
<para>Максимальное количество типов котов, которое можно выбрать. </para>
        </briefdescription>
        <detaileddescription>
        </detaileddescription>
        <inbodydescription>
        </inbodydescription>
        <location file="GameManager.cs" line="110" column="18" bodyfile="GameManager.cs" bodystart="110" bodyend="-1"/>
      </memberdef>
      <memberdef kind="variable" id="class_game_manager_1a51fe7003af148b05bf9a8e04a16b7b61" prot="private" static="no" mutable="no">
        <type>List&lt; <ref refid="class_game_manager_1a602cf4bb0f3256a3bc0a65844a928f69" kindref="member">CatTypes</ref> &gt;</type>
        <definition>List&lt;CatTypes&gt; GameManager.chosenCats</definition>
        <argsstring></argsstring>
        <name>chosenCats</name>
        <qualifiedname>GameManager.chosenCats</qualifiedname>
        <initializer>= new List&lt;<ref refid="class_game_manager_1a602cf4bb0f3256a3bc0a65844a928f69" kindref="member">CatTypes</ref>&gt;()</initializer>
        <briefdescription>
<para>Список выбранных котов. </para>
        </briefdescription>
        <detaileddescription>
        </detaileddescription>
        <inbodydescription>
        </inbodydescription>
        <location file="GameManager.cs" line="122" column="18" bodyfile="GameManager.cs" bodystart="122" bodyend="-1"/>
      </memberdef>
      <memberdef kind="variable" id="class_game_manager_1aa2fbad2fc6b8df0d293cb85f9732e5c1" prot="private" static="no" mutable="no">
        <type><ref refid="class_game_manager_1_1_cat_to_choose" kindref="compound">CatToChoose</ref>[]</type>
        <definition>CatToChoose [] GameManager.allCatsToChoose</definition>
        <argsstring></argsstring>
        <name>allCatsToChoose</name>
        <qualifiedname>GameManager.allCatsToChoose</qualifiedname>
        <briefdescription>
<para>Все возможные коты для выбора. </para>
        </briefdescription>
        <detaileddescription>
        </detaileddescription>
        <inbodydescription>
        </inbodydescription>
        <location file="GameManager.cs" line="138" column="26" bodyfile="GameManager.cs" bodystart="138" bodyend="-1"/>
      </memberdef>
      <memberdef kind="variable" id="class_game_manager_1ac329aa632ffdadebd32c5969c0690535" prot="private" static="no" mutable="no">
        <type>Transform</type>
        <definition>Transform GameManager.posSpawn</definition>
        <argsstring></argsstring>
        <name>posSpawn</name>
        <qualifiedname>GameManager.posSpawn</qualifiedname>
        <briefdescription>
<para>Позиция спавна котов после выбора. </para>
        </briefdescription>
        <detaileddescription>
        </detaileddescription>
        <inbodydescription>
        </inbodydescription>
        <location file="GameManager.cs" line="143" column="24" bodyfile="GameManager.cs" bodystart="143" bodyend="-1"/>
      </memberdef>
      <memberdef kind="variable" id="class_game_manager_1a22a3bf022e65685ac9873a798d00fa43" prot="private" static="no" mutable="no">
        <type>Vector3</type>
        <definition>Vector3 GameManager.offsetSpawn</definition>
        <argsstring></argsstring>
        <name>offsetSpawn</name>
        <qualifiedname>GameManager.offsetSpawn</qualifiedname>
        <briefdescription>
<para>Смещение между спавнами котов. </para>
        </briefdescription>
        <detaileddescription>
        </detaileddescription>
        <inbodydescription>
        </inbodydescription>
        <location file="GameManager.cs" line="148" column="22" bodyfile="GameManager.cs" bodystart="148" bodyend="-1"/>
      </memberdef>
      <memberdef kind="variable" id="class_game_manager_1ac6b35d8aaff02d1982589d032b252e53" prot="private" static="no" mutable="no">
        <type>List&lt; <ref refid="class_throwable_cat" kindref="compound">ThrowableCat</ref> &gt;</type>
        <definition>List&lt;ThrowableCat&gt; GameManager.spawnedPrefs</definition>
        <argsstring></argsstring>
        <name>spawnedPrefs</name>
        <qualifiedname>GameManager.spawnedPrefs</qualifiedname>
        <initializer>= new List&lt;<ref refid="class_throwable_cat" kindref="compound">ThrowableCat</ref>&gt;()</initializer>
        <briefdescription>
<para>Список заспавненных котов. </para>
        </briefdescription>
        <detaileddescription>
        </detaileddescription>
        <inbodydescription>
        </inbodydescription>
        <location file="GameManager.cs" line="153" column="18" bodyfile="GameManager.cs" bodystart="153" bodyend="-1"/>
      </memberdef>
      <memberdef kind="variable" id="class_game_manager_1a775fdf053e78ab1edf856cfc39ceb068" prot="private" static="no" mutable="no">
        <type><ref refid="class_slingshot" kindref="compound">Slingshot</ref></type>
        <definition>Slingshot GameManager.catSling</definition>
        <argsstring></argsstring>
        <name>catSling</name>
        <qualifiedname>GameManager.catSling</qualifiedname>
        <briefdescription>
<para>Рогатка для запуска котов. </para>
        </briefdescription>
        <detaileddescription>
        </detaileddescription>
        <inbodydescription>
        </inbodydescription>
        <location file="GameManager.cs" line="158" column="24" bodyfile="GameManager.cs" bodystart="158" bodyend="-1"/>
      </memberdef>
      <memberdef kind="variable" id="class_game_manager_1a665049fac7f984db5f9b3930c3b1c996" prot="private" static="no" mutable="no">
        <type><ref refid="class_game_u_i_manager" kindref="compound">GameUIManager</ref></type>
        <definition>GameUIManager GameManager.gameUIManager</definition>
        <argsstring></argsstring>
        <name>gameUIManager</name>
        <qualifiedname>GameManager.gameUIManager</qualifiedname>
        <briefdescription>
<para>Менеджер UI игры. </para>
        </briefdescription>
        <detaileddescription>
        </detaileddescription>
        <inbodydescription>
        </inbodydescription>
        <location file="GameManager.cs" line="163" column="28" bodyfile="GameManager.cs" bodystart="163" bodyend="-1"/>
      </memberdef>
      <memberdef kind="variable" id="class_game_manager_1a0ba0aa47333478bbf75af9390486ac25" prot="private" static="no" mutable="no">
        <type>GameObject</type>
        <definition>GameObject GameManager.lvlObjects</definition>
        <argsstring></argsstring>
        <name>lvlObjects</name>
        <qualifiedname>GameManager.lvlObjects</qualifiedname>
        <briefdescription>
<para>Основные игровые объекты. </para>
        </briefdescription>
        <detaileddescription>
        </detaileddescription>
        <inbodydescription>
        </inbodydescription>
        <location file="GameManager.cs" line="168" column="25" bodyfile="GameManager.cs" bodystart="168" bodyend="-1"/>
      </memberdef>
      <memberdef kind="variable" id="class_game_manager_1a1d12f69c1466c5f519f5aa67917dd021" prot="private" static="no" mutable="no">
        <type>int</type>
        <definition>int GameManager.startAmountOfObjects</definition>
        <argsstring></argsstring>
        <name>startAmountOfObjects</name>
        <qualifiedname>GameManager.startAmountOfObjects</qualifiedname>
        <briefdescription>
<para>Начальное количество разрушаемых объектов на уровне. </para>
        </briefdescription>
        <detaileddescription>
        </detaileddescription>
        <inbodydescription>
        </inbodydescription>
        <location file="GameManager.cs" line="173" column="17" bodyfile="GameManager.cs" bodystart="173" bodyend="-1"/>
      </memberdef>
      <memberdef kind="variable" id="class_game_manager_1a4ca45f29efba8d551ed3695ff11ca7a0" prot="private" static="no" mutable="no">
        <type>GameObject</type>
        <definition>GameObject GameManager.king</definition>
        <argsstring></argsstring>
        <name>king</name>
        <qualifiedname>GameManager.king</qualifiedname>
        <briefdescription>
<para>Главный враг - король. </para>
        </briefdescription>
        <detaileddescription>
        </detaileddescription>
        <inbodydescription>
        </inbodydescription>
        <location file="GameManager.cs" line="178" column="25" bodyfile="GameManager.cs" bodystart="178" bodyend="-1"/>
      </memberdef>
      <memberdef kind="variable" id="class_game_manager_1a010c38e801639c77c008a03daef50c9d" prot="private" static="no" mutable="no">
        <type>GameObject</type>
        <definition>GameObject GameManager.bigCat</definition>
        <argsstring></argsstring>
        <name>bigCat</name>
        <qualifiedname>GameManager.bigCat</qualifiedname>
        <briefdescription>
<para>Игрок - большой кот. </para>
        </briefdescription>
        <detaileddescription>
        </detaileddescription>
        <inbodydescription>
        </inbodydescription>
        <location file="GameManager.cs" line="183" column="25" bodyfile="GameManager.cs" bodystart="183" bodyend="-1"/>
      </memberdef>
      <memberdef kind="variable" id="class_game_manager_1a2deb3fcdd68c95076e6ca0fe982257d3" prot="private" static="no" mutable="no">
        <type><ref refid="class_a_i_1_1_giga_cat_a_i" kindref="compound">GigaCatAI</ref></type>
        <definition>GigaCatAI GameManager.gigaCatAI</definition>
        <argsstring></argsstring>
        <name>gigaCatAI</name>
        <qualifiedname>GameManager.gigaCatAI</qualifiedname>
        <briefdescription>
<para>Искусственный интеллект большого кота. </para>
        </briefdescription>
        <detaileddescription>
        </detaileddescription>
        <inbodydescription>
        </inbodydescription>
        <location file="GameManager.cs" line="188" column="24" bodyfile="GameManager.cs" bodystart="188" bodyend="-1"/>
      </memberdef>
      <memberdef kind="variable" id="class_game_manager_1adfcad29ecaa23cd4a88e456f232d6e22" prot="private" static="no" mutable="no">
        <type>float[]</type>
        <definition>float [] GameManager.percentsDestructions</definition>
        <argsstring></argsstring>
        <name>percentsDestructions</name>
        <qualifiedname>GameManager.percentsDestructions</qualifiedname>
        <briefdescription>
<para>Процент разрушений, необходимых для получения звезд. </para>
        </briefdescription>
        <detaileddescription>
        </detaileddescription>
        <inbodydescription>
        </inbodydescription>
        <location file="GameManager.cs" line="193" column="20" bodyfile="GameManager.cs" bodystart="193" bodyend="-1"/>
      </memberdef>
      <memberdef kind="variable" id="class_game_manager_1a70faee718aae19a667d267bd867c1ba6" prot="private" static="no" mutable="no">
        <type><ref refid="class_a_i_1_1_archer_a_i" kindref="compound">ArcherAI</ref>[]</type>
        <definition>ArcherAI [] GameManager.allRats</definition>
        <argsstring></argsstring>
        <name>allRats</name>
        <qualifiedname>GameManager.allRats</qualifiedname>
        <briefdescription>
<para>Все крысы на уровне (враги). </para>
        </briefdescription>
        <detaileddescription>
        </detaileddescription>
        <inbodydescription>
        </inbodydescription>
        <location file="GameManager.cs" line="198" column="23" bodyfile="GameManager.cs" bodystart="198" bodyend="-1"/>
      </memberdef>
      <memberdef kind="variable" id="class_game_manager_1a736ee9f154f177c8085da0945881bab7" prot="private" static="no" mutable="no">
        <type>AudioSource</type>
        <definition>AudioSource GameManager.mainMusic</definition>
        <argsstring></argsstring>
        <name>mainMusic</name>
        <qualifiedname>GameManager.mainMusic</qualifiedname>
        <briefdescription>
<para>Основной аудиотрек игры. </para>
        </briefdescription>
        <detaileddescription>
        </detaileddescription>
        <inbodydescription>
        </inbodydescription>
        <location file="GameManager.cs" line="203" column="26" bodyfile="GameManager.cs" bodystart="203" bodyend="-1"/>
      </memberdef>
      <memberdef kind="variable" id="class_game_manager_1aa6238212e59e5d8799e715a70672c610" prot="private" static="no" mutable="no">
        <type><ref refid="class_music_manager" kindref="compound">MusicManager</ref></type>
        <definition>MusicManager GameManager.musicManager</definition>
        <argsstring></argsstring>
        <name>musicManager</name>
        <qualifiedname>GameManager.musicManager</qualifiedname>
        <briefdescription>
<para>Менеджер музыки, отвечающий за управление аудио. </para>
        </briefdescription>
        <detaileddescription>
        </detaileddescription>
        <inbodydescription>
        </inbodydescription>
        <location file="GameManager.cs" line="208" column="27" bodyfile="GameManager.cs" bodystart="208" bodyend="-1"/>
      </memberdef>
      <memberdef kind="variable" id="class_game_manager_1a58808ca27a09dd3d065a5926f8ca6f38" prot="private" static="no" mutable="no">
        <type><ref refid="class_wheel_of_fortune" kindref="compound">WheelOfFortune</ref></type>
        <definition>WheelOfFortune GameManager.wheelOfFortune</definition>
        <argsstring></argsstring>
        <name>wheelOfFortune</name>
        <qualifiedname>GameManager.wheelOfFortune</qualifiedname>
        <briefdescription>
<para>Объект колеса фортуны. </para>
        </briefdescription>
        <detaileddescription>
        </detaileddescription>
        <inbodydescription>
        </inbodydescription>
        <location file="GameManager.cs" line="213" column="29" bodyfile="GameManager.cs" bodystart="213" bodyend="-1"/>
      </memberdef>
      <memberdef kind="variable" id="class_game_manager_1a9b952bf8598eaa914a7cd24cc0e1aec5" prot="private" static="no" mutable="no">
        <type>GameObject</type>
        <definition>GameObject GameManager.MainWheel</definition>
        <argsstring></argsstring>
        <name>MainWheel</name>
        <qualifiedname>GameManager.MainWheel</qualifiedname>
        <briefdescription>
<para>Главный объект колеса. </para>
        </briefdescription>
        <detaileddescription>
        </detaileddescription>
        <inbodydescription>
        </inbodydescription>
        <location file="GameManager.cs" line="218" column="25" bodyfile="GameManager.cs" bodystart="218" bodyend="-1"/>
      </memberdef>
      <memberdef kind="variable" id="class_game_manager_1a78ed3e980894246ab66677a647fbd796" prot="private" static="no" mutable="no">
        <type>Animator</type>
        <definition>Animator GameManager.animatorIconWheel</definition>
        <argsstring></argsstring>
        <name>animatorIconWheel</name>
        <qualifiedname>GameManager.animatorIconWheel</qualifiedname>
        <briefdescription>
<para>Аниматор для иконки колеса фортуны. </para>
        </briefdescription>
        <detaileddescription>
        </detaileddescription>
        <inbodydescription>
        </inbodydescription>
        <location file="GameManager.cs" line="223" column="23" bodyfile="GameManager.cs" bodystart="223" bodyend="-1"/>
      </memberdef>
      <memberdef kind="variable" id="class_game_manager_1ad543a5b95f1e21169bf6abf183acfb59" prot="private" static="no" mutable="no">
        <type>float</type>
        <definition>float GameManager.startTime</definition>
        <argsstring></argsstring>
        <name>startTime</name>
        <qualifiedname>GameManager.startTime</qualifiedname>
        <briefdescription>
        </briefdescription>
        <detaileddescription>
        </detaileddescription>
        <inbodydescription>
        </inbodydescription>
        <location file="GameManager.cs" line="225" column="19" bodyfile="GameManager.cs" bodystart="225" bodyend="-1"/>
      </memberdef>
      <memberdef kind="variable" id="class_game_manager_1a21da707d333846d55987c429e7d89bca" prot="private" static="no" mutable="no">
        <type>float</type>
        <definition>float GameManager.endTime</definition>
        <argsstring></argsstring>
        <name>endTime</name>
        <qualifiedname>GameManager.endTime</qualifiedname>
        <briefdescription>
        </briefdescription>
        <detaileddescription>
        </detaileddescription>
        <inbodydescription>
        </inbodydescription>
        <location file="GameManager.cs" line="226" column="19" bodyfile="GameManager.cs" bodystart="226" bodyend="-1"/>
      </memberdef>
    </sectiondef>
    <sectiondef kind="private-func">
      <memberdef kind="function" id="class_game_manager_1a5ccfacd027ad08eeb4ff1f25a7f59c98" prot="private" static="no" const="no" explicit="no" inline="yes" virt="non-virtual">
        <type>void</type>
        <definition>void GameManager.Start</definition>
        <argsstring>()</argsstring>
        <name>Start</name>
        <qualifiedname>GameManager.Start</qualifiedname>
        <briefdescription>
<para>Метод инициализации. Настройка начальных значений и запуск начальных процедур. </para>
        </briefdescription>
        <detaileddescription>
        </detaileddescription>
        <inbodydescription>
        </inbodydescription>
        <location file="GameManager.cs" line="231" column="10" bodyfile="GameManager.cs" bodystart="231" bodyend="252"/>
      </memberdef>
      <memberdef kind="function" id="class_game_manager_1a03bde21b7219684210853dde2fd7c5a5" prot="private" static="no" const="no" explicit="no" inline="yes" virt="non-virtual">
        <type>void</type>
        <definition>void GameManager.AppearWheel</definition>
        <argsstring>()</argsstring>
        <name>AppearWheel</name>
        <qualifiedname>GameManager.AppearWheel</qualifiedname>
        <briefdescription>
<para>Метод для появления и анимации колеса фортуны. </para>
        </briefdescription>
        <detaileddescription>
        </detaileddescription>
        <inbodydescription>
        </inbodydescription>
        <location file="GameManager.cs" line="257" column="10" bodyfile="GameManager.cs" bodystart="257" bodyend="261"/>
      </memberdef>
      <memberdef kind="function" id="class_game_manager_1aec22b7326f626aa2d55758a94d32c628" prot="private" static="no" const="no" explicit="no" inline="yes" virt="non-virtual">
        <type>void</type>
        <definition>void GameManager.CheckLevel</definition>
        <argsstring>()</argsstring>
        <name>CheckLevel</name>
        <qualifiedname>GameManager.CheckLevel</qualifiedname>
        <briefdescription>
<para>Метод для проверки состояния уровня. </para>
        </briefdescription>
        <detaileddescription>
        </detaileddescription>
        <inbodydescription>
        </inbodydescription>
        <location file="GameManager.cs" line="306" column="10" bodyfile="GameManager.cs" bodystart="306" bodyend="348"/>
      </memberdef>
      <memberdef kind="function" id="class_game_manager_1a9193c24424f6a10c7d9df407264ed4fa" prot="private" static="no" const="no" explicit="no" inline="yes" virt="non-virtual">
        <type>void</type>
        <definition>void GameManager.StartGame</definition>
        <argsstring>()</argsstring>
        <name>StartGame</name>
        <qualifiedname>GameManager.StartGame</qualifiedname>
        <briefdescription>
<para>Метод для начала игры (с запуском таймера и анимации). </para>
        </briefdescription>
        <detaileddescription>
        </detaileddescription>
        <inbodydescription>
        </inbodydescription>
        <location file="GameManager.cs" line="360" column="10" bodyfile="GameManager.cs" bodystart="360" bodyend="363"/>
      </memberdef>
      <memberdef kind="function" id="class_game_manager_1a941fd396ef440411e617e0c1d027c4e1" prot="private" static="no" const="no" explicit="no" inline="yes" virt="non-virtual">
        <type>void</type>
        <definition>void GameManager.CountDown</definition>
        <argsstring>()</argsstring>
        <name>CountDown</name>
        <qualifiedname>GameManager.CountDown</qualifiedname>
        <briefdescription>
<para>Метод для отсчёта времени. </para>
        </briefdescription>
        <detaileddescription>
        </detaileddescription>
        <inbodydescription>
        </inbodydescription>
        <location file="GameManager.cs" line="382" column="10" bodyfile="GameManager.cs" bodystart="382" bodyend="392"/>
      </memberdef>
      <memberdef kind="function" id="class_game_manager_1a76a27f36d082e328bd1c7748d8832816" prot="private" static="no" const="no" explicit="no" inline="yes" virt="non-virtual">
        <type>void</type>
        <definition>void GameManager.Win</definition>
        <argsstring>()</argsstring>
        <name>Win</name>
        <qualifiedname>GameManager.Win</qualifiedname>
        <briefdescription>
<para>Метод для обработки победы. </para>
        </briefdescription>
        <detaileddescription>
        </detaileddescription>
        <inbodydescription>
        </inbodydescription>
        <location file="GameManager.cs" line="397" column="10" bodyfile="GameManager.cs" bodystart="397" bodyend="400"/>
      </memberdef>
      <memberdef kind="function" id="class_game_manager_1a72c1a2f94494c387715452996736e9a3" prot="private" static="no" const="no" explicit="no" inline="yes" virt="non-virtual">
        <type>void</type>
        <definition>void GameManager.Loose</definition>
        <argsstring>()</argsstring>
        <name>Loose</name>
        <qualifiedname>GameManager.Loose</qualifiedname>
        <briefdescription>
<para>Метод для обработки поражения. </para>
        </briefdescription>
        <detaileddescription>
        </detaileddescription>
        <inbodydescription>
        </inbodydescription>
        <location file="GameManager.cs" line="404" column="10" bodyfile="GameManager.cs" bodystart="404" bodyend="407"/>
      </memberdef>
      <memberdef kind="function" id="class_game_manager_1a44c79b205dec16bfe650e21259860c5b" prot="private" static="no" const="no" explicit="no" inline="yes" virt="non-virtual">
        <type>void</type>
        <definition>void GameManager.Update</definition>
        <argsstring>()</argsstring>
        <name>Update</name>
        <qualifiedname>GameManager.Update</qualifiedname>
        <briefdescription>
<para>Метод для обновления состояния игры каждый кадр. </para>
        </briefdescription>
        <detaileddescription>
        </detaileddescription>
        <inbodydescription>
        </inbodydescription>
        <location file="GameManager.cs" line="412" column="10" bodyfile="GameManager.cs" bodystart="412" bodyend="519"/>
      </memberdef>
    </sectiondef>
    <sectiondef kind="public-func">
      <memberdef kind="function" id="class_game_manager_1a43b3ff0c254868e2a302d7536394f04c" prot="public" static="no" const="no" explicit="no" inline="yes" virt="non-virtual">
        <type><ref refid="class_health_manager" kindref="compound">HealthManager</ref></type>
        <definition>HealthManager GameManager.getGigaHealth</definition>
        <argsstring>()</argsstring>
        <name>getGigaHealth</name>
        <qualifiedname>GameManager.getGigaHealth</qualifiedname>
        <briefdescription>
<para>Метод для получения информации о здоровье гигантского кота. </para>
        </briefdescription>
        <detaileddescription>
<para><simplesect kind="return"><para>Возвращает менеджер здоровья гигантского кота.</para>
</simplesect>
</para>
        </detaileddescription>
        <inbodydescription>
        </inbodydescription>
        <location file="GameManager.cs" line="267" column="26" bodyfile="GameManager.cs" bodystart="267" bodyend="269"/>
      </memberdef>
      <memberdef kind="function" id="class_game_manager_1a4ffe8d28cc4570c1b6516be9fc7caef5" prot="public" static="no" const="no" explicit="no" inline="yes" virt="non-virtual">
        <type>Transform</type>
        <definition>Transform GameManager.getMainParent</definition>
        <argsstring>()</argsstring>
        <name>getMainParent</name>
        <qualifiedname>GameManager.getMainParent</qualifiedname>
        <briefdescription>
<para>Метод для получения главного родительского объекта уровня. </para>
        </briefdescription>
        <detaileddescription>
<para><simplesect kind="return"><para>Возвращает главный родительский объект уровня.</para>
</simplesect>
</para>
        </detaileddescription>
        <inbodydescription>
        </inbodydescription>
        <location file="GameManager.cs" line="275" column="22" bodyfile="GameManager.cs" bodystart="275" bodyend="277"/>
      </memberdef>
      <memberdef kind="function" id="class_game_manager_1a57a35d6bea3449be0de0f001bd451976" prot="public" static="no" const="no" explicit="no" inline="yes" virt="non-virtual">
        <type>void</type>
        <definition>void GameManager.GetBackFromWheel</definition>
        <argsstring>()</argsstring>
        <name>GetBackFromWheel</name>
        <qualifiedname>GameManager.GetBackFromWheel</qualifiedname>
        <briefdescription>
<para>Метод для возврата из колеса. </para>
        </briefdescription>
        <detaileddescription>
        </detaileddescription>
        <inbodydescription>
        </inbodydescription>
        <location file="GameManager.cs" line="282" column="17" bodyfile="GameManager.cs" bodystart="282" bodyend="285"/>
      </memberdef>
      <memberdef kind="function" id="class_game_manager_1aad96f1ecc3bdb539674de4875a99a9f3" prot="public" static="no" const="no" explicit="no" inline="yes" virt="non-virtual">
        <type>void</type>
        <definition>void GameManager.CloseWheel</definition>
        <argsstring>()</argsstring>
        <name>CloseWheel</name>
        <qualifiedname>GameManager.CloseWheel</qualifiedname>
        <briefdescription>
<para>Метод для закрытия колеса фортуны. </para>
        </briefdescription>
        <detaileddescription>
        </detaileddescription>
        <inbodydescription>
        </inbodydescription>
        <location file="GameManager.cs" line="290" column="17" bodyfile="GameManager.cs" bodystart="290" bodyend="292"/>
      </memberdef>
      <memberdef kind="function" id="class_game_manager_1a39e2894cdf069cd47229d5806bef1117" prot="public" static="no" const="no" explicit="no" inline="yes" virt="non-virtual">
        <type>void</type>
        <definition>void GameManager.ActivateWheel</definition>
        <argsstring>()</argsstring>
        <name>ActivateWheel</name>
        <qualifiedname>GameManager.ActivateWheel</qualifiedname>
        <briefdescription>
<para>Метод для активации колеса фортуны. </para>
        </briefdescription>
        <detaileddescription>
        </detaileddescription>
        <inbodydescription>
        </inbodydescription>
        <location file="GameManager.cs" line="297" column="17" bodyfile="GameManager.cs" bodystart="297" bodyend="301"/>
      </memberdef>
      <memberdef kind="function" id="class_game_manager_1a8e1c04f1db469a84dc1992b4a17dc502" prot="public" static="no" const="no" explicit="no" inline="yes" virt="non-virtual">
        <type>void</type>
        <definition>void GameManager.TurnMusicOff</definition>
        <argsstring>()</argsstring>
        <name>TurnMusicOff</name>
        <qualifiedname>GameManager.TurnMusicOff</qualifiedname>
        <briefdescription>
<para>Отключение музыки с плавным уменьшением громкости. </para>
        </briefdescription>
        <detaileddescription>
        </detaileddescription>
        <inbodydescription>
        </inbodydescription>
        <location file="GameManager.cs" line="353" column="17" bodyfile="GameManager.cs" bodystart="353" bodyend="355"/>
      </memberdef>
      <memberdef kind="function" id="class_game_manager_1ac1cedb44945659cac6ec07b4483886b3" prot="public" static="no" const="no" explicit="no" inline="yes" virt="non-virtual">
        <type>void</type>
        <definition>void GameManager.StartTimer</definition>
        <argsstring>()</argsstring>
        <name>StartTimer</name>
        <qualifiedname>GameManager.StartTimer</qualifiedname>
        <briefdescription>
<para>Метод для старта таймера. </para>
        </briefdescription>
        <detaileddescription>
        </detaileddescription>
        <inbodydescription>
        </inbodydescription>
        <location file="GameManager.cs" line="368" column="17" bodyfile="GameManager.cs" bodystart="368" bodyend="370"/>
      </memberdef>
      <memberdef kind="function" id="class_game_manager_1a5f4ba28059042a6cbe97690c161bfd5e" prot="public" static="no" const="no" explicit="no" inline="yes" virt="non-virtual">
        <type>void</type>
        <definition>void GameManager.StopTimer</definition>
        <argsstring>()</argsstring>
        <name>StopTimer</name>
        <qualifiedname>GameManager.StopTimer</qualifiedname>
        <briefdescription>
<para>Метод для остановки таймера. </para>
        </briefdescription>
        <detaileddescription>
        </detaileddescription>
        <inbodydescription>
        </inbodydescription>
        <location file="GameManager.cs" line="375" column="17" bodyfile="GameManager.cs" bodystart="375" bodyend="378"/>
      </memberdef>
    </sectiondef>
    <briefdescription>
<para>Главный управляющий класс игры. Отвечает за управление состоянием игры, выбор персонажей, взаимодействие с камерой, отслеживание разрушений уровня и запуск игрового процесса. </para>
    </briefdescription>
    <detaileddescription>
    </detaileddescription>
    <inheritancegraph>
      <node id="1">
        <label>GameManager</label>
        <link refid="class_game_manager"/>
        <childnode refid="2" relation="public-inheritance">
        </childnode>
      </node>
      <node id="2">
        <label>MonoBehaviour</label>
      </node>
    </inheritancegraph>
    <collaborationgraph>
      <node id="1">
        <label>GameManager</label>
        <link refid="class_game_manager"/>
        <childnode refid="2" relation="public-inheritance">
        </childnode>
      </node>
      <node id="2">
        <label>MonoBehaviour</label>
      </node>
    </collaborationgraph>
    <location file="GameManager.cs" line="14" column="7" bodyfile="GameManager.cs" bodystart="15" bodyend="520"/>
    <listofallmembers>
      <member refid="class_game_manager_1a39e2894cdf069cd47229d5806bef1117" prot="public" virt="non-virtual"><scope>GameManager</scope><name>ActivateWheel</name></member>
      <member refid="class_game_manager_1aa2fbad2fc6b8df0d293cb85f9732e5c1" prot="private" virt="non-virtual"><scope>GameManager</scope><name>allCatsToChoose</name></member>
      <member refid="class_game_manager_1a70faee718aae19a667d267bd867c1ba6" prot="private" virt="non-virtual"><scope>GameManager</scope><name>allRats</name></member>
      <member refid="class_game_manager_1ace8c2915ead5bd5d901e94187ed766ec" prot="private" virt="non-virtual"><scope>GameManager</scope><name>animatorFade</name></member>
      <member refid="class_game_manager_1a78ed3e980894246ab66677a647fbd796" prot="private" virt="non-virtual"><scope>GameManager</scope><name>animatorIconWheel</name></member>
      <member refid="class_game_manager_1a03bde21b7219684210853dde2fd7c5a5" prot="private" virt="non-virtual"><scope>GameManager</scope><name>AppearWheel</name></member>
      <member refid="class_game_manager_1a010c38e801639c77c008a03daef50c9d" prot="private" virt="non-virtual"><scope>GameManager</scope><name>bigCat</name></member>
      <member refid="class_game_manager_1a720a008c09d224c083541a03c24be83d" prot="private" virt="non-virtual"><scope>GameManager</scope><name>cam</name></member>
      <member refid="class_game_manager_1a342dd66a5988877a4c53ca48af90be7a" prot="private" virt="non-virtual"><scope>GameManager</scope><name>camAnimator</name></member>
      <member refid="class_game_manager_1a97c0edd3eee4f4b2f92cd2117d32149c" prot="private" virt="non-virtual"><scope>GameManager</scope><name>cameraController</name></member>
      <member refid="class_game_manager_1a387f15d87054e52bbc59f41912b99c75" prot="private" virt="non-virtual"><scope>GameManager</scope><name>camLerpSpeed</name></member>
      <member refid="class_game_manager_1a348e18d180614fe6726e83d44e2e1a5d" prot="private" virt="non-virtual"><scope>GameManager</scope><name>catAmount</name></member>
      <member refid="class_game_manager_1a775fdf053e78ab1edf856cfc39ceb068" prot="private" virt="non-virtual"><scope>GameManager</scope><name>catSling</name></member>
      <member refid="class_game_manager_1a602cf4bb0f3256a3bc0a65844a928f69" prot="public" virt="non-virtual"><scope>GameManager</scope><name>CatTypes</name></member>
      <member refid="class_game_manager_1aec22b7326f626aa2d55758a94d32c628" prot="private" virt="non-virtual"><scope>GameManager</scope><name>CheckLevel</name></member>
      <member refid="class_game_manager_1a91c67a95d48139262762aeac14ee621f" prot="private" virt="non-virtual"><scope>GameManager</scope><name>choosingCamPos</name></member>
      <member refid="class_game_manager_1a51fe7003af148b05bf9a8e04a16b7b61" prot="private" virt="non-virtual"><scope>GameManager</scope><name>chosenCats</name></member>
      <member refid="class_game_manager_1aad96f1ecc3bdb539674de4875a99a9f3" prot="public" virt="non-virtual"><scope>GameManager</scope><name>CloseWheel</name></member>
      <member refid="class_game_manager_1a941fd396ef440411e617e0c1d027c4e1" prot="private" virt="non-virtual"><scope>GameManager</scope><name>CountDown</name></member>
      <member refid="class_game_manager_1a4e101a2d41586da9bdd50515bc3e024b" prot="private" virt="non-virtual"><scope>GameManager</scope><name>countDown</name></member>
      <member refid="class_game_manager_1a9ec01b03272cddfd292439522c960bc2" prot="private" virt="non-virtual"><scope>GameManager</scope><name>countdownText</name></member>
      <member refid="class_game_manager_1a21da707d333846d55987c429e7d89bca" prot="private" virt="non-virtual"><scope>GameManager</scope><name>endTime</name></member>
      <member refid="class_game_manager_1a809dec58b5681fc1ebcc22eb428a914c" prot="private" virt="non-virtual"><scope>GameManager</scope><name>GameState</name></member>
      <member refid="class_game_manager_1a665049fac7f984db5f9b3930c3b1c996" prot="private" virt="non-virtual"><scope>GameManager</scope><name>gameUIManager</name></member>
      <member refid="class_game_manager_1a57a35d6bea3449be0de0f001bd451976" prot="public" virt="non-virtual"><scope>GameManager</scope><name>GetBackFromWheel</name></member>
      <member refid="class_game_manager_1a43b3ff0c254868e2a302d7536394f04c" prot="public" virt="non-virtual"><scope>GameManager</scope><name>getGigaHealth</name></member>
      <member refid="class_game_manager_1a4ffe8d28cc4570c1b6516be9fc7caef5" prot="public" virt="non-virtual"><scope>GameManager</scope><name>getMainParent</name></member>
      <member refid="class_game_manager_1a2deb3fcdd68c95076e6ca0fe982257d3" prot="private" virt="non-virtual"><scope>GameManager</scope><name>gigaCatAI</name></member>
      <member refid="class_game_manager_1a4ca45f29efba8d551ed3695ff11ca7a0" prot="private" virt="non-virtual"><scope>GameManager</scope><name>king</name></member>
      <member refid="class_game_manager_1a72c1a2f94494c387715452996736e9a3" prot="private" virt="non-virtual"><scope>GameManager</scope><name>Loose</name></member>
      <member refid="class_game_manager_1a0ba0aa47333478bbf75af9390486ac25" prot="private" virt="non-virtual"><scope>GameManager</scope><name>lvlObjects</name></member>
      <member refid="class_game_manager_1a17e003b42eb6c99308a04813e359ff71" prot="private" virt="non-virtual"><scope>GameManager</scope><name>m_gameState</name></member>
      <member refid="class_game_manager_1a736ee9f154f177c8085da0945881bab7" prot="private" virt="non-virtual"><scope>GameManager</scope><name>mainMusic</name></member>
      <member refid="class_game_manager_1a9b952bf8598eaa914a7cd24cc0e1aec5" prot="private" virt="non-virtual"><scope>GameManager</scope><name>MainWheel</name></member>
      <member refid="class_game_manager_1aa016f902964a1bf72f3533eac6a04f7a" prot="private" virt="non-virtual"><scope>GameManager</scope><name>maxCatTypes</name></member>
      <member refid="class_game_manager_1aa6238212e59e5d8799e715a70672c610" prot="private" virt="non-virtual"><scope>GameManager</scope><name>musicManager</name></member>
      <member refid="class_game_manager_1a22a3bf022e65685ac9873a798d00fa43" prot="private" virt="non-virtual"><scope>GameManager</scope><name>offsetSpawn</name></member>
      <member refid="class_game_manager_1adfcad29ecaa23cd4a88e456f232d6e22" prot="private" virt="non-virtual"><scope>GameManager</scope><name>percentsDestructions</name></member>
      <member refid="class_game_manager_1ac329aa632ffdadebd32c5969c0690535" prot="private" virt="non-virtual"><scope>GameManager</scope><name>posSpawn</name></member>
      <member refid="class_game_manager_1ac6b35d8aaff02d1982589d032b252e53" prot="private" virt="non-virtual"><scope>GameManager</scope><name>spawnedPrefs</name></member>
      <member refid="class_game_manager_1ae59f8312536ab85d52fe2f0548b1768c" prot="private" virt="non-virtual"><scope>GameManager</scope><name>starsManager</name></member>
      <member refid="class_game_manager_1a5ccfacd027ad08eeb4ff1f25a7f59c98" prot="private" virt="non-virtual"><scope>GameManager</scope><name>Start</name></member>
      <member refid="class_game_manager_1a1d12f69c1466c5f519f5aa67917dd021" prot="private" virt="non-virtual"><scope>GameManager</scope><name>startAmountOfObjects</name></member>
      <member refid="class_game_manager_1ab4357430067331416a641e1e54d23ffc" prot="private" virt="non-virtual"><scope>GameManager</scope><name>startCamPos</name></member>
      <member refid="class_game_manager_1a6a2a15d6121ab707edffdfe79e9c99a3" prot="private" virt="non-virtual"><scope>GameManager</scope><name>startEndCamSize</name></member>
      <member refid="class_game_manager_1a9193c24424f6a10c7d9df407264ed4fa" prot="private" virt="non-virtual"><scope>GameManager</scope><name>StartGame</name></member>
      <member refid="class_game_manager_1a58b5b51fdace0b0aea65eeb6656313b1" prot="private" virt="non-virtual"><scope>GameManager</scope><name>startGameCamPos</name></member>
      <member refid="class_game_manager_1ad543a5b95f1e21169bf6abf183acfb59" prot="private" virt="non-virtual"><scope>GameManager</scope><name>startTime</name></member>
      <member refid="class_game_manager_1ac1cedb44945659cac6ec07b4483886b3" prot="public" virt="non-virtual"><scope>GameManager</scope><name>StartTimer</name></member>
      <member refid="class_game_manager_1a5f4ba28059042a6cbe97690c161bfd5e" prot="public" virt="non-virtual"><scope>GameManager</scope><name>StopTimer</name></member>
      <member refid="class_game_manager_1a164a4e46905b9addc9bf5316dca0d1ba" prot="private" virt="non-virtual"><scope>GameManager</scope><name>tCam</name></member>
      <member refid="class_game_manager_1a8e1c04f1db469a84dc1992b4a17dc502" prot="public" virt="non-virtual"><scope>GameManager</scope><name>TurnMusicOff</name></member>
      <member refid="class_game_manager_1aebc0ef074b78e6404f592f0ca48e5b0b" prot="private" virt="non-virtual"><scope>GameManager</scope><name>UIBlackLines</name></member>
      <member refid="class_game_manager_1a44c79b205dec16bfe650e21259860c5b" prot="private" virt="non-virtual"><scope>GameManager</scope><name>Update</name></member>
      <member refid="class_game_manager_1a58808ca27a09dd3d065a5926f8ca6f38" prot="private" virt="non-virtual"><scope>GameManager</scope><name>wheelOfFortune</name></member>
      <member refid="class_game_manager_1a76a27f36d082e328bd1c7748d8832816" prot="private" virt="non-virtual"><scope>GameManager</scope><name>Win</name></member>
    </listofallmembers>
  </compounddef>
</doxygen>
