<?xml version='1.0' encoding='UTF-8' standalone='no'?>
<doxygen xmlns:xsi="http://www.w3.org/2001/XMLSchema-instance" xsi:noNamespaceSchemaLocation="compound.xsd" version="1.13.2" xml:lang="en-US">
  <compounddef id="class_stars_manager" kind="class" language="C#" prot="public">
    <compoundname>StarsManager</compoundname>
    <basecompoundref prot="public" virt="non-virtual">MonoBehaviour</basecompoundref>
    <sectiondef kind="private-attrib">
      <memberdef kind="variable" id="class_stars_manager_1a7757915e5f00b24ccf84b0b6b21fdde7" prot="private" static="no" mutable="no">
        <type>Animator</type>
        <definition>Animator StarsManager.animatorStars</definition>
        <argsstring></argsstring>
        <name>animatorStars</name>
        <qualifiedname>StarsManager.animatorStars</qualifiedname>
        <briefdescription>
<para>Аниматор для отображения звёзд. </para>
        </briefdescription>
        <detaileddescription>
        </detaileddescription>
        <inbodydescription>
        </inbodydescription>
        <location file="StarsManager.cs" line="12" column="23" bodyfile="StarsManager.cs" bodystart="12" bodyend="-1"/>
      </memberdef>
      <memberdef kind="variable" id="class_stars_manager_1acdc4633d7776c0e92027a2d1e425d710" prot="private" static="no" mutable="no">
        <type>int</type>
        <definition>int StarsManager.currentStars</definition>
        <argsstring></argsstring>
        <name>currentStars</name>
        <qualifiedname>StarsManager.currentStars</qualifiedname>
        <initializer>= 0</initializer>
        <briefdescription>
<para>Текущее количество звёзд. </para>
        </briefdescription>
        <detaileddescription>
        </detaileddescription>
        <inbodydescription>
        </inbodydescription>
        <location file="StarsManager.cs" line="17" column="17" bodyfile="StarsManager.cs" bodystart="17" bodyend="-1"/>
      </memberdef>
      <memberdef kind="variable" id="class_stars_manager_1a13cd01e31d686f3e5c46cfa8a40f47ed" prot="private" static="no" mutable="no">
        <type>int</type>
        <definition>int StarsManager.queueStars</definition>
        <argsstring></argsstring>
        <name>queueStars</name>
        <qualifiedname>StarsManager.queueStars</qualifiedname>
        <initializer>= 0</initializer>
        <briefdescription>
<para>Количество звёзд в очереди. </para>
        </briefdescription>
        <detaileddescription>
        </detaileddescription>
        <inbodydescription>
        </inbodydescription>
        <location file="StarsManager.cs" line="22" column="17" bodyfile="StarsManager.cs" bodystart="22" bodyend="-1"/>
      </memberdef>
      <memberdef kind="variable" id="class_stars_manager_1a6d370e8f97d1ed940691dfbaad5431ea" prot="private" static="no" mutable="no">
        <type>bool</type>
        <definition>bool StarsManager.cooldown</definition>
        <argsstring></argsstring>
        <name>cooldown</name>
        <qualifiedname>StarsManager.cooldown</qualifiedname>
        <initializer>= false</initializer>
        <briefdescription>
<para>Флаг для отслеживания состояния перезарядки. </para>
        </briefdescription>
        <detaileddescription>
        </detaileddescription>
        <inbodydescription>
        </inbodydescription>
        <location file="StarsManager.cs" line="27" column="18" bodyfile="StarsManager.cs" bodystart="27" bodyend="-1"/>
      </memberdef>
      <memberdef kind="variable" id="class_stars_manager_1aec8e8daae18a4cedf6af7067d7f3a1a8" prot="private" static="no" mutable="no">
        <type>AudioSource</type>
        <definition>AudioSource StarsManager.source</definition>
        <argsstring></argsstring>
        <name>source</name>
        <qualifiedname>StarsManager.source</qualifiedname>
        <briefdescription>
<para>Источник аудио для звуковых эффектов. </para>
        </briefdescription>
        <detaileddescription>
        </detaileddescription>
        <inbodydescription>
        </inbodydescription>
        <location file="StarsManager.cs" line="33" column="26" bodyfile="StarsManager.cs" bodystart="33" bodyend="-1"/>
      </memberdef>
      <memberdef kind="variable" id="class_stars_manager_1aaaa22bd4af17620b52be84acf273b581" prot="private" static="no" mutable="no">
        <type>AudioClip</type>
        <definition>AudioClip StarsManager.starSound</definition>
        <argsstring></argsstring>
        <name>starSound</name>
        <qualifiedname>StarsManager.starSound</qualifiedname>
        <briefdescription>
<para>Звук, проигрываемый при получении звезды. </para>
        </briefdescription>
        <detaileddescription>
        </detaileddescription>
        <inbodydescription>
        </inbodydescription>
        <location file="StarsManager.cs" line="38" column="24" bodyfile="StarsManager.cs" bodystart="38" bodyend="-1"/>
      </memberdef>
    </sectiondef>
    <sectiondef kind="public-func">
      <memberdef kind="function" id="class_stars_manager_1a4991fe3984424ed361740712fbfc26b9" prot="public" static="no" const="no" explicit="no" inline="yes" virt="non-virtual">
        <type>void</type>
        <definition>void StarsManager.AddToQueue</definition>
        <argsstring>()</argsstring>
        <name>AddToQueue</name>
        <qualifiedname>StarsManager.AddToQueue</qualifiedname>
        <briefdescription>
<para>Добавляет звезду в очередь, если их меньше 3. </para>
        </briefdescription>
        <detaileddescription>
        </detaileddescription>
        <inbodydescription>
        </inbodydescription>
        <location file="StarsManager.cs" line="43" column="17" bodyfile="StarsManager.cs" bodystart="43" bodyend="53"/>
      </memberdef>
      <memberdef kind="function" id="class_stars_manager_1a02d43b25d1e5ce7a7598358902f20534" prot="public" static="no" const="no" explicit="no" inline="yes" virt="non-virtual">
        <type>int</type>
        <definition>int StarsManager.getStars</definition>
        <argsstring>()</argsstring>
        <name>getStars</name>
        <qualifiedname>StarsManager.getStars</qualifiedname>
        <briefdescription>
<para>Получает общее количество звёзд (текущих + в очереди). </para>
        </briefdescription>
        <detaileddescription>
<para><simplesect kind="return"><para>Общее количество звёзд.</para>
</simplesect>
</para>
        </detaileddescription>
        <inbodydescription>
        </inbodydescription>
        <location file="StarsManager.cs" line="59" column="16" bodyfile="StarsManager.cs" bodystart="59" bodyend="61"/>
      </memberdef>
    </sectiondef>
    <sectiondef kind="private-func">
      <memberdef kind="function" id="class_stars_manager_1ad8d9ec975fff88201df995e87f3a062c" prot="private" static="no" const="no" explicit="no" inline="yes" virt="non-virtual">
        <type>void</type>
        <definition>void StarsManager.ProcessQueue</definition>
        <argsstring>()</argsstring>
        <name>ProcessQueue</name>
        <qualifiedname>StarsManager.ProcessQueue</qualifiedname>
        <briefdescription>
<para>Обрабатывает очередь звёзд и запускает анимацию. </para>
        </briefdescription>
        <detaileddescription>
        </detaileddescription>
        <inbodydescription>
        </inbodydescription>
        <location file="StarsManager.cs" line="66" column="18" bodyfile="StarsManager.cs" bodystart="66" bodyend="91"/>
      </memberdef>
      <memberdef kind="function" id="class_stars_manager_1aaacb5fbb0eedb399cb42b49191d09fa0" prot="private" static="no" const="no" explicit="no" inline="yes" virt="non-virtual">
        <type>void</type>
        <definition>void StarsManager.ResetCooldown</definition>
        <argsstring>()</argsstring>
        <name>ResetCooldown</name>
        <qualifiedname>StarsManager.ResetCooldown</qualifiedname>
        <briefdescription>
<para>Сбрасывает флаг перезарядки и снова обрабатывает очередь. </para>
        </briefdescription>
        <detaileddescription>
        </detaileddescription>
        <inbodydescription>
        </inbodydescription>
        <location file="StarsManager.cs" line="96" column="18" bodyfile="StarsManager.cs" bodystart="96" bodyend="101"/>
      </memberdef>
    </sectiondef>
    <briefdescription>
<para>Класс, управляющий звездами в игре. Обрабатывает очередь звёзд и их отображение с анимациями. </para>
    </briefdescription>
    <detaileddescription>
    </detaileddescription>
    <inheritancegraph>
      <node id="2">
        <label>MonoBehaviour</label>
      </node>
      <node id="1">
        <label>StarsManager</label>
        <link refid="class_stars_manager"/>
        <childnode refid="2" relation="public-inheritance">
        </childnode>
      </node>
    </inheritancegraph>
    <collaborationgraph>
      <node id="2">
        <label>MonoBehaviour</label>
      </node>
      <node id="1">
        <label>StarsManager</label>
        <link refid="class_stars_manager"/>
        <childnode refid="2" relation="public-inheritance">
        </childnode>
      </node>
    </collaborationgraph>
    <location file="StarsManager.cs" line="6" column="7" bodyfile="StarsManager.cs" bodystart="7" bodyend="102"/>
    <listofallmembers>
      <member refid="class_stars_manager_1a4991fe3984424ed361740712fbfc26b9" prot="public" virt="non-virtual"><scope>StarsManager</scope><name>AddToQueue</name></member>
      <member refid="class_stars_manager_1a7757915e5f00b24ccf84b0b6b21fdde7" prot="private" virt="non-virtual"><scope>StarsManager</scope><name>animatorStars</name></member>
      <member refid="class_stars_manager_1a6d370e8f97d1ed940691dfbaad5431ea" prot="private" virt="non-virtual"><scope>StarsManager</scope><name>cooldown</name></member>
      <member refid="class_stars_manager_1acdc4633d7776c0e92027a2d1e425d710" prot="private" virt="non-virtual"><scope>StarsManager</scope><name>currentStars</name></member>
      <member refid="class_stars_manager_1a02d43b25d1e5ce7a7598358902f20534" prot="public" virt="non-virtual"><scope>StarsManager</scope><name>getStars</name></member>
      <member refid="class_stars_manager_1ad8d9ec975fff88201df995e87f3a062c" prot="private" virt="non-virtual"><scope>StarsManager</scope><name>ProcessQueue</name></member>
      <member refid="class_stars_manager_1a13cd01e31d686f3e5c46cfa8a40f47ed" prot="private" virt="non-virtual"><scope>StarsManager</scope><name>queueStars</name></member>
      <member refid="class_stars_manager_1aaacb5fbb0eedb399cb42b49191d09fa0" prot="private" virt="non-virtual"><scope>StarsManager</scope><name>ResetCooldown</name></member>
      <member refid="class_stars_manager_1aec8e8daae18a4cedf6af7067d7f3a1a8" prot="private" virt="non-virtual"><scope>StarsManager</scope><name>source</name></member>
      <member refid="class_stars_manager_1aaaa22bd4af17620b52be84acf273b581" prot="private" virt="non-virtual"><scope>StarsManager</scope><name>starSound</name></member>
    </listofallmembers>
  </compounddef>
</doxygen>
