<?xml version='1.0' encoding='UTF-8' standalone='no'?>
<doxygen xmlns:xsi="http://www.w3.org/2001/XMLSchema-instance" xsi:noNamespaceSchemaLocation="compound.xsd" version="1.13.2" xml:lang="en-US">
  <compounddef id="class_image_manager" kind="class" language="C#" prot="public">
    <compoundname>ImageManager</compoundname>
    <basecompoundref prot="public" virt="non-virtual">MonoBehaviour</basecompoundref>
    <innerclass refid="class_image_manager_1_1frame" prot="public">ImageManager::frame</innerclass>
    <sectiondef kind="private-attrib">
      <memberdef kind="variable" id="class_image_manager_1a5baecb937faa2e0a3ce70e94644bb7ad" prot="private" static="no" mutable="no">
        <type>Vector3</type>
        <definition>Vector3 ImageManager.mainScale</definition>
        <argsstring></argsstring>
        <name>mainScale</name>
        <qualifiedname>ImageManager.mainScale</qualifiedname>
        <briefdescription>
<para>Основной масштаб для корректировки размера спрайтов. </para>
        </briefdescription>
        <detaileddescription>
        </detaileddescription>
        <inbodydescription>
        </inbodydescription>
        <location file="Film/ImageManager.cs" line="12" column="21" bodyfile="Film/ImageManager.cs" bodystart="12" bodyend="-1"/>
      </memberdef>
      <memberdef kind="variable" id="class_image_manager_1ab02be35aedefd51697fe2bd331221ca9" prot="private" static="no" mutable="no">
        <type>GameObject[]</type>
        <definition>GameObject [] ImageManager.objs</definition>
        <argsstring></argsstring>
        <name>objs</name>
        <qualifiedname>ImageManager.objs</qualifiedname>
        <briefdescription>
<para>Массив объектов, которые будут анимироваться. </para>
        </briefdescription>
        <detaileddescription>
        </detaileddescription>
        <inbodydescription>
        </inbodydescription>
        <location file="Film/ImageManager.cs" line="17" column="25" bodyfile="Film/ImageManager.cs" bodystart="17" bodyend="-1"/>
      </memberdef>
      <memberdef kind="variable" id="class_image_manager_1a902ecf065e9a0fa1ea0285453b7cfb27" prot="private" static="no" mutable="no">
        <type>SpriteRenderer[]</type>
        <definition>SpriteRenderer [] ImageManager.sprites</definition>
        <argsstring></argsstring>
        <name>sprites</name>
        <qualifiedname>ImageManager.sprites</qualifiedname>
        <briefdescription>
<para>Массив спрайтов, которые будут использоваться в процессе анимации. </para>
        </briefdescription>
        <detaileddescription>
        </detaileddescription>
        <inbodydescription>
        </inbodydescription>
        <location file="Film/ImageManager.cs" line="22" column="29" bodyfile="Film/ImageManager.cs" bodystart="22" bodyend="-1"/>
      </memberdef>
      <memberdef kind="variable" id="class_image_manager_1a8bea41a37c1e5f95ffcdaa8ceeb09efb" prot="private" static="no" mutable="no">
        <type><ref refid="class_image_manager_1_1frame" kindref="compound">frame</ref>[]</type>
        <definition>frame [] ImageManager.frameData</definition>
        <argsstring></argsstring>
        <name>frameData</name>
        <qualifiedname>ImageManager.frameData</qualifiedname>
        <briefdescription>
<para>Данные для каждого кадра анимации, включая спрайты, маски и время анимации. </para>
        </briefdescription>
        <detaileddescription>
        </detaileddescription>
        <inbodydescription>
        </inbodydescription>
        <location file="Film/ImageManager.cs" line="27" column="20" bodyfile="Film/ImageManager.cs" bodystart="27" bodyend="-1"/>
      </memberdef>
      <memberdef kind="variable" id="class_image_manager_1a3aff2f4c9cb89e75b5553ce859b4e17c" prot="private" static="no" mutable="no">
        <type>float[]</type>
        <definition>float [] ImageManager.tlerp</definition>
        <argsstring></argsstring>
        <name>tlerp</name>
        <qualifiedname>ImageManager.tlerp</qualifiedname>
        <briefdescription>
<para>Массив для хранения времени интерполяции для изменения масштаба объектов. </para>
        </briefdescription>
        <detaileddescription>
        </detaileddescription>
        <inbodydescription>
        </inbodydescription>
        <location file="Film/ImageManager.cs" line="37" column="19" bodyfile="Film/ImageManager.cs" bodystart="37" bodyend="-1"/>
      </memberdef>
      <memberdef kind="variable" id="class_image_manager_1ade99bfea9d6cd5bec538319d2bd4d730" prot="private" static="no" mutable="no">
        <type>float[]</type>
        <definition>float [] ImageManager.tMat</definition>
        <argsstring></argsstring>
        <name>tMat</name>
        <qualifiedname>ImageManager.tMat</qualifiedname>
        <briefdescription>
<para>Массив для хранения времени интерполяции для изменения маски объектов. </para>
        </briefdescription>
        <detaileddescription>
        </detaileddescription>
        <inbodydescription>
        </inbodydescription>
        <location file="Film/ImageManager.cs" line="42" column="19" bodyfile="Film/ImageManager.cs" bodystart="42" bodyend="-1"/>
      </memberdef>
      <memberdef kind="variable" id="class_image_manager_1a932c782bb13f6e8570994b2dd3b36d10" prot="private" static="no" mutable="no">
        <type><ref refid="class_music_manager" kindref="compound">MusicManager</ref></type>
        <definition>MusicManager ImageManager.musicManager</definition>
        <argsstring></argsstring>
        <name>musicManager</name>
        <qualifiedname>ImageManager.musicManager</qualifiedname>
        <briefdescription>
<para>Ссылка на менеджер музыки для управления фейдом музыки. </para>
        </briefdescription>
        <detaileddescription>
        </detaileddescription>
        <inbodydescription>
        </inbodydescription>
        <location file="Film/ImageManager.cs" line="100" column="27" bodyfile="Film/ImageManager.cs" bodystart="100" bodyend="-1"/>
      </memberdef>
      <memberdef kind="variable" id="class_image_manager_1a3c84e601fcdffa6744c3bdb763c8483f" prot="private" static="no" mutable="no">
        <type>AudioSource</type>
        <definition>AudioSource ImageManager.audioSource</definition>
        <argsstring></argsstring>
        <name>audioSource</name>
        <qualifiedname>ImageManager.audioSource</qualifiedname>
        <briefdescription>
<para>Источник звука для проигрывания музыки. </para>
        </briefdescription>
        <detaileddescription>
        </detaileddescription>
        <inbodydescription>
        </inbodydescription>
        <location file="Film/ImageManager.cs" line="105" column="26" bodyfile="Film/ImageManager.cs" bodystart="105" bodyend="-1"/>
      </memberdef>
      <memberdef kind="variable" id="class_image_manager_1a039f6fec7acb847d3c6f11e84ff88bea" prot="private" static="no" mutable="no">
        <type>bool</type>
        <definition>bool ImageManager.fadingMusic</definition>
        <argsstring></argsstring>
        <name>fadingMusic</name>
        <qualifiedname>ImageManager.fadingMusic</qualifiedname>
        <briefdescription>
<para>Флаг, указывающий, происходит ли фейд музыки. </para>
        </briefdescription>
        <detaileddescription>
        </detaileddescription>
        <inbodydescription>
        </inbodydescription>
        <location file="Film/ImageManager.cs" line="110" column="18" bodyfile="Film/ImageManager.cs" bodystart="110" bodyend="-1"/>
      </memberdef>
    </sectiondef>
    <sectiondef kind="public-attrib">
      <memberdef kind="variable" id="class_image_manager_1a6e94b4f0a2a03ebaa6084c26f3671bd0" prot="public" static="no" mutable="no">
        <type>int</type>
        <definition>int ImageManager.currentFrame</definition>
        <argsstring></argsstring>
        <name>currentFrame</name>
        <qualifiedname>ImageManager.currentFrame</qualifiedname>
        <briefdescription>
<para>Текущий кадр анимации. </para>
        </briefdescription>
        <detaileddescription>
        </detaileddescription>
        <inbodydescription>
        </inbodydescription>
        <location file="Film/ImageManager.cs" line="32" column="16" bodyfile="Film/ImageManager.cs" bodystart="32" bodyend="-1"/>
      </memberdef>
    </sectiondef>
    <sectiondef kind="private-func">
      <memberdef kind="function" id="class_image_manager_1aaf59ae738f0fa239d08bf5269272bac5" prot="private" static="no" const="no" explicit="no" inline="yes" virt="non-virtual">
        <type>void</type>
        <definition>void ImageManager.Start</definition>
        <argsstring>()</argsstring>
        <name>Start</name>
        <qualifiedname>ImageManager.Start</qualifiedname>
        <briefdescription>
<para>Инициализация компонента, настройка начальных параметров. </para>
        </briefdescription>
        <detaileddescription>
        </detaileddescription>
        <inbodydescription>
        </inbodydescription>
        <location file="Film/ImageManager.cs" line="115" column="10" bodyfile="Film/ImageManager.cs" bodystart="115" bodyend="138"/>
      </memberdef>
      <memberdef kind="function" id="class_image_manager_1a57badddd8d7980dcc71ec1c1ec531c88" prot="private" static="no" const="no" explicit="no" inline="yes" virt="non-virtual">
        <type>void</type>
        <definition>void ImageManager.SKIP</definition>
        <argsstring>()</argsstring>
        <name>SKIP</name>
        <qualifiedname>ImageManager.SKIP</qualifiedname>
        <briefdescription>
<para>Пропуск трейлера и переход в главное меню. </para>
        </briefdescription>
        <detaileddescription>
        </detaileddescription>
        <inbodydescription>
        </inbodydescription>
        <location file="Film/ImageManager.cs" line="143" column="10" bodyfile="Film/ImageManager.cs" bodystart="143" bodyend="145"/>
      </memberdef>
      <memberdef kind="function" id="class_image_manager_1a3cbd800330dcc120b27c41913001e5d9" prot="private" static="no" const="no" explicit="no" inline="yes" virt="non-virtual">
        <type>void</type>
        <definition>void ImageManager.Update</definition>
        <argsstring>()</argsstring>
        <name>Update</name>
        <qualifiedname>ImageManager.Update</qualifiedname>
        <briefdescription>
<para>Обновление анимации изображения. Изменяется масштаб и альфа-канал спрайтов. </para>
        </briefdescription>
        <detaileddescription>
        </detaileddescription>
        <inbodydescription>
        </inbodydescription>
        <location file="Film/ImageManager.cs" line="150" column="10" bodyfile="Film/ImageManager.cs" bodystart="150" bodyend="209"/>
      </memberdef>
      <memberdef kind="function" id="class_image_manager_1a1035461c94320679a0ba02d0a8a0acdb" prot="private" static="no" const="no" explicit="no" inline="yes" virt="non-virtual">
        <type>void</type>
        <definition>void ImageManager.FadeMusic</definition>
        <argsstring>()</argsstring>
        <name>FadeMusic</name>
        <qualifiedname>ImageManager.FadeMusic</qualifiedname>
        <briefdescription>
<para>Фейд музыки для плавного уменьшения громкости. </para>
        </briefdescription>
        <detaileddescription>
        </detaileddescription>
        <inbodydescription>
        </inbodydescription>
        <location file="Film/ImageManager.cs" line="214" column="10" bodyfile="Film/ImageManager.cs" bodystart="214" bodyend="216"/>
      </memberdef>
      <memberdef kind="function" id="class_image_manager_1a82516a7756de7389df063eb8c147ca33" prot="private" static="no" const="no" explicit="no" inline="yes" virt="non-virtual">
        <type>void</type>
        <definition>void ImageManager.SetAlpha</definition>
        <argsstring>(SpriteRenderer spriteRenderer, float alpha)</argsstring>
        <name>SetAlpha</name>
        <qualifiedname>ImageManager.SetAlpha</qualifiedname>
        <param>
          <type>SpriteRenderer</type>
          <declname>spriteRenderer</declname>
        </param>
        <param>
          <type>float</type>
          <declname>alpha</declname>
        </param>
        <briefdescription>
<para>Установка значения альфа-канала для спрайта. </para>
        </briefdescription>
        <detaileddescription>
<para><parameterlist kind="param"><parameteritem>
<parameternamelist>
<parametername>spriteRenderer</parametername>
</parameternamelist>
<parameterdescription>
<para>Компонент SpriteRenderer для изменения альфа-канала.</para>
</parameterdescription>
</parameteritem>
<parameteritem>
<parameternamelist>
<parametername>alpha</parametername>
</parameternamelist>
<parameterdescription>
<para>Значение альфа-канала.</para>
</parameterdescription>
</parameteritem>
</parameterlist>
</para>
        </detaileddescription>
        <inbodydescription>
        </inbodydescription>
        <location file="Film/ImageManager.cs" line="223" column="10" bodyfile="Film/ImageManager.cs" bodystart="223" bodyend="228"/>
      </memberdef>
      <memberdef kind="function" id="class_image_manager_1a360676502aaa53fa3f64c525067238ef" prot="private" static="no" const="no" explicit="no" inline="yes" virt="non-virtual">
        <type>void</type>
        <definition>void ImageManager.AdjustSpriteSize</definition>
        <argsstring>(SpriteRenderer spriteRenderer)</argsstring>
        <name>AdjustSpriteSize</name>
        <qualifiedname>ImageManager.AdjustSpriteSize</qualifiedname>
        <param>
          <type>SpriteRenderer</type>
          <declname>spriteRenderer</declname>
        </param>
        <briefdescription>
<para>Настройка размера спрайта в зависимости от размеров экрана. </para>
        </briefdescription>
        <detaileddescription>
<para><parameterlist kind="param"><parameteritem>
<parameternamelist>
<parametername>spriteRenderer</parametername>
</parameternamelist>
<parameterdescription>
<para>Компонент SpriteRenderer для изменения масштаба.</para>
</parameterdescription>
</parameteritem>
</parameterlist>
</para>
        </detaileddescription>
        <inbodydescription>
        </inbodydescription>
        <location file="Film/ImageManager.cs" line="234" column="10" bodyfile="Film/ImageManager.cs" bodystart="234" bodyend="246"/>
      </memberdef>
    </sectiondef>
    <briefdescription>
<para>Класс, управляющий анимацией изображений в начале игры, включая смену кадров, изменение масштаба и масок. </para>
    </briefdescription>
    <detaileddescription>
    </detaileddescription>
    <inheritancegraph>
      <node id="1">
        <label>ImageManager</label>
        <link refid="class_image_manager"/>
        <childnode refid="2" relation="public-inheritance">
        </childnode>
      </node>
      <node id="2">
        <label>MonoBehaviour</label>
      </node>
    </inheritancegraph>
    <collaborationgraph>
      <node id="1">
        <label>ImageManager</label>
        <link refid="class_image_manager"/>
        <childnode refid="2" relation="public-inheritance">
        </childnode>
      </node>
      <node id="2">
        <label>MonoBehaviour</label>
      </node>
    </collaborationgraph>
    <location file="Film/ImageManager.cs" line="7" column="7" bodyfile="Film/ImageManager.cs" bodystart="8" bodyend="247"/>
    <listofallmembers>
      <member refid="class_image_manager_1a360676502aaa53fa3f64c525067238ef" prot="private" virt="non-virtual"><scope>ImageManager</scope><name>AdjustSpriteSize</name></member>
      <member refid="class_image_manager_1a3c84e601fcdffa6744c3bdb763c8483f" prot="private" virt="non-virtual"><scope>ImageManager</scope><name>audioSource</name></member>
      <member refid="class_image_manager_1a6e94b4f0a2a03ebaa6084c26f3671bd0" prot="public" virt="non-virtual"><scope>ImageManager</scope><name>currentFrame</name></member>
      <member refid="class_image_manager_1a1035461c94320679a0ba02d0a8a0acdb" prot="private" virt="non-virtual"><scope>ImageManager</scope><name>FadeMusic</name></member>
      <member refid="class_image_manager_1a039f6fec7acb847d3c6f11e84ff88bea" prot="private" virt="non-virtual"><scope>ImageManager</scope><name>fadingMusic</name></member>
      <member refid="class_image_manager_1a8bea41a37c1e5f95ffcdaa8ceeb09efb" prot="private" virt="non-virtual"><scope>ImageManager</scope><name>frameData</name></member>
      <member refid="class_image_manager_1a5baecb937faa2e0a3ce70e94644bb7ad" prot="private" virt="non-virtual"><scope>ImageManager</scope><name>mainScale</name></member>
      <member refid="class_image_manager_1a932c782bb13f6e8570994b2dd3b36d10" prot="private" virt="non-virtual"><scope>ImageManager</scope><name>musicManager</name></member>
      <member refid="class_image_manager_1ab02be35aedefd51697fe2bd331221ca9" prot="private" virt="non-virtual"><scope>ImageManager</scope><name>objs</name></member>
      <member refid="class_image_manager_1a82516a7756de7389df063eb8c147ca33" prot="private" virt="non-virtual"><scope>ImageManager</scope><name>SetAlpha</name></member>
      <member refid="class_image_manager_1a57badddd8d7980dcc71ec1c1ec531c88" prot="private" virt="non-virtual"><scope>ImageManager</scope><name>SKIP</name></member>
      <member refid="class_image_manager_1a902ecf065e9a0fa1ea0285453b7cfb27" prot="private" virt="non-virtual"><scope>ImageManager</scope><name>sprites</name></member>
      <member refid="class_image_manager_1aaf59ae738f0fa239d08bf5269272bac5" prot="private" virt="non-virtual"><scope>ImageManager</scope><name>Start</name></member>
      <member refid="class_image_manager_1a3aff2f4c9cb89e75b5553ce859b4e17c" prot="private" virt="non-virtual"><scope>ImageManager</scope><name>tlerp</name></member>
      <member refid="class_image_manager_1ade99bfea9d6cd5bec538319d2bd4d730" prot="private" virt="non-virtual"><scope>ImageManager</scope><name>tMat</name></member>
      <member refid="class_image_manager_1a3cbd800330dcc120b27c41913001e5d9" prot="private" virt="non-virtual"><scope>ImageManager</scope><name>Update</name></member>
    </listofallmembers>
  </compounddef>
</doxygen>
