<?xml version='1.0' encoding='UTF-8' standalone='no'?>
<doxygen xmlns:xsi="http://www.w3.org/2001/XMLSchema-instance" xsi:noNamespaceSchemaLocation="compound.xsd" version="1.13.2" xml:lang="en-US">
  <compounddef id="class_meteor_source" kind="class" language="C#" prot="public">
    <compoundname>MeteorSource</compoundname>
    <basecompoundref prot="public" virt="non-virtual">MonoBehaviour</basecompoundref>
    <sectiondef kind="private-attrib">
      <memberdef kind="variable" id="class_meteor_source_1ac383f6402ad00dbd25c865a539c68888" prot="private" static="no" mutable="no">
        <type>GameObject</type>
        <definition>GameObject MeteorSource.meteorPrefab</definition>
        <argsstring></argsstring>
        <name>meteorPrefab</name>
        <qualifiedname>MeteorSource.meteorPrefab</qualifiedname>
        <briefdescription>
<para>Префаб метеора, который будет instantiated (создаваемый объект). </para>
        </briefdescription>
        <detaileddescription>
        </detaileddescription>
        <inbodydescription>
        </inbodydescription>
        <location file="MeteorSource.cs" line="12" column="25" bodyfile="MeteorSource.cs" bodystart="12" bodyend="-1"/>
      </memberdef>
      <memberdef kind="variable" id="class_meteor_source_1a8e50ec618848f79835cde7224c1f7930" prot="private" static="no" mutable="no">
        <type>float</type>
        <definition>float MeteorSource.fireballSpeed</definition>
        <argsstring></argsstring>
        <name>fireballSpeed</name>
        <qualifiedname>MeteorSource.fireballSpeed</qualifiedname>
        <initializer>= 100</initializer>
        <briefdescription>
<para>Скорость метеора при запуске. </para>
        </briefdescription>
        <detaileddescription>
        </detaileddescription>
        <inbodydescription>
        </inbodydescription>
        <location file="MeteorSource.cs" line="17" column="20" bodyfile="MeteorSource.cs" bodystart="17" bodyend="-1"/>
      </memberdef>
    </sectiondef>
    <sectiondef kind="private-func">
      <memberdef kind="function" id="class_meteor_source_1a6115488675591867ccf70292094a547e" prot="private" static="no" const="no" explicit="no" inline="yes" virt="non-virtual">
        <type>void</type>
        <definition>void MeteorSource.OnDrawGizmosSelected</definition>
        <argsstring>()</argsstring>
        <name>OnDrawGizmosSelected</name>
        <qualifiedname>MeteorSource.OnDrawGizmosSelected</qualifiedname>
        <briefdescription>
<para>Метод для рисования gizmos в редакторе Unity, чтобы визуализировать направление, из которого будут лететь метеоры. </para>
        </briefdescription>
        <detaileddescription>
        </detaileddescription>
        <inbodydescription>
        </inbodydescription>
        <location file="MeteorSource.cs" line="22" column="18" bodyfile="MeteorSource.cs" bodystart="22" bodyend="28"/>
      </memberdef>
    </sectiondef>
    <sectiondef kind="public-func">
      <memberdef kind="function" id="class_meteor_source_1ae8133343a805485ab5e0a0da4c2edd2a" prot="public" static="no" const="no" explicit="no" inline="yes" virt="non-virtual">
        <type>void</type>
        <definition>void MeteorSource.SpawnMeteor</definition>
        <argsstring>()</argsstring>
        <name>SpawnMeteor</name>
        <qualifiedname>MeteorSource.SpawnMeteor</qualifiedname>
        <briefdescription>
<para>Метод для спавна метеора. Создает метеор в случайной позиции относительно источника и применяет силу для его движения. </para>
        </briefdescription>
        <detaileddescription>
        </detaileddescription>
        <inbodydescription>
        </inbodydescription>
        <location file="MeteorSource.cs" line="33" column="17" bodyfile="MeteorSource.cs" bodystart="33" bodyend="48"/>
      </memberdef>
    </sectiondef>
    <briefdescription>
<para>Класс, управляющий метеоритами </para>
    </briefdescription>
    <detaileddescription>
    </detaileddescription>
    <inheritancegraph>
      <node id="1">
        <label>MeteorSource</label>
        <link refid="class_meteor_source"/>
        <childnode refid="2" relation="public-inheritance">
        </childnode>
      </node>
      <node id="2">
        <label>MonoBehaviour</label>
      </node>
    </inheritancegraph>
    <collaborationgraph>
      <node id="1">
        <label>MeteorSource</label>
        <link refid="class_meteor_source"/>
        <childnode refid="2" relation="public-inheritance">
        </childnode>
      </node>
      <node id="2">
        <label>MonoBehaviour</label>
      </node>
    </collaborationgraph>
    <location file="MeteorSource.cs" line="7" column="7" bodyfile="MeteorSource.cs" bodystart="8" bodyend="49"/>
    <listofallmembers>
      <member refid="class_meteor_source_1a8e50ec618848f79835cde7224c1f7930" prot="private" virt="non-virtual"><scope>MeteorSource</scope><name>fireballSpeed</name></member>
      <member refid="class_meteor_source_1ac383f6402ad00dbd25c865a539c68888" prot="private" virt="non-virtual"><scope>MeteorSource</scope><name>meteorPrefab</name></member>
      <member refid="class_meteor_source_1a6115488675591867ccf70292094a547e" prot="private" virt="non-virtual"><scope>MeteorSource</scope><name>OnDrawGizmosSelected</name></member>
      <member refid="class_meteor_source_1ae8133343a805485ab5e0a0da4c2edd2a" prot="public" virt="non-virtual"><scope>MeteorSource</scope><name>SpawnMeteor</name></member>
    </listofallmembers>
  </compounddef>
</doxygen>
