<?xml version='1.0' encoding='UTF-8' standalone='no'?>
<doxygen xmlns:xsi="http://www.w3.org/2001/XMLSchema-instance" xsi:noNamespaceSchemaLocation="compound.xsd" version="1.13.2" xml:lang="en-US">
  <compounddef id="class_throwable_cat" kind="class" language="C#" prot="public">
    <compoundname>ThrowableCat</compoundname>
    <basecompoundref prot="public" virt="non-virtual">MonoBehaviour</basecompoundref>
    <derivedcompoundref refid="class_mage_throwable_cat" prot="public" virt="non-virtual">MageThrowableCat</derivedcompoundref>
    <derivedcompoundref refid="class_stupid_throwable_cat" prot="public" virt="non-virtual">StupidThrowableCat</derivedcompoundref>
    <derivedcompoundref refid="class_twins_throwable_cat" prot="public" virt="non-virtual">TwinsThrowableCat</derivedcompoundref>
    <sectiondef kind="protected-attrib">
      <memberdef kind="variable" id="class_throwable_cat_1ab114c984f04720a4f711e5fd7e8840c9" prot="protected" static="no" mutable="no">
        <type>Rigidbody</type>
        <definition>Rigidbody ThrowableCat.rb</definition>
        <argsstring></argsstring>
        <name>rb</name>
        <qualifiedname>ThrowableCat.rb</qualifiedname>
        <briefdescription>
<para>Физическое тело кошки. </para>
        </briefdescription>
        <detaileddescription>
        </detaileddescription>
        <inbodydescription>
        </inbodydescription>
        <location file="Projectiles/ThrowableCat.cs" line="12" column="26" bodyfile="Projectiles/ThrowableCat.cs" bodystart="12" bodyend="-1"/>
      </memberdef>
      <memberdef kind="variable" id="class_throwable_cat_1adaacee67d6d96b928854bbb6206375e0" prot="protected" static="no" mutable="no">
        <type>float</type>
        <definition>float ThrowableCat.hitDamange</definition>
        <argsstring></argsstring>
        <name>hitDamange</name>
        <qualifiedname>ThrowableCat.hitDamange</qualifiedname>
        <briefdescription>
<para>Урон при попадании. </para>
        </briefdescription>
        <detaileddescription>
        </detaileddescription>
        <inbodydescription>
        </inbodydescription>
        <location file="Projectiles/ThrowableCat.cs" line="17" column="22" bodyfile="Projectiles/ThrowableCat.cs" bodystart="17" bodyend="-1"/>
      </memberdef>
      <memberdef kind="variable" id="class_throwable_cat_1ab0f52528c17aafe23150f47200b7d98d" prot="protected" static="no" mutable="no">
        <type>float</type>
        <definition>float ThrowableCat.timeDespawn</definition>
        <argsstring></argsstring>
        <name>timeDespawn</name>
        <qualifiedname>ThrowableCat.timeDespawn</qualifiedname>
        <initializer>= 5</initializer>
        <briefdescription>
<para>Время до уничтожения объекта после исчерпания урона. </para>
        </briefdescription>
        <detaileddescription>
        </detaileddescription>
        <inbodydescription>
        </inbodydescription>
        <location file="Projectiles/ThrowableCat.cs" line="22" column="22" bodyfile="Projectiles/ThrowableCat.cs" bodystart="22" bodyend="-1"/>
      </memberdef>
      <memberdef kind="variable" id="class_throwable_cat_1aaca5232d0f1b7b3ae46dc62440a372ff" prot="protected" static="no" mutable="no">
        <type>int</type>
        <definition>int ThrowableCat.AmountOfAvaliableDamage</definition>
        <argsstring></argsstring>
        <name>AmountOfAvaliableDamage</name>
        <qualifiedname>ThrowableCat.AmountOfAvaliableDamage</qualifiedname>
        <briefdescription>
<para>Количество доступных ударов перед уничтожением. </para>
        </briefdescription>
        <detaileddescription>
        </detaileddescription>
        <inbodydescription>
        </inbodydescription>
        <location file="Projectiles/ThrowableCat.cs" line="32" column="20" bodyfile="Projectiles/ThrowableCat.cs" bodystart="32" bodyend="-1"/>
      </memberdef>
      <memberdef kind="variable" id="class_throwable_cat_1ab106593a1f28926a7faee51a431dad67" prot="protected" static="no" mutable="no">
        <type>AudioSource</type>
        <definition>AudioSource ThrowableCat.throwSound</definition>
        <argsstring></argsstring>
        <name>throwSound</name>
        <qualifiedname>ThrowableCat.throwSound</qualifiedname>
        <briefdescription>
<para>Звук броска. </para>
        </briefdescription>
        <detaileddescription>
        </detaileddescription>
        <inbodydescription>
        </inbodydescription>
        <location file="Projectiles/ThrowableCat.cs" line="37" column="28" bodyfile="Projectiles/ThrowableCat.cs" bodystart="37" bodyend="-1"/>
      </memberdef>
      <memberdef kind="variable" id="class_throwable_cat_1a0bd649c9fc25767442e71bb7ff288724" prot="protected" static="no" mutable="no">
        <type>AudioSource</type>
        <definition>AudioSource ThrowableCat.hitSound</definition>
        <argsstring></argsstring>
        <name>hitSound</name>
        <qualifiedname>ThrowableCat.hitSound</qualifiedname>
        <briefdescription>
<para>Звук попадания. </para>
        </briefdescription>
        <detaileddescription>
        </detaileddescription>
        <inbodydescription>
        </inbodydescription>
        <location file="Projectiles/ThrowableCat.cs" line="42" column="28" bodyfile="Projectiles/ThrowableCat.cs" bodystart="42" bodyend="-1"/>
      </memberdef>
      <memberdef kind="variable" id="class_throwable_cat_1accc574e28b5d27bbe4d31a820febbf8e" prot="protected" static="no" mutable="no">
        <type>int</type>
        <definition>int ThrowableCat.maxAmountDmg</definition>
        <argsstring></argsstring>
        <name>maxAmountDmg</name>
        <qualifiedname>ThrowableCat.maxAmountDmg</qualifiedname>
        <briefdescription>
<para>Максимальное количество ударов (устанавливается при старте). </para>
        </briefdescription>
        <detaileddescription>
        </detaileddescription>
        <inbodydescription>
        </inbodydescription>
        <location file="Projectiles/ThrowableCat.cs" line="47" column="19" bodyfile="Projectiles/ThrowableCat.cs" bodystart="47" bodyend="-1"/>
      </memberdef>
      <memberdef kind="variable" id="class_throwable_cat_1a6db21295876c0d7ea2e3a3f82b53821a" prot="protected" static="no" mutable="no">
        <type>VisualEffect</type>
        <definition>VisualEffect ThrowableCat.vfxPuff</definition>
        <argsstring></argsstring>
        <name>vfxPuff</name>
        <qualifiedname>ThrowableCat.vfxPuff</qualifiedname>
        <briefdescription>
<para>Эффект исчезновения. </para>
        </briefdescription>
        <detaileddescription>
        </detaileddescription>
        <inbodydescription>
        </inbodydescription>
        <location file="Projectiles/ThrowableCat.cs" line="52" column="29" bodyfile="Projectiles/ThrowableCat.cs" bodystart="52" bodyend="-1"/>
      </memberdef>
      <memberdef kind="variable" id="class_throwable_cat_1a04dbef0fc1e250f68d7cb3367ea7c919" prot="protected" static="no" mutable="no">
        <type>VisualEffect</type>
        <definition>VisualEffect ThrowableCat.trailVFX</definition>
        <argsstring></argsstring>
        <name>trailVFX</name>
        <qualifiedname>ThrowableCat.trailVFX</qualifiedname>
        <briefdescription>
<para>Эффект следа при полете. </para>
        </briefdescription>
        <detaileddescription>
        </detaileddescription>
        <inbodydescription>
        </inbodydescription>
        <location file="Projectiles/ThrowableCat.cs" line="57" column="29" bodyfile="Projectiles/ThrowableCat.cs" bodystart="57" bodyend="-1"/>
      </memberdef>
    </sectiondef>
    <sectiondef kind="public-attrib">
      <memberdef kind="variable" id="class_throwable_cat_1a1610159512b1765582744ed2cf57aa83" prot="public" static="no" mutable="no">
        <type>GameManager.catTypes</type>
        <definition>GameManager.catTypes ThrowableCat.type</definition>
        <argsstring></argsstring>
        <name>type</name>
        <qualifiedname>ThrowableCat.type</qualifiedname>
        <briefdescription>
<para>Тип кошки. </para>
        </briefdescription>
        <detaileddescription>
        </detaileddescription>
        <inbodydescription>
        </inbodydescription>
        <location file="Projectiles/ThrowableCat.cs" line="27" column="32" bodyfile="Projectiles/ThrowableCat.cs" bodystart="27" bodyend="-1"/>
      </memberdef>
    </sectiondef>
    <sectiondef kind="public-func">
      <memberdef kind="function" id="class_throwable_cat_1a59d8977bbfa467ae983955c753e321c0" prot="public" static="no" const="no" explicit="no" inline="yes" virt="virtual">
        <type>void</type>
        <definition>virtual void ThrowableCat.Start</definition>
        <argsstring>()</argsstring>
        <name>Start</name>
        <qualifiedname>ThrowableCat.Start</qualifiedname>
        <reimplementedby refid="class_mage_throwable_cat_1af6c42c43582337b666b049661cac721c">Start</reimplementedby>
        <reimplementedby refid="class_twins_throwable_cat_1aac57467893381a59d655492a53ed28bf">Start</reimplementedby>
        <briefdescription>
<para>Инициализация параметров. </para>
        </briefdescription>
        <detaileddescription>
        </detaileddescription>
        <inbodydescription>
        </inbodydescription>
        <location file="Projectiles/ThrowableCat.cs" line="62" column="25" bodyfile="Projectiles/ThrowableCat.cs" bodystart="62" bodyend="65"/>
      </memberdef>
      <memberdef kind="function" id="class_throwable_cat_1ad2659f2677062288074d19709af126b9" prot="public" static="no" const="no" explicit="no" inline="yes" virt="virtual">
        <type>void</type>
        <definition>virtual void ThrowableCat.Launch</definition>
        <argsstring>(Vector3 vel, Vector3? finalPos=null)</argsstring>
        <name>Launch</name>
        <qualifiedname>ThrowableCat.Launch</qualifiedname>
        <reimplementedby refid="class_mage_throwable_cat_1ab1c7e10281f3f0cdd25c2c4975fe7056">Launch</reimplementedby>
        <reimplementedby refid="class_stupid_throwable_cat_1ae06d8f9905973e29a9dd7da5bbaa3060">Launch</reimplementedby>
        <reimplementedby refid="class_twins_throwable_cat_1ac4b8cee860608fcd137b7f54b32ca1b5">Launch</reimplementedby>
        <param>
          <type>Vector3</type>
          <declname>vel</declname>
        </param>
        <param>
          <type>Vector3?</type>
          <declname>finalPos</declname>
          <defval>null</defval>
        </param>
        <briefdescription>
<para>Запускает кошку с заданной скоростью. </para>
        </briefdescription>
        <detaileddescription>
<para><parameterlist kind="param"><parameteritem>
<parameternamelist>
<parametername>vel</parametername>
</parameternamelist>
<parameterdescription>
<para>Скорость броска.</para>
</parameterdescription>
</parameteritem>
<parameteritem>
<parameternamelist>
<parametername>finalPos</parametername>
</parameternamelist>
<parameterdescription>
<para>Финальная позиция (необязательно).</para>
</parameterdescription>
</parameteritem>
</parameterlist>
</para>
        </detaileddescription>
        <inbodydescription>
        </inbodydescription>
        <location file="Projectiles/ThrowableCat.cs" line="72" column="25" bodyfile="Projectiles/ThrowableCat.cs" bodystart="72" bodyend="77"/>
      </memberdef>
      <memberdef kind="function" id="class_throwable_cat_1a677c9f0d632a62a542a7b31c2848e120" prot="public" static="no" const="no" explicit="no" inline="yes" virt="virtual">
        <type>void</type>
        <definition>virtual void ThrowableCat.MakeMeKinematic</definition>
        <argsstring>(bool _state)</argsstring>
        <name>MakeMeKinematic</name>
        <qualifiedname>ThrowableCat.MakeMeKinematic</qualifiedname>
        <reimplementedby refid="class_twins_throwable_cat_1ab8658534fe528f8691ff8d944bc3c1ab">MakeMeKinematic</reimplementedby>
        <param>
          <type>bool</type>
          <declname>_state</declname>
        </param>
        <briefdescription>
<para>Делает объект кинематическим или динамическим. </para>
        </briefdescription>
        <detaileddescription>
<para><parameterlist kind="param"><parameteritem>
<parameternamelist>
<parametername>_state</parametername>
</parameternamelist>
<parameterdescription>
<para>True - кинематический, False - динамический.</para>
</parameterdescription>
</parameteritem>
</parameterlist>
</para>
        </detaileddescription>
        <inbodydescription>
        </inbodydescription>
        <location file="Projectiles/ThrowableCat.cs" line="83" column="25" bodyfile="Projectiles/ThrowableCat.cs" bodystart="83" bodyend="86"/>
      </memberdef>
      <memberdef kind="function" id="class_throwable_cat_1aae705fcf0792e5f207d4290bfb1e73af" prot="public" static="no" const="no" explicit="no" inline="yes" virt="virtual">
        <type>float</type>
        <definition>virtual float ThrowableCat.GetMass</definition>
        <argsstring>()</argsstring>
        <name>GetMass</name>
        <qualifiedname>ThrowableCat.GetMass</qualifiedname>
        <reimplementedby refid="class_twins_throwable_cat_1ae7f496a6371d640129b38dd048e4c423">GetMass</reimplementedby>
        <briefdescription>
<para>Возвращает массу объекта. </para>
        </briefdescription>
        <detaileddescription>
<para><simplesect kind="return"><para>Масса объекта.</para>
</simplesect>
</para>
        </detaileddescription>
        <inbodydescription>
        </inbodydescription>
        <location file="Projectiles/ThrowableCat.cs" line="92" column="26" bodyfile="Projectiles/ThrowableCat.cs" bodystart="92" bodyend="95"/>
      </memberdef>
      <memberdef kind="function" id="class_throwable_cat_1a998bd5e21b31426825aa91a0afcd0480" prot="public" static="no" const="no" explicit="no" inline="yes" virt="virtual">
        <type>void</type>
        <definition>virtual void ThrowableCat.SetVelocity</definition>
        <argsstring>(Vector3 vel)</argsstring>
        <name>SetVelocity</name>
        <qualifiedname>ThrowableCat.SetVelocity</qualifiedname>
        <reimplementedby refid="class_twins_throwable_cat_1adffa1f56f3ba70500af39ae4ca00ff96">SetVelocity</reimplementedby>
        <param>
          <type>Vector3</type>
          <declname>vel</declname>
        </param>
        <briefdescription>
<para>Устанавливает скорость объекта. </para>
        </briefdescription>
        <detaileddescription>
<para><parameterlist kind="param"><parameteritem>
<parameternamelist>
<parametername>vel</parametername>
</parameternamelist>
<parameterdescription>
<para>Вектор скорости.</para>
</parameterdescription>
</parameteritem>
</parameterlist>
</para>
        </detaileddescription>
        <inbodydescription>
        </inbodydescription>
        <location file="Projectiles/ThrowableCat.cs" line="101" column="25" bodyfile="Projectiles/ThrowableCat.cs" bodystart="101" bodyend="104"/>
      </memberdef>
      <memberdef kind="function" id="class_throwable_cat_1a6dc9068c7fd2781e6b02d0c7e7150fff" prot="public" static="no" const="no" explicit="no" inline="yes" virt="virtual">
        <type>Vector3</type>
        <definition>virtual Vector3 ThrowableCat.GetCustomGravity</definition>
        <argsstring>()</argsstring>
        <name>GetCustomGravity</name>
        <qualifiedname>ThrowableCat.GetCustomGravity</qualifiedname>
        <briefdescription>
<para>Возвращает гравитацию, действующую на объект. </para>
        </briefdescription>
        <detaileddescription>
<para><simplesect kind="return"><para>Вектор гравитации.</para>
</simplesect>
</para>
        </detaileddescription>
        <inbodydescription>
        </inbodydescription>
        <location file="Projectiles/ThrowableCat.cs" line="110" column="28" bodyfile="Projectiles/ThrowableCat.cs" bodystart="110" bodyend="113"/>
      </memberdef>
      <memberdef kind="function" id="class_throwable_cat_1a84f4b0e1aa53cad8ac458b43fb78e48e" prot="public" static="no" const="no" explicit="no" inline="yes" virt="non-virtual">
        <type>void</type>
        <definition>void ThrowableCat.PlayVFX</definition>
        <argsstring>()</argsstring>
        <name>PlayVFX</name>
        <qualifiedname>ThrowableCat.PlayVFX</qualifiedname>
        <briefdescription>
<para>Запускает визуальный эффект исчезновения и уничтожает объект. </para>
        </briefdescription>
        <detaileddescription>
        </detaileddescription>
        <inbodydescription>
        </inbodydescription>
        <location file="Projectiles/ThrowableCat.cs" line="138" column="17" bodyfile="Projectiles/ThrowableCat.cs" bodystart="138" bodyend="146"/>
      </memberdef>
    </sectiondef>
    <sectiondef kind="protected-func">
      <memberdef kind="function" id="class_throwable_cat_1a8e6b1246c6afe4844eac288575a7cd2c" prot="protected" static="no" const="no" explicit="no" inline="yes" virt="virtual">
        <type>void</type>
        <definition>virtual void ThrowableCat.OnCollisionEnter</definition>
        <argsstring>(Collision other)</argsstring>
        <name>OnCollisionEnter</name>
        <qualifiedname>ThrowableCat.OnCollisionEnter</qualifiedname>
        <reimplementedby refid="class_stupid_throwable_cat_1a92007a7bcf462d952b2b44dfa33a6498">OnCollisionEnter</reimplementedby>
        <param>
          <type>Collision</type>
          <declname>other</declname>
        </param>
        <briefdescription>
<para>Обрабатывает столкновение с объектами, нанося урон и управляя эффектами. </para>
        </briefdescription>
        <detaileddescription>
<para><parameterlist kind="param"><parameteritem>
<parameternamelist>
<parametername>other</parametername>
</parameternamelist>
<parameterdescription>
<para>Объект столкновения.</para>
</parameterdescription>
</parameteritem>
</parameterlist>
</para>
        </detaileddescription>
        <inbodydescription>
        </inbodydescription>
        <location file="Projectiles/ThrowableCat.cs" line="119" column="28" bodyfile="Projectiles/ThrowableCat.cs" bodystart="119" bodyend="133"/>
      </memberdef>
    </sectiondef>
    <briefdescription>
<para>Базовый класс для всех метаемых кошек, содержащий основные параметры и методы. </para>
    </briefdescription>
    <detaileddescription>
    </detaileddescription>
    <inheritancegraph>
      <node id="3">
        <label>MageThrowableCat</label>
        <link refid="class_mage_throwable_cat"/>
        <childnode refid="1" relation="public-inheritance">
        </childnode>
      </node>
      <node id="2">
        <label>MonoBehaviour</label>
      </node>
      <node id="4">
        <label>StupidThrowableCat</label>
        <link refid="class_stupid_throwable_cat"/>
        <childnode refid="1" relation="public-inheritance">
        </childnode>
      </node>
      <node id="1">
        <label>ThrowableCat</label>
        <link refid="class_throwable_cat"/>
        <childnode refid="2" relation="public-inheritance">
        </childnode>
      </node>
      <node id="5">
        <label>TwinsThrowableCat</label>
        <link refid="class_twins_throwable_cat"/>
        <childnode refid="1" relation="public-inheritance">
        </childnode>
      </node>
    </inheritancegraph>
    <collaborationgraph>
      <node id="3">
        <label>GameManager</label>
        <link refid="class_game_manager"/>
        <childnode refid="2" relation="public-inheritance">
        </childnode>
      </node>
      <node id="2">
        <label>MonoBehaviour</label>
      </node>
      <node id="1">
        <label>ThrowableCat</label>
        <link refid="class_throwable_cat"/>
        <childnode refid="2" relation="public-inheritance">
        </childnode>
        <childnode refid="3" relation="usage">
          <edgelabel>type</edgelabel>
        </childnode>
      </node>
    </collaborationgraph>
    <location file="Projectiles/ThrowableCat.cs" line="7" column="7" bodyfile="Projectiles/ThrowableCat.cs" bodystart="8" bodyend="147"/>
    <listofallmembers>
      <member refid="class_throwable_cat_1aaca5232d0f1b7b3ae46dc62440a372ff" prot="protected" virt="non-virtual"><scope>ThrowableCat</scope><name>AmountOfAvaliableDamage</name></member>
      <member refid="class_throwable_cat_1a6dc9068c7fd2781e6b02d0c7e7150fff" prot="public" virt="virtual"><scope>ThrowableCat</scope><name>GetCustomGravity</name></member>
      <member refid="class_throwable_cat_1aae705fcf0792e5f207d4290bfb1e73af" prot="public" virt="virtual"><scope>ThrowableCat</scope><name>GetMass</name></member>
      <member refid="class_throwable_cat_1adaacee67d6d96b928854bbb6206375e0" prot="protected" virt="non-virtual"><scope>ThrowableCat</scope><name>hitDamange</name></member>
      <member refid="class_throwable_cat_1a0bd649c9fc25767442e71bb7ff288724" prot="protected" virt="non-virtual"><scope>ThrowableCat</scope><name>hitSound</name></member>
      <member refid="class_throwable_cat_1ad2659f2677062288074d19709af126b9" prot="public" virt="virtual"><scope>ThrowableCat</scope><name>Launch</name></member>
      <member refid="class_throwable_cat_1a677c9f0d632a62a542a7b31c2848e120" prot="public" virt="virtual"><scope>ThrowableCat</scope><name>MakeMeKinematic</name></member>
      <member refid="class_throwable_cat_1accc574e28b5d27bbe4d31a820febbf8e" prot="protected" virt="non-virtual"><scope>ThrowableCat</scope><name>maxAmountDmg</name></member>
      <member refid="class_throwable_cat_1a8e6b1246c6afe4844eac288575a7cd2c" prot="protected" virt="virtual"><scope>ThrowableCat</scope><name>OnCollisionEnter</name></member>
      <member refid="class_throwable_cat_1a84f4b0e1aa53cad8ac458b43fb78e48e" prot="public" virt="non-virtual"><scope>ThrowableCat</scope><name>PlayVFX</name></member>
      <member refid="class_throwable_cat_1ab114c984f04720a4f711e5fd7e8840c9" prot="protected" virt="non-virtual"><scope>ThrowableCat</scope><name>rb</name></member>
      <member refid="class_throwable_cat_1a998bd5e21b31426825aa91a0afcd0480" prot="public" virt="virtual"><scope>ThrowableCat</scope><name>SetVelocity</name></member>
      <member refid="class_throwable_cat_1a59d8977bbfa467ae983955c753e321c0" prot="public" virt="virtual"><scope>ThrowableCat</scope><name>Start</name></member>
      <member refid="class_throwable_cat_1ab106593a1f28926a7faee51a431dad67" prot="protected" virt="non-virtual"><scope>ThrowableCat</scope><name>throwSound</name></member>
      <member refid="class_throwable_cat_1ab0f52528c17aafe23150f47200b7d98d" prot="protected" virt="non-virtual"><scope>ThrowableCat</scope><name>timeDespawn</name></member>
      <member refid="class_throwable_cat_1a04dbef0fc1e250f68d7cb3367ea7c919" prot="protected" virt="non-virtual"><scope>ThrowableCat</scope><name>trailVFX</name></member>
      <member refid="class_throwable_cat_1a1610159512b1765582744ed2cf57aa83" prot="public" virt="non-virtual"><scope>ThrowableCat</scope><name>type</name></member>
      <member refid="class_throwable_cat_1a6db21295876c0d7ea2e3a3f82b53821a" prot="protected" virt="non-virtual"><scope>ThrowableCat</scope><name>vfxPuff</name></member>
    </listofallmembers>
  </compounddef>
</doxygen>
