<?xml version='1.0' encoding='UTF-8' standalone='no'?>
<doxygen xmlns:xsi="http://www.w3.org/2001/XMLSchema-instance" xsi:noNamespaceSchemaLocation="compound.xsd" version="1.13.2" xml:lang="en-US">
  <compounddef id="class_functions" kind="class" language="C#" prot="public">
    <compoundname>Functions</compoundname>
    <sectiondef kind="public-static-func">
      <memberdef kind="function" id="class_functions_1ac4804951cde07ab97dff44a0ab906fd5" prot="public" static="yes" const="no" explicit="no" inline="yes" virt="non-virtual">
        <type>float</type>
        <definition>static float Functions.SmoothLerp</definition>
        <argsstring>(float t)</argsstring>
        <name>SmoothLerp</name>
        <qualifiedname>Functions.SmoothLerp</qualifiedname>
        <param>
          <type>float</type>
          <declname>t</declname>
        </param>
        <briefdescription>
<para>Сглаженная линейная интерполяция (Smootherstep). </para>
        </briefdescription>
        <detaileddescription>
<para><parameterlist kind="param"><parameteritem>
<parameternamelist>
<parametername>t</parametername>
</parameternamelist>
<parameterdescription>
<para>Входное значение от 0 до 1.</para>
</parameterdescription>
</parameteritem>
</parameterlist>
<simplesect kind="return"><para>Сглаженное значение.</para>
</simplesect>
</para>
        </detaileddescription>
        <inbodydescription>
        </inbodydescription>
        <location file="Functions.cs" line="13" column="25" bodyfile="Functions.cs" bodystart="13" bodyend="18"/>
      </memberdef>
      <memberdef kind="function" id="class_functions_1a24634d58494bf36e4a57553521ac7430" prot="public" static="yes" const="no" explicit="no" inline="yes" virt="non-virtual">
        <type>Quaternion</type>
        <definition>static Quaternion Functions.SmoothDamp</definition>
        <argsstring>(Quaternion rot, Quaternion target, ref Quaternion deriv, float time)</argsstring>
        <name>SmoothDamp</name>
        <qualifiedname>Functions.SmoothDamp</qualifiedname>
        <param>
          <type>Quaternion</type>
          <declname>rot</declname>
        </param>
        <param>
          <type>Quaternion</type>
          <declname>target</declname>
        </param>
        <param>
          <type>ref Quaternion</type>
          <declname>deriv</declname>
        </param>
        <param>
          <type>float</type>
          <declname>time</declname>
        </param>
        <briefdescription>
<para>Сглаженное приближение к целевому вращению. </para>
        </briefdescription>
        <detaileddescription>
<para><parameterlist kind="param"><parameteritem>
<parameternamelist>
<parametername>rot</parametername>
</parameternamelist>
<parameterdescription>
<para>Текущее вращение.</para>
</parameterdescription>
</parameteritem>
<parameteritem>
<parameternamelist>
<parametername>target</parametername>
</parameternamelist>
<parameterdescription>
<para>Целевое вращение.</para>
</parameterdescription>
</parameteritem>
<parameteritem>
<parameternamelist>
<parametername>deriv</parametername>
</parameternamelist>
<parameterdescription>
<para>Переменная для хранения производной (должна передаваться по ссылке).</para>
</parameterdescription>
</parameteritem>
<parameteritem>
<parameternamelist>
<parametername>time</parametername>
</parameternamelist>
<parameterdescription>
<para>Время сглаживания.</para>
</parameterdescription>
</parameteritem>
</parameterlist>
<simplesect kind="return"><para>Сглаженное к целевому вращение.</para>
</simplesect>
</para>
        </detaileddescription>
        <inbodydescription>
        </inbodydescription>
        <location file="Functions.cs" line="28" column="30" bodyfile="Functions.cs" bodystart="28" bodyend="56"/>
      </memberdef>
    </sectiondef>
    <briefdescription>
<para>Вспомогательный класс с функциями для интерполяции и сглаживания. </para>
    </briefdescription>
    <detaileddescription>
    </detaileddescription>
    <location file="Functions.cs" line="6" column="7" bodyfile="Functions.cs" bodystart="7" bodyend="57"/>
    <listofallmembers>
      <member refid="class_functions_1a24634d58494bf36e4a57553521ac7430" prot="public" virt="non-virtual"><scope>Functions</scope><name>SmoothDamp</name></member>
      <member refid="class_functions_1ac4804951cde07ab97dff44a0ab906fd5" prot="public" virt="non-virtual"><scope>Functions</scope><name>SmoothLerp</name></member>
    </listofallmembers>
  </compounddef>
</doxygen>
