<?xml version='1.0' encoding='UTF-8' standalone='no'?>
<doxygen xmlns:xsi="http://www.w3.org/2001/XMLSchema-instance" xsi:noNamespaceSchemaLocation="compound.xsd" version="1.13.2" xml:lang="en-US">
  <compounddef id="class_single_twin" kind="class" language="C#" prot="public">
    <compoundname>SingleTwin</compoundname>
    <basecompoundref prot="public" virt="non-virtual">MonoBehaviour</basecompoundref>
    <sectiondef kind="private-attrib">
      <memberdef kind="variable" id="class_single_twin_1a148dd42a439326be71a5517ac8cb0fad" prot="private" static="no" mutable="no">
        <type><ref refid="class_twins_throwable_cat" kindref="compound">TwinsThrowableCat</ref></type>
        <definition>TwinsThrowableCat SingleTwin.twinsThrowableCat</definition>
        <argsstring></argsstring>
        <name>twinsThrowableCat</name>
        <qualifiedname>SingleTwin.twinsThrowableCat</qualifiedname>
        <briefdescription>
<para>Ссылка на главный компонент управления близнецами. </para>
        </briefdescription>
        <detaileddescription>
        </detaileddescription>
        <inbodydescription>
        </inbodydescription>
        <location file="Projectiles/SingleTwin.cs" line="11" column="32" bodyfile="Projectiles/SingleTwin.cs" bodystart="11" bodyend="-1"/>
      </memberdef>
    </sectiondef>
    <sectiondef kind="private-func">
      <memberdef kind="function" id="class_single_twin_1ab8ab2e244203fb4722fba73c74e3a1e8" prot="private" static="no" const="no" explicit="no" inline="yes" virt="non-virtual">
        <type>void</type>
        <definition>void SingleTwin.OnCollisionEnter</definition>
        <argsstring>(Collision other)</argsstring>
        <name>OnCollisionEnter</name>
        <qualifiedname>SingleTwin.OnCollisionEnter</qualifiedname>
        <param>
          <type>Collision</type>
          <declname>other</declname>
        </param>
        <briefdescription>
<para>Обрабатывает столкновение с объектом, передавая информацию о нанесенном уроне в <ref refid="class_twins_throwable_cat" kindref="compound">TwinsThrowableCat</ref>. </para>
        </briefdescription>
        <detaileddescription>
<para><parameterlist kind="param"><parameteritem>
<parameternamelist>
<parametername>other</parametername>
</parameternamelist>
<parameterdescription>
<para>Объект, с которым произошло столкновение.</para>
</parameterdescription>
</parameteritem>
</parameterlist>
</para>
        </detaileddescription>
        <inbodydescription>
        </inbodydescription>
        <location file="Projectiles/SingleTwin.cs" line="17" column="18" bodyfile="Projectiles/SingleTwin.cs" bodystart="17" bodyend="23"/>
      </memberdef>
    </sectiondef>
    <briefdescription>
<para>Компонент, представляющий одного из близнецов, который передает информацию о нанесении урона другому близнецу. </para>
    </briefdescription>
    <detaileddescription>
    </detaileddescription>
    <inheritancegraph>
      <node id="2">
        <label>MonoBehaviour</label>
      </node>
      <node id="1">
        <label>SingleTwin</label>
        <link refid="class_single_twin"/>
        <childnode refid="2" relation="public-inheritance">
        </childnode>
      </node>
    </inheritancegraph>
    <collaborationgraph>
      <node id="2">
        <label>MonoBehaviour</label>
      </node>
      <node id="1">
        <label>SingleTwin</label>
        <link refid="class_single_twin"/>
        <childnode refid="2" relation="public-inheritance">
        </childnode>
      </node>
    </collaborationgraph>
    <location file="Projectiles/SingleTwin.cs" line="6" column="7" bodyfile="Projectiles/SingleTwin.cs" bodystart="7" bodyend="24"/>
    <listofallmembers>
      <member refid="class_single_twin_1ab8ab2e244203fb4722fba73c74e3a1e8" prot="private" virt="non-virtual"><scope>SingleTwin</scope><name>OnCollisionEnter</name></member>
      <member refid="class_single_twin_1a148dd42a439326be71a5517ac8cb0fad" prot="private" virt="non-virtual"><scope>SingleTwin</scope><name>twinsThrowableCat</name></member>
    </listofallmembers>
  </compounddef>
</doxygen>
