<?xml version='1.0' encoding='UTF-8' standalone='no'?>
<doxygen xmlns:xsi="http://www.w3.org/2001/XMLSchema-instance" xsi:noNamespaceSchemaLocation="compound.xsd" version="1.13.2" xml:lang="en-US">
  <compounddef id="class_math_1_1_bezier_curve" kind="class" language="C#" prot="public">
    <compoundname>Math::BezierCurve</compoundname>
    <basecompoundref prot="public" virt="non-virtual">MonoBehaviour</basecompoundref>
    <sectiondef kind="private-attrib">
      <memberdef kind="variable" id="class_math_1_1_bezier_curve_1a4e3a2712833072429d712788f314914d" prot="private" static="no" mutable="no">
        <type>bool</type>
        <definition>bool Math.BezierCurve.autoUpdate</definition>
        <argsstring></argsstring>
        <name>autoUpdate</name>
        <qualifiedname>Math.BezierCurve.autoUpdate</qualifiedname>
        <initializer>= true</initializer>
        <briefdescription>
        </briefdescription>
        <detaileddescription>
        </detaileddescription>
        <inbodydescription>
        </inbodydescription>
        <location file="Math/BezierCurve.cs" line="9" column="23" bodyfile="Math/BezierCurve.cs" bodystart="9" bodyend="-1"/>
      </memberdef>
      <memberdef kind="variable" id="class_math_1_1_bezier_curve_1a9b81e9f898ec4a625dee720e3b3633ee" prot="private" static="no" mutable="no">
        <type><ref refid="class_math_1_1_bezier_point" kindref="compound">BezierPoint</ref>[]</type>
        <definition>BezierPoint [] Math.BezierCurve.controlPoints</definition>
        <argsstring></argsstring>
        <name>controlPoints</name>
        <qualifiedname>Math.BezierCurve.controlPoints</qualifiedname>
        <briefdescription>
        </briefdescription>
        <detaileddescription>
        </detaileddescription>
        <inbodydescription>
        </inbodydescription>
        <location file="Math/BezierCurve.cs" line="10" column="30" bodyfile="Math/BezierCurve.cs" bodystart="10" bodyend="-1"/>
      </memberdef>
      <memberdef kind="variable" id="class_math_1_1_bezier_curve_1a5894f1b459f40e4cfe20343ccb39aca6" prot="private" static="no" mutable="no">
        <type>int</type>
        <definition>int Math.BezierCurve.segments</definition>
        <argsstring></argsstring>
        <name>segments</name>
        <qualifiedname>Math.BezierCurve.segments</qualifiedname>
        <initializer>= 50</initializer>
        <briefdescription>
        </briefdescription>
        <detaileddescription>
        </detaileddescription>
        <inbodydescription>
        </inbodydescription>
        <location file="Math/BezierCurve.cs" line="11" column="22" bodyfile="Math/BezierCurve.cs" bodystart="11" bodyend="-1"/>
      </memberdef>
    </sectiondef>
    <sectiondef kind="property">
      <memberdef kind="property" id="class_math_1_1_bezier_curve_1a8096049d143363a08c2ea783217e2f8b" prot="public" static="no" readable="no" writable="no" gettable="yes" privategettable="no" protectedgettable="no" settable="no" privatesettable="no" protectedsettable="no">
        <type>int</type>
        <definition>int Math.BezierCurve.Count</definition>
        <argsstring></argsstring>
        <name>Count</name>
        <qualifiedname>Math.BezierCurve.Count</qualifiedname>
        <briefdescription>
        </briefdescription>
        <detaileddescription>
        </detaileddescription>
        <inbodydescription>
        </inbodydescription>
        <location file="Math/BezierCurve.cs" line="72" column="20" bodyfile="Math/BezierCurve.cs" bodystart="72" bodyend="-1"/>
      </memberdef>
      <memberdef kind="property" id="class_math_1_1_bezier_curve_1a68d4ad6b6177e28ca3bed340907df699" prot="public" static="no" readable="no" writable="no" gettable="yes" privategettable="no" protectedgettable="no" settable="no" privatesettable="no" protectedsettable="no">
        <type>int</type>
        <definition>int Math.BezierCurve.Segments</definition>
        <argsstring></argsstring>
        <name>Segments</name>
        <qualifiedname>Math.BezierCurve.Segments</qualifiedname>
        <briefdescription>
        </briefdescription>
        <detaileddescription>
        </detaileddescription>
        <inbodydescription>
        </inbodydescription>
        <location file="Math/BezierCurve.cs" line="73" column="20" bodyfile="Math/BezierCurve.cs" bodystart="73" bodyend="-1"/>
      </memberdef>
      <memberdef kind="property" id="class_math_1_1_bezier_curve_1aa5f0be42ae805d39480f04756348e02c" prot="public" static="no" readable="no" writable="no" gettable="yes" privategettable="no" protectedgettable="no" settable="no" privatesettable="no" protectedsettable="no">
        <type>float</type>
        <definition>float Math.BezierCurve.LinearLength</definition>
        <argsstring></argsstring>
        <name>LinearLength</name>
        <qualifiedname>Math.BezierCurve.LinearLength</qualifiedname>
        <briefdescription>
        </briefdescription>
        <detaileddescription>
        </detaileddescription>
        <inbodydescription>
        </inbodydescription>
        <location file="Math/BezierCurve.cs" line="75" column="22" bodyfile="Math/BezierCurve.cs" bodystart="76" bodyend="88"/>
      </memberdef>
    </sectiondef>
    <sectiondef kind="private-func">
      <memberdef kind="function" id="class_math_1_1_bezier_curve_1a91c27356fc7230ed1431f9721c97fe4e" prot="private" static="no" const="no" explicit="no" inline="yes" virt="non-virtual">
        <type>void</type>
        <definition>void Math.BezierCurve.OnDrawGizmos</definition>
        <argsstring>()</argsstring>
        <name>OnDrawGizmos</name>
        <qualifiedname>Math.BezierCurve.OnDrawGizmos</qualifiedname>
        <briefdescription>
        </briefdescription>
        <detaileddescription>
        </detaileddescription>
        <inbodydescription>
        </inbodydescription>
        <location file="Math/BezierCurve.cs" line="26" column="22" bodyfile="Math/BezierCurve.cs" bodystart="26" bodyend="50"/>
      </memberdef>
    </sectiondef>
    <sectiondef kind="public-func">
      <memberdef kind="function" id="class_math_1_1_bezier_curve_1aa7145fa31bd235e2a6b559bac8799ebf" prot="public" static="no" const="no" explicit="no" inline="no" virt="non-virtual">
        <type><ref refid="class_math_1_1_bezier_point" kindref="compound">BezierPoint</ref></type>
        <definition>BezierPoint Math.BezierCurve.Get</definition>
        <argsstring>(int i)</argsstring>
        <name>Get</name>
        <qualifiedname>Math.BezierCurve.Get</qualifiedname>
        <param>
          <type>int</type>
          <declname>i</declname>
        </param>
        <briefdescription>
        </briefdescription>
        <detaileddescription>
        </detaileddescription>
        <inbodydescription>
        </inbodydescription>
        <location file="Math/BezierCurve.cs" line="52" column="28"/>
      </memberdef>
      <memberdef kind="function" id="class_math_1_1_bezier_curve_1a6e417931f93d64721d36d232aec61acd" prot="public" static="no" const="no" explicit="no" inline="yes" virt="non-virtual">
        <type>Vector3</type>
        <definition>Vector3 Math.BezierCurve.Compute</definition>
        <argsstring>(int i, float t)</argsstring>
        <name>Compute</name>
        <qualifiedname>Math.BezierCurve.Compute</qualifiedname>
        <param>
          <type>int</type>
          <declname>i</declname>
        </param>
        <param>
          <type>float</type>
          <declname>t</declname>
        </param>
        <briefdescription>
        </briefdescription>
        <detaileddescription>
        </detaileddescription>
        <inbodydescription>
        </inbodydescription>
        <location file="Math/BezierCurve.cs" line="53" column="24" bodyfile="Math/BezierCurve.cs" bodystart="53" bodyend="56"/>
      </memberdef>
      <memberdef kind="function" id="class_math_1_1_bezier_curve_1a10e16f87f3f588767830914b2700abac" prot="public" static="no" const="no" explicit="no" inline="yes" virt="non-virtual">
        <type>Vector3</type>
        <definition>Vector3 Math.BezierCurve.Compute</definition>
        <argsstring>(float t)</argsstring>
        <name>Compute</name>
        <qualifiedname>Math.BezierCurve.Compute</qualifiedname>
        <param>
          <type>float</type>
          <declname>t</declname>
        </param>
        <briefdescription>
        </briefdescription>
        <detaileddescription>
        </detaileddescription>
        <inbodydescription>
        </inbodydescription>
        <location file="Math/BezierCurve.cs" line="57" column="24" bodyfile="Math/BezierCurve.cs" bodystart="57" bodyend="70"/>
      </memberdef>
    </sectiondef>
    <sectiondef kind="private-static-func">
      <memberdef kind="function" id="class_math_1_1_bezier_curve_1acb2d7951ac84a4a81292ca233efc8cff" prot="private" static="yes" const="no" explicit="no" inline="yes" virt="non-virtual">
        <type>Vector3</type>
        <definition>static Vector3 Math.BezierCurve.Bezier</definition>
        <argsstring>(BezierPoint a, BezierPoint b, float t)</argsstring>
        <name>Bezier</name>
        <qualifiedname>Math.BezierCurve.Bezier</qualifiedname>
        <param>
          <type><ref refid="class_math_1_1_bezier_point" kindref="compound">BezierPoint</ref></type>
          <declname>a</declname>
        </param>
        <param>
          <type><ref refid="class_math_1_1_bezier_point" kindref="compound">BezierPoint</ref></type>
          <declname>b</declname>
        </param>
        <param>
          <type>float</type>
          <declname>t</declname>
        </param>
        <briefdescription>
        </briefdescription>
        <detaileddescription>
        </detaileddescription>
        <inbodydescription>
        </inbodydescription>
        <location file="Math/BezierCurve.cs" line="90" column="32" bodyfile="Math/BezierCurve.cs" bodystart="90" bodyend="105"/>
      </memberdef>
    </sectiondef>
    <briefdescription>
    </briefdescription>
    <detaileddescription>
    </detaileddescription>
    <inheritancegraph>
      <node id="1">
        <label>Math.BezierCurve</label>
        <link refid="class_math_1_1_bezier_curve"/>
        <childnode refid="2" relation="public-inheritance">
        </childnode>
      </node>
      <node id="2">
        <label>MonoBehaviour</label>
      </node>
    </inheritancegraph>
    <collaborationgraph>
      <node id="1">
        <label>Math.BezierCurve</label>
        <link refid="class_math_1_1_bezier_curve"/>
        <childnode refid="2" relation="public-inheritance">
        </childnode>
      </node>
      <node id="2">
        <label>MonoBehaviour</label>
      </node>
    </collaborationgraph>
    <location file="Math/BezierCurve.cs" line="7" column="11" bodyfile="Math/BezierCurve.cs" bodystart="8" bodyend="106"/>
    <listofallmembers>
      <member refid="class_math_1_1_bezier_curve_1a4e3a2712833072429d712788f314914d" prot="private" virt="non-virtual"><scope>Math::BezierCurve</scope><name>autoUpdate</name></member>
      <member refid="class_math_1_1_bezier_curve_1acb2d7951ac84a4a81292ca233efc8cff" prot="private" virt="non-virtual"><scope>Math::BezierCurve</scope><name>Bezier</name></member>
      <member refid="class_math_1_1_bezier_curve_1a6e417931f93d64721d36d232aec61acd" prot="public" virt="non-virtual"><scope>Math::BezierCurve</scope><name>Compute</name></member>
      <member refid="class_math_1_1_bezier_curve_1a10e16f87f3f588767830914b2700abac" prot="public" virt="non-virtual"><scope>Math::BezierCurve</scope><name>Compute</name></member>
      <member refid="class_math_1_1_bezier_curve_1a9b81e9f898ec4a625dee720e3b3633ee" prot="private" virt="non-virtual"><scope>Math::BezierCurve</scope><name>controlPoints</name></member>
      <member refid="class_math_1_1_bezier_curve_1a8096049d143363a08c2ea783217e2f8b" prot="public" virt="non-virtual"><scope>Math::BezierCurve</scope><name>Count</name></member>
      <member refid="class_math_1_1_bezier_curve_1aa7145fa31bd235e2a6b559bac8799ebf" prot="public" virt="non-virtual"><scope>Math::BezierCurve</scope><name>Get</name></member>
      <member refid="class_math_1_1_bezier_curve_1aa5f0be42ae805d39480f04756348e02c" prot="public" virt="non-virtual"><scope>Math::BezierCurve</scope><name>LinearLength</name></member>
      <member refid="class_math_1_1_bezier_curve_1a91c27356fc7230ed1431f9721c97fe4e" prot="private" virt="non-virtual"><scope>Math::BezierCurve</scope><name>OnDrawGizmos</name></member>
      <member refid="class_math_1_1_bezier_curve_1a68d4ad6b6177e28ca3bed340907df699" prot="public" virt="non-virtual"><scope>Math::BezierCurve</scope><name>Segments</name></member>
      <member refid="class_math_1_1_bezier_curve_1a5894f1b459f40e4cfe20343ccb39aca6" prot="private" virt="non-virtual"><scope>Math::BezierCurve</scope><name>segments</name></member>
    </listofallmembers>
  </compounddef>
</doxygen>
