<?xml version='1.0' encoding='UTF-8' standalone='no'?>
<doxygen xmlns:xsi="http://www.w3.org/2001/XMLSchema-instance" xsi:noNamespaceSchemaLocation="compound.xsd" version="1.13.2" xml:lang="en-US">
  <compounddef id="class_gambling_1_1_positive_1_1_meteor_rain_event" kind="class" language="C#" prot="public">
    <compoundname>Gambling::Positive::MeteorRainEvent</compoundname>
    <basecompoundref refid="class_gambling_1_1_gambling_event" prot="public" virt="non-virtual">Gambling.GamblingEvent</basecompoundref>
    <sectiondef kind="public-attrib">
      <memberdef kind="variable" id="class_gambling_1_1_positive_1_1_meteor_rain_event_1a1e6799bd7788ec9b9a9c849721166335" prot="public" static="no" mutable="no">
        <type>int</type>
        <definition>int Gambling.Positive.MeteorRainEvent.meteorCount</definition>
        <argsstring></argsstring>
        <name>meteorCount</name>
        <qualifiedname>Gambling.Positive.MeteorRainEvent.meteorCount</qualifiedname>
        <initializer>= 10</initializer>
        <briefdescription>
<para>Количество метеоритов, которое должно упасть. </para>
        </briefdescription>
        <detaileddescription>
        </detaileddescription>
        <inbodydescription>
        </inbodydescription>
        <location file="Gambling/Positive/MeteorRainEvent.cs" line="15" column="20" bodyfile="Gambling/Positive/MeteorRainEvent.cs" bodystart="15" bodyend="-1"/>
      </memberdef>
      <memberdef kind="variable" id="class_gambling_1_1_positive_1_1_meteor_rain_event_1a05bf53da22d3fa4a3f3786fdefbad8d1" prot="public" static="no" mutable="no">
        <type>float</type>
        <definition>float Gambling.Positive.MeteorRainEvent.meteorSpeed</definition>
        <argsstring></argsstring>
        <name>meteorSpeed</name>
        <qualifiedname>Gambling.Positive.MeteorRainEvent.meteorSpeed</qualifiedname>
        <briefdescription>
<para>Скорость метеоритов. </para>
        </briefdescription>
        <detaileddescription>
        </detaileddescription>
        <inbodydescription>
        </inbodydescription>
        <location file="Gambling/Positive/MeteorRainEvent.cs" line="20" column="22" bodyfile="Gambling/Positive/MeteorRainEvent.cs" bodystart="20" bodyend="-1"/>
      </memberdef>
    </sectiondef>
    <sectiondef kind="property">
      <memberdef kind="property" id="class_gambling_1_1_positive_1_1_meteor_rain_event_1a17cd54c7e4066edba0371b1504a9b97c" prot="public" static="no" readable="no" writable="no" gettable="yes" privategettable="no" protectedgettable="no" settable="no" privatesettable="no" protectedsettable="no">
        <type>override string</type>
        <definition>override string Gambling.Positive.MeteorRainEvent.Name</definition>
        <argsstring></argsstring>
        <name>Name</name>
        <qualifiedname>Gambling.Positive.MeteorRainEvent.Name</qualifiedname>
        <briefdescription>
<para>Имя события. </para>
        </briefdescription>
        <detaileddescription>
        </detaileddescription>
        <inbodydescription>
        </inbodydescription>
        <location file="Gambling/Positive/MeteorRainEvent.cs" line="25" column="32" bodyfile="Gambling/Positive/MeteorRainEvent.cs" bodystart="25" bodyend="-1"/>
      </memberdef>
    </sectiondef>
    <sectiondef kind="private-attrib">
      <memberdef kind="variable" id="class_gambling_1_1_positive_1_1_meteor_rain_event_1a3fae35511816b8800a9d3db785f1f1f6" prot="private" static="no" mutable="no">
        <type>List&lt; int &gt;</type>
        <definition>List&lt;int&gt; Gambling.Positive.MeteorRainEvent.usedCoords</definition>
        <argsstring></argsstring>
        <name>usedCoords</name>
        <qualifiedname>Gambling.Positive.MeteorRainEvent.usedCoords</qualifiedname>
        <initializer>= new List&lt;int&gt;()</initializer>
        <briefdescription>
<para>Список использованных координат для метеоритов, чтобы избежать их повторения. </para>
        </briefdescription>
        <detaileddescription>
        </detaileddescription>
        <inbodydescription>
        </inbodydescription>
        <location file="Gambling/Positive/MeteorRainEvent.cs" line="30" column="22" bodyfile="Gambling/Positive/MeteorRainEvent.cs" bodystart="30" bodyend="-1"/>
      </memberdef>
    </sectiondef>
    <sectiondef kind="public-func">
      <memberdef kind="function" id="class_gambling_1_1_positive_1_1_meteor_rain_event_1a62fd0a84fefd7d527c0e9f6690fb59c2" prot="public" static="no" const="no" explicit="no" inline="yes" virt="non-virtual">
        <type>override void</type>
        <definition>override void Gambling.Positive.MeteorRainEvent.Execute</definition>
        <argsstring>(WheelOfFortune manager)</argsstring>
        <name>Execute</name>
        <qualifiedname>Gambling.Positive.MeteorRainEvent.Execute</qualifiedname>
        <param>
          <type><ref refid="class_wheel_of_fortune" kindref="compound">WheelOfFortune</ref></type>
          <declname>manager</declname>
        </param>
        <briefdescription>
<para>Метод для выполнения события с использованием менеджера колесо фортуны. Создает метеоритный дождь, спавня метеориты из случайных источников. </para>
        </briefdescription>
        <detaileddescription>
<para><parameterlist kind="param"><parameteritem>
<parameternamelist>
<parametername>manager</parametername>
</parameternamelist>
<parameterdescription>
<para>Менеджер для колесо фортуны.</para>
</parameterdescription>
</parameteritem>
</parameterlist>
</para>
        </detaileddescription>
        <inbodydescription>
        </inbodydescription>
        <location file="Gambling/Positive/MeteorRainEvent.cs" line="37" column="30" bodyfile="Gambling/Positive/MeteorRainEvent.cs" bodystart="37" bodyend="69"/>
      </memberdef>
    </sectiondef>
    <briefdescription>
<para>Событие, вызывающее дождь из метеоритов. </para>
    </briefdescription>
    <detaileddescription>
    </detaileddescription>
    <inheritancegraph>
      <node id="1">
        <label>Gambling.Positive.MeteorRainEvent</label>
        <link refid="class_gambling_1_1_positive_1_1_meteor_rain_event"/>
        <childnode refid="2" relation="public-inheritance">
        </childnode>
      </node>
      <node id="2">
        <label>Gambling.GamblingEvent</label>
        <link refid="class_gambling_1_1_gambling_event"/>
        <childnode refid="3" relation="public-inheritance">
        </childnode>
      </node>
      <node id="3">
        <label>ScriptableObject</label>
      </node>
    </inheritancegraph>
    <collaborationgraph>
      <node id="1">
        <label>Gambling.Positive.MeteorRainEvent</label>
        <link refid="class_gambling_1_1_positive_1_1_meteor_rain_event"/>
        <childnode refid="2" relation="public-inheritance">
        </childnode>
      </node>
      <node id="2">
        <label>Gambling.GamblingEvent</label>
        <link refid="class_gambling_1_1_gambling_event"/>
        <childnode refid="3" relation="public-inheritance">
        </childnode>
      </node>
      <node id="3">
        <label>ScriptableObject</label>
      </node>
    </collaborationgraph>
    <location file="Gambling/Positive/MeteorRainEvent.cs" line="10" column="11" bodyfile="Gambling/Positive/MeteorRainEvent.cs" bodystart="11" bodyend="70"/>
    <listofallmembers>
      <member refid="class_gambling_1_1_positive_1_1_meteor_rain_event_1a62fd0a84fefd7d527c0e9f6690fb59c2" prot="public" virt="non-virtual"><scope>Gambling::Positive::MeteorRainEvent</scope><name>Execute</name></member>
      <member refid="class_gambling_1_1_gambling_event_1a911a99e82974e8d38663d41c764e4eb1" prot="public" virt="non-virtual" ambiguityscope="Gambling::GamblingEvent."><scope>Gambling::Positive::MeteorRainEvent</scope><name>Execute</name></member>
      <member refid="class_gambling_1_1_positive_1_1_meteor_rain_event_1a1e6799bd7788ec9b9a9c849721166335" prot="public" virt="non-virtual"><scope>Gambling::Positive::MeteorRainEvent</scope><name>meteorCount</name></member>
      <member refid="class_gambling_1_1_positive_1_1_meteor_rain_event_1a05bf53da22d3fa4a3f3786fdefbad8d1" prot="public" virt="non-virtual"><scope>Gambling::Positive::MeteorRainEvent</scope><name>meteorSpeed</name></member>
      <member refid="class_gambling_1_1_positive_1_1_meteor_rain_event_1a17cd54c7e4066edba0371b1504a9b97c" prot="public" virt="non-virtual"><scope>Gambling::Positive::MeteorRainEvent</scope><name>Name</name></member>
      <member refid="class_gambling_1_1_positive_1_1_meteor_rain_event_1a3fae35511816b8800a9d3db785f1f1f6" prot="private" virt="non-virtual"><scope>Gambling::Positive::MeteorRainEvent</scope><name>usedCoords</name></member>
    </listofallmembers>
  </compounddef>
</doxygen>
