<?xml version='1.0' encoding='UTF-8' standalone='no'?>
<doxygen xmlns:xsi="http://www.w3.org/2001/XMLSchema-instance" xsi:noNamespaceSchemaLocation="compound.xsd" version="1.13.2" xml:lang="en-US">
  <compounddef id="class_gambling_1_1_negative_1_1_remove_random_cat_event" kind="class" language="C#" prot="public">
    <compoundname>Gambling::Negative::RemoveRandomCatEvent</compoundname>
    <basecompoundref refid="class_gambling_1_1_gambling_event" prot="public" virt="non-virtual">Gambling.GamblingEvent</basecompoundref>
    <sectiondef kind="property">
      <memberdef kind="property" id="class_gambling_1_1_negative_1_1_remove_random_cat_event_1a0471bb333c1e7c2aa7beeb1a973a04fb" prot="public" static="no" readable="no" writable="no" gettable="yes" privategettable="no" protectedgettable="no" settable="no" privatesettable="no" protectedsettable="no">
        <type>override string</type>
        <definition>override string Gambling.Negative.RemoveRandomCatEvent.Name</definition>
        <argsstring></argsstring>
        <name>Name</name>
        <qualifiedname>Gambling.Negative.RemoveRandomCatEvent.Name</qualifiedname>
        <briefdescription>
<para>Имя события. </para>
        </briefdescription>
        <detaileddescription>
        </detaileddescription>
        <inbodydescription>
        </inbodydescription>
        <location file="Gambling/Negative/RemoveRandomCatEvent.cs" line="14" column="32" bodyfile="Gambling/Negative/RemoveRandomCatEvent.cs" bodystart="14" bodyend="-1"/>
      </memberdef>
    </sectiondef>
    <sectiondef kind="public-func">
      <memberdef kind="function" id="class_gambling_1_1_negative_1_1_remove_random_cat_event_1a00d114df7960785042d8681c3b32c9ad" prot="public" static="no" const="no" explicit="no" inline="yes" virt="non-virtual">
        <type>override void</type>
        <definition>override void Gambling.Negative.RemoveRandomCatEvent.Execute</definition>
        <argsstring>(WheelOfFortune manager)</argsstring>
        <name>Execute</name>
        <qualifiedname>Gambling.Negative.RemoveRandomCatEvent.Execute</qualifiedname>
        <param>
          <type><ref refid="class_wheel_of_fortune" kindref="compound">WheelOfFortune</ref></type>
          <declname>manager</declname>
        </param>
        <briefdescription>
<para>Метод для выполнения события с использованием <ref refid="class_wheel_of_fortune" kindref="compound">WheelOfFortune</ref>. Удаляет случайного кота, используя метод RemoveCat. </para>
        </briefdescription>
        <detaileddescription>
<para><parameterlist kind="param"><parameteritem>
<parameternamelist>
<parametername>manager</parametername>
</parameternamelist>
<parameterdescription>
<para>Менеджер, отвечающий за управление колесом фортуны.</para>
</parameterdescription>
</parameteritem>
</parameterlist>
</para>
        </detaileddescription>
        <inbodydescription>
        </inbodydescription>
        <location file="Gambling/Negative/RemoveRandomCatEvent.cs" line="21" column="30" bodyfile="Gambling/Negative/RemoveRandomCatEvent.cs" bodystart="21" bodyend="29"/>
      </memberdef>
    </sectiondef>
    <briefdescription>
<para>Событие, которое удаляет случайного кота из очереди. </para>
    </briefdescription>
    <detaileddescription>
    </detaileddescription>
    <inheritancegraph>
      <node id="1">
        <label>Gambling.Negative.RemoveRandomCatEvent</label>
        <link refid="class_gambling_1_1_negative_1_1_remove_random_cat_event"/>
        <childnode refid="2" relation="public-inheritance">
        </childnode>
      </node>
      <node id="2">
        <label>Gambling.GamblingEvent</label>
        <link refid="class_gambling_1_1_gambling_event"/>
        <childnode refid="3" relation="public-inheritance">
        </childnode>
      </node>
      <node id="3">
        <label>ScriptableObject</label>
      </node>
    </inheritancegraph>
    <collaborationgraph>
      <node id="1">
        <label>Gambling.Negative.RemoveRandomCatEvent</label>
        <link refid="class_gambling_1_1_negative_1_1_remove_random_cat_event"/>
        <childnode refid="2" relation="public-inheritance">
        </childnode>
      </node>
      <node id="2">
        <label>Gambling.GamblingEvent</label>
        <link refid="class_gambling_1_1_gambling_event"/>
        <childnode refid="3" relation="public-inheritance">
        </childnode>
      </node>
      <node id="3">
        <label>ScriptableObject</label>
      </node>
    </collaborationgraph>
    <location file="Gambling/Negative/RemoveRandomCatEvent.cs" line="9" column="11" bodyfile="Gambling/Negative/RemoveRandomCatEvent.cs" bodystart="10" bodyend="30"/>
    <listofallmembers>
      <member refid="class_gambling_1_1_negative_1_1_remove_random_cat_event_1a00d114df7960785042d8681c3b32c9ad" prot="public" virt="non-virtual"><scope>Gambling::Negative::RemoveRandomCatEvent</scope><name>Execute</name></member>
      <member refid="class_gambling_1_1_gambling_event_1a911a99e82974e8d38663d41c764e4eb1" prot="public" virt="non-virtual" ambiguityscope="Gambling::GamblingEvent."><scope>Gambling::Negative::RemoveRandomCatEvent</scope><name>Execute</name></member>
      <member refid="class_gambling_1_1_negative_1_1_remove_random_cat_event_1a0471bb333c1e7c2aa7beeb1a973a04fb" prot="public" virt="non-virtual"><scope>Gambling::Negative::RemoveRandomCatEvent</scope><name>Name</name></member>
    </listofallmembers>
  </compounddef>
</doxygen>
