<?xml version='1.0' encoding='UTF-8' standalone='no'?>
<doxygen xmlns:xsi="http://www.w3.org/2001/XMLSchema-instance" xsi:noNamespaceSchemaLocation="compound.xsd" version="1.13.2" xml:lang="en-US">
  <compounddef id="class_cam_menu" kind="class" language="C#" prot="public">
    <compoundname>CamMenu</compoundname>
    <basecompoundref prot="public" virt="non-virtual">MonoBehaviour</basecompoundref>
    <sectiondef kind="private-attrib">
      <memberdef kind="variable" id="class_cam_menu_1a58fa5444035790c7b2fe94da1eb6de57" prot="private" static="no" mutable="no">
        <type>float</type>
        <definition>float CamMenu.speed</definition>
        <argsstring></argsstring>
        <name>speed</name>
        <qualifiedname>CamMenu.speed</qualifiedname>
        <briefdescription>
<para>Скорость вращения камеры. </para>
        </briefdescription>
        <detaileddescription>
        </detaileddescription>
        <inbodydescription>
        </inbodydescription>
        <location file="Menu/CamMenu.cs" line="11" column="20" bodyfile="Menu/CamMenu.cs" bodystart="11" bodyend="-1"/>
      </memberdef>
      <memberdef kind="variable" id="class_cam_menu_1a2cb1c64083e76844ce5a3c072ebc6179" prot="private" static="no" mutable="no">
        <type>float</type>
        <definition>float CamMenu.amp</definition>
        <argsstring></argsstring>
        <name>amp</name>
        <qualifiedname>CamMenu.amp</qualifiedname>
        <briefdescription>
<para>Амплитуда вращения камеры (насколько сильно камера будет отклоняться). </para>
        </briefdescription>
        <detaileddescription>
        </detaileddescription>
        <inbodydescription>
        </inbodydescription>
        <location file="Menu/CamMenu.cs" line="16" column="20" bodyfile="Menu/CamMenu.cs" bodystart="16" bodyend="-1"/>
      </memberdef>
      <memberdef kind="variable" id="class_cam_menu_1ae4c98823ef9d7b9c43d65e0500ad4cc7" prot="private" static="no" mutable="no">
        <type>Vector3</type>
        <definition>Vector3 CamMenu.rot</definition>
        <argsstring></argsstring>
        <name>rot</name>
        <qualifiedname>CamMenu.rot</qualifiedname>
        <briefdescription>
<para>Текущий угол поворота камеры. </para>
        </briefdescription>
        <detaileddescription>
        </detaileddescription>
        <inbodydescription>
        </inbodydescription>
        <location file="Menu/CamMenu.cs" line="21" column="21" bodyfile="Menu/CamMenu.cs" bodystart="21" bodyend="-1"/>
      </memberdef>
      <memberdef kind="variable" id="class_cam_menu_1a195f89bbade27611a51573805f4ed4e0" prot="private" static="no" mutable="no">
        <type>float</type>
        <definition>float CamMenu.t</definition>
        <argsstring></argsstring>
        <name>t</name>
        <qualifiedname>CamMenu.t</qualifiedname>
        <briefdescription>
<para>Время, использующееся для анимации вращения камеры. </para>
        </briefdescription>
        <detaileddescription>
        </detaileddescription>
        <inbodydescription>
        </inbodydescription>
        <location file="Menu/CamMenu.cs" line="26" column="19" bodyfile="Menu/CamMenu.cs" bodystart="26" bodyend="-1"/>
      </memberdef>
    </sectiondef>
    <sectiondef kind="private-func">
      <memberdef kind="function" id="class_cam_menu_1a2b5691df2f8e65f05a35e9d19be8e388" prot="private" static="no" const="no" explicit="no" inline="yes" virt="non-virtual">
        <type>void</type>
        <definition>void CamMenu.Start</definition>
        <argsstring>()</argsstring>
        <name>Start</name>
        <qualifiedname>CamMenu.Start</qualifiedname>
        <briefdescription>
<para>Инициализация начальных значений. </para>
        </briefdescription>
        <detaileddescription>
        </detaileddescription>
        <inbodydescription>
        </inbodydescription>
        <location file="Menu/CamMenu.cs" line="31" column="10" bodyfile="Menu/CamMenu.cs" bodystart="31" bodyend="33"/>
      </memberdef>
      <memberdef kind="function" id="class_cam_menu_1a29bd359afde26bfe78d1b1ec0a6332d7" prot="private" static="no" const="no" explicit="no" inline="yes" virt="non-virtual">
        <type>void</type>
        <definition>void CamMenu.Update</definition>
        <argsstring>()</argsstring>
        <name>Update</name>
        <qualifiedname>CamMenu.Update</qualifiedname>
        <briefdescription>
<para>Обновление каждый кадр. Изменяет угол поворота камеры на основе времени, создавая эффект качающейся камеры. </para>
        </briefdescription>
        <detaileddescription>
        </detaileddescription>
        <inbodydescription>
        </inbodydescription>
        <location file="Menu/CamMenu.cs" line="38" column="10" bodyfile="Menu/CamMenu.cs" bodystart="38" bodyend="42"/>
      </memberdef>
    </sectiondef>
    <briefdescription>
<para>Класс, отвечающий за камеру в главном меню </para>
    </briefdescription>
    <detaileddescription>
    </detaileddescription>
    <inheritancegraph>
      <node id="1">
        <label>CamMenu</label>
        <link refid="class_cam_menu"/>
        <childnode refid="2" relation="public-inheritance">
        </childnode>
      </node>
      <node id="2">
        <label>MonoBehaviour</label>
      </node>
    </inheritancegraph>
    <collaborationgraph>
      <node id="1">
        <label>CamMenu</label>
        <link refid="class_cam_menu"/>
        <childnode refid="2" relation="public-inheritance">
        </childnode>
      </node>
      <node id="2">
        <label>MonoBehaviour</label>
      </node>
    </collaborationgraph>
    <location file="Menu/CamMenu.cs" line="6" column="7" bodyfile="Menu/CamMenu.cs" bodystart="7" bodyend="43"/>
    <listofallmembers>
      <member refid="class_cam_menu_1a2cb1c64083e76844ce5a3c072ebc6179" prot="private" virt="non-virtual"><scope>CamMenu</scope><name>amp</name></member>
      <member refid="class_cam_menu_1ae4c98823ef9d7b9c43d65e0500ad4cc7" prot="private" virt="non-virtual"><scope>CamMenu</scope><name>rot</name></member>
      <member refid="class_cam_menu_1a58fa5444035790c7b2fe94da1eb6de57" prot="private" virt="non-virtual"><scope>CamMenu</scope><name>speed</name></member>
      <member refid="class_cam_menu_1a2b5691df2f8e65f05a35e9d19be8e388" prot="private" virt="non-virtual"><scope>CamMenu</scope><name>Start</name></member>
      <member refid="class_cam_menu_1a195f89bbade27611a51573805f4ed4e0" prot="private" virt="non-virtual"><scope>CamMenu</scope><name>t</name></member>
      <member refid="class_cam_menu_1a29bd359afde26bfe78d1b1ec0a6332d7" prot="private" virt="non-virtual"><scope>CamMenu</scope><name>Update</name></member>
    </listofallmembers>
  </compounddef>
</doxygen>
