<?xml version='1.0' encoding='UTF-8' standalone='no'?>
<doxygen xmlns:xsi="http://www.w3.org/2001/XMLSchema-instance" xsi:noNamespaceSchemaLocation="compound.xsd" version="1.13.2" xml:lang="en-US">
  <compounddef id="class_projectiles_1_1_fireball" kind="class" language="C#" prot="public">
    <compoundname>Projectiles::Fireball</compoundname>
    <basecompoundref prot="public" virt="non-virtual">MonoBehaviour</basecompoundref>
    <sectiondef kind="private-attrib">
      <memberdef kind="variable" id="class_projectiles_1_1_fireball_1a489b97f00d290a68eea3974fb3acfbcf" prot="private" static="no" mutable="no">
        <type>Explosion</type>
        <definition>Explosion Projectiles.Fireball.system</definition>
        <argsstring></argsstring>
        <name>system</name>
        <qualifiedname>Projectiles.Fireball.system</qualifiedname>
        <briefdescription>
<para>Система взрыва, которая будет воспроизводиться при детонации. </para>
        </briefdescription>
        <detaileddescription>
        </detaileddescription>
        <inbodydescription>
        </inbodydescription>
        <location file="Projectiles/Fireball.cs" line="14" column="28" bodyfile="Projectiles/Fireball.cs" bodystart="14" bodyend="-1"/>
      </memberdef>
      <memberdef kind="variable" id="class_projectiles_1_1_fireball_1acf555d35530a7c9787165e3b38a4523a" prot="private" static="no" mutable="no">
        <type>float</type>
        <definition>float Projectiles.Fireball.force</definition>
        <argsstring></argsstring>
        <name>force</name>
        <qualifiedname>Projectiles.Fireball.force</qualifiedname>
        <initializer>= 500f</initializer>
        <briefdescription>
<para>Сила взрыва, применяемая к окружающим объектам. </para>
        </briefdescription>
        <detaileddescription>
        </detaileddescription>
        <inbodydescription>
        </inbodydescription>
        <location file="Projectiles/Fireball.cs" line="19" column="24" bodyfile="Projectiles/Fireball.cs" bodystart="19" bodyend="-1"/>
      </memberdef>
      <memberdef kind="variable" id="class_projectiles_1_1_fireball_1a193c67d5e39a285116888572046a2307" prot="private" static="no" mutable="no">
        <type>float</type>
        <definition>float Projectiles.Fireball.radiusFactor</definition>
        <argsstring></argsstring>
        <name>radiusFactor</name>
        <qualifiedname>Projectiles.Fireball.radiusFactor</qualifiedname>
        <initializer>= 0.3f</initializer>
        <briefdescription>
<para>Коэффициент радиуса взрыва, основанный на корне из силы. </para>
        </briefdescription>
        <detaileddescription>
        </detaileddescription>
        <inbodydescription>
        </inbodydescription>
        <location file="Projectiles/Fireball.cs" line="24" column="24" bodyfile="Projectiles/Fireball.cs" bodystart="24" bodyend="-1"/>
      </memberdef>
      <memberdef kind="variable" id="class_projectiles_1_1_fireball_1ae79aa01949cc327693d42fef71da0c82" prot="private" static="no" mutable="no">
        <type>float</type>
        <definition>float Projectiles.Fireball.radiusExplosionMul</definition>
        <argsstring></argsstring>
        <name>radiusExplosionMul</name>
        <qualifiedname>Projectiles.Fireball.radiusExplosionMul</qualifiedname>
        <initializer>= 0.2f</initializer>
        <briefdescription>
<para>Множитель радиуса, применяемый к системе взрыва. </para>
        </briefdescription>
        <detaileddescription>
        </detaileddescription>
        <inbodydescription>
        </inbodydescription>
        <location file="Projectiles/Fireball.cs" line="29" column="24" bodyfile="Projectiles/Fireball.cs" bodystart="29" bodyend="-1"/>
      </memberdef>
      <memberdef kind="variable" id="class_projectiles_1_1_fireball_1ac66a18c51d0b3acba6ba568bbcb9643b" prot="private" static="no" mutable="no">
        <type>float</type>
        <definition>float Projectiles.Fireball.damageMin</definition>
        <argsstring></argsstring>
        <name>damageMin</name>
        <qualifiedname>Projectiles.Fireball.damageMin</qualifiedname>
        <initializer>= 1f</initializer>
        <briefdescription>
<para>Минимальный урон, наносимый взрывом. </para>
        </briefdescription>
        <detaileddescription>
        </detaileddescription>
        <inbodydescription>
        </inbodydescription>
        <location file="Projectiles/Fireball.cs" line="34" column="24" bodyfile="Projectiles/Fireball.cs" bodystart="34" bodyend="-1"/>
      </memberdef>
      <memberdef kind="variable" id="class_projectiles_1_1_fireball_1a048d782d67effd88bdc119eae8d50d7d" prot="private" static="no" mutable="no">
        <type>float</type>
        <definition>float Projectiles.Fireball.chainReactionDelay</definition>
        <argsstring></argsstring>
        <name>chainReactionDelay</name>
        <qualifiedname>Projectiles.Fireball.chainReactionDelay</qualifiedname>
        <initializer>= 0.3f</initializer>
        <briefdescription>
<para>Задержка перед запуском цепной реакции взрывов. </para>
        </briefdescription>
        <detaileddescription>
        </detaileddescription>
        <inbodydescription>
        </inbodydescription>
        <location file="Projectiles/Fireball.cs" line="39" column="24" bodyfile="Projectiles/Fireball.cs" bodystart="39" bodyend="-1"/>
      </memberdef>
    </sectiondef>
    <sectiondef kind="property">
      <memberdef kind="property" id="class_projectiles_1_1_fireball_1a9cb59978efed2a50a3e67479e24b9e8d" prot="private" static="no" readable="no" writable="no" gettable="yes" privategettable="no" protectedgettable="no" settable="no" privatesettable="no" protectedsettable="no">
        <type>float</type>
        <definition>float Projectiles.Fireball.Radius</definition>
        <argsstring></argsstring>
        <name>Radius</name>
        <qualifiedname>Projectiles.Fireball.Radius</qualifiedname>
        <briefdescription>
<para>Вычисляет радиус взрыва, основанный на силе взрыва. </para>
        </briefdescription>
        <detaileddescription>
        </detaileddescription>
        <inbodydescription>
        </inbodydescription>
        <location file="Projectiles/Fireball.cs" line="44" column="23" bodyfile="Projectiles/Fireball.cs" bodystart="44" bodyend="-1"/>
      </memberdef>
    </sectiondef>
    <sectiondef kind="private-func">
      <memberdef kind="function" id="class_projectiles_1_1_fireball_1a5cda0314bb4c19fb280c31ebc9bfb905" prot="private" static="no" const="no" explicit="no" inline="yes" virt="non-virtual">
        <type>void</type>
        <definition>void Projectiles.Fireball.OnDrawGizmos</definition>
        <argsstring>()</argsstring>
        <name>OnDrawGizmos</name>
        <qualifiedname>Projectiles.Fireball.OnDrawGizmos</qualifiedname>
        <briefdescription>
<para>Отображает радиус взрыва в редакторе с помощью Gizmos. </para>
        </briefdescription>
        <detaileddescription>
        </detaileddescription>
        <inbodydescription>
        </inbodydescription>
        <location file="Projectiles/Fireball.cs" line="49" column="22" bodyfile="Projectiles/Fireball.cs" bodystart="49" bodyend="53"/>
      </memberdef>
      <memberdef kind="function" id="class_projectiles_1_1_fireball_1ac1266e7d6a068b94aeabdcaa09aa2a39" prot="private" static="no" const="no" explicit="no" inline="yes" virt="non-virtual">
        <type>void</type>
        <definition>void Projectiles.Fireball.OnCollisionEnter</definition>
        <argsstring>(Collision other)</argsstring>
        <name>OnCollisionEnter</name>
        <qualifiedname>Projectiles.Fireball.OnCollisionEnter</qualifiedname>
        <param>
          <type>Collision</type>
          <declname>other</declname>
        </param>
        <briefdescription>
<para>Вызывается при столкновении с другим объектом, активируя взрыв. </para>
        </briefdescription>
        <detaileddescription>
<para><parameterlist kind="param"><parameteritem>
<parameternamelist>
<parametername>other</parametername>
</parameternamelist>
<parameterdescription>
<para>Объект столкновения.</para>
</parameterdescription>
</parameteritem>
</parameterlist>
</para>
        </detaileddescription>
        <inbodydescription>
        </inbodydescription>
        <location file="Projectiles/Fireball.cs" line="59" column="22" bodyfile="Projectiles/Fireball.cs" bodystart="59" bodyend="62"/>
      </memberdef>
    </sectiondef>
    <sectiondef kind="public-func">
      <memberdef kind="function" id="class_projectiles_1_1_fireball_1ac85695a2e43834bdc75be55a9d7e158a" prot="public" static="no" const="no" explicit="no" inline="yes" virt="non-virtual">
        <type>void</type>
        <definition>void Projectiles.Fireball.Explode</definition>
        <argsstring>()</argsstring>
        <name>Explode</name>
        <qualifiedname>Projectiles.Fireball.Explode</qualifiedname>
        <briefdescription>
<para>Запускает процесс взрыва, нанося урон и применяя физическое воздействие к окружающим объектам. </para>
        </briefdescription>
        <detaileddescription>
        </detaileddescription>
        <inbodydescription>
        </inbodydescription>
        <location file="Projectiles/Fireball.cs" line="67" column="21" bodyfile="Projectiles/Fireball.cs" bodystart="67" bodyend="105"/>
      </memberdef>
    </sectiondef>
    <briefdescription>
<para>Класс, представляющий огненный шар, который взрывается при столкновении. </para>
    </briefdescription>
    <detaileddescription>
    </detaileddescription>
    <inheritancegraph>
      <node id="2">
        <label>MonoBehaviour</label>
      </node>
      <node id="1">
        <label>Projectiles.Fireball</label>
        <link refid="class_projectiles_1_1_fireball"/>
        <childnode refid="2" relation="public-inheritance">
        </childnode>
      </node>
    </inheritancegraph>
    <collaborationgraph>
      <node id="2">
        <label>MonoBehaviour</label>
      </node>
      <node id="1">
        <label>Projectiles.Fireball</label>
        <link refid="class_projectiles_1_1_fireball"/>
        <childnode refid="2" relation="public-inheritance">
        </childnode>
      </node>
    </collaborationgraph>
    <location file="Projectiles/Fireball.cs" line="9" column="11" bodyfile="Projectiles/Fireball.cs" bodystart="10" bodyend="106"/>
    <listofallmembers>
      <member refid="class_projectiles_1_1_fireball_1a048d782d67effd88bdc119eae8d50d7d" prot="private" virt="non-virtual"><scope>Projectiles::Fireball</scope><name>chainReactionDelay</name></member>
      <member refid="class_projectiles_1_1_fireball_1ac66a18c51d0b3acba6ba568bbcb9643b" prot="private" virt="non-virtual"><scope>Projectiles::Fireball</scope><name>damageMin</name></member>
      <member refid="class_projectiles_1_1_fireball_1ac85695a2e43834bdc75be55a9d7e158a" prot="public" virt="non-virtual"><scope>Projectiles::Fireball</scope><name>Explode</name></member>
      <member refid="class_projectiles_1_1_fireball_1acf555d35530a7c9787165e3b38a4523a" prot="private" virt="non-virtual"><scope>Projectiles::Fireball</scope><name>force</name></member>
      <member refid="class_projectiles_1_1_fireball_1ac1266e7d6a068b94aeabdcaa09aa2a39" prot="private" virt="non-virtual"><scope>Projectiles::Fireball</scope><name>OnCollisionEnter</name></member>
      <member refid="class_projectiles_1_1_fireball_1a5cda0314bb4c19fb280c31ebc9bfb905" prot="private" virt="non-virtual"><scope>Projectiles::Fireball</scope><name>OnDrawGizmos</name></member>
      <member refid="class_projectiles_1_1_fireball_1a9cb59978efed2a50a3e67479e24b9e8d" prot="private" virt="non-virtual"><scope>Projectiles::Fireball</scope><name>Radius</name></member>
      <member refid="class_projectiles_1_1_fireball_1ae79aa01949cc327693d42fef71da0c82" prot="private" virt="non-virtual"><scope>Projectiles::Fireball</scope><name>radiusExplosionMul</name></member>
      <member refid="class_projectiles_1_1_fireball_1a193c67d5e39a285116888572046a2307" prot="private" virt="non-virtual"><scope>Projectiles::Fireball</scope><name>radiusFactor</name></member>
      <member refid="class_projectiles_1_1_fireball_1a489b97f00d290a68eea3974fb3acfbcf" prot="private" virt="non-virtual"><scope>Projectiles::Fireball</scope><name>system</name></member>
    </listofallmembers>
  </compounddef>
</doxygen>
