<?xml version='1.0' encoding='UTF-8' standalone='no'?>
<doxygen xmlns:xsi="http://www.w3.org/2001/XMLSchema-instance" xsi:noNamespaceSchemaLocation="compound.xsd" version="1.13.2" xml:lang="en-US">
  <compounddef id="class_mage_throwable_cat" kind="class" language="C#" prot="public">
    <compoundname>MageThrowableCat</compoundname>
    <basecompoundref refid="class_throwable_cat" prot="public" virt="non-virtual">ThrowableCat</basecompoundref>
    <sectiondef kind="private-attrib">
      <memberdef kind="variable" id="class_mage_throwable_cat_1a3a6771e0686f98bd8c367978b16bd65e" prot="private" static="no" mutable="no">
        <type>GameObject</type>
        <definition>GameObject MageThrowableCat.fireballPrefab</definition>
        <argsstring></argsstring>
        <name>fireballPrefab</name>
        <qualifiedname>MageThrowableCat.fireballPrefab</qualifiedname>
        <briefdescription>
<para>Префаб огненного шара, который создается при активации способности. </para>
        </briefdescription>
        <detaileddescription>
        </detaileddescription>
        <inbodydescription>
        </inbodydescription>
        <location file="Projectiles/MageThrowableCat.cs" line="12" column="25" bodyfile="Projectiles/MageThrowableCat.cs" bodystart="12" bodyend="-1"/>
      </memberdef>
      <memberdef kind="variable" id="class_mage_throwable_cat_1a8d6b2d9854cbc57a2bf038e3c6f0ac4f" prot="private" static="no" mutable="no">
        <type>float</type>
        <definition>float MageThrowableCat.fireballSpeed</definition>
        <argsstring></argsstring>
        <name>fireballSpeed</name>
        <qualifiedname>MageThrowableCat.fireballSpeed</qualifiedname>
        <initializer>= 100</initializer>
        <briefdescription>
<para>Скорость полета огненного шара. </para>
        </briefdescription>
        <detaileddescription>
        </detaileddescription>
        <inbodydescription>
        </inbodydescription>
        <location file="Projectiles/MageThrowableCat.cs" line="17" column="20" bodyfile="Projectiles/MageThrowableCat.cs" bodystart="17" bodyend="-1"/>
      </memberdef>
      <memberdef kind="variable" id="class_mage_throwable_cat_1a8d76ca11de789b477cb28af777b25bc7" prot="private" static="no" mutable="no">
        <type>float</type>
        <definition>float MageThrowableCat.fireballSpawnDistance</definition>
        <argsstring></argsstring>
        <name>fireballSpawnDistance</name>
        <qualifiedname>MageThrowableCat.fireballSpawnDistance</qualifiedname>
        <initializer>= 3</initializer>
        <briefdescription>
<para>Расстояние от точки генерации кошки до спауна огненного шара. </para>
        </briefdescription>
        <detaileddescription>
        </detaileddescription>
        <inbodydescription>
        </inbodydescription>
        <location file="Projectiles/MageThrowableCat.cs" line="22" column="20" bodyfile="Projectiles/MageThrowableCat.cs" bodystart="22" bodyend="-1"/>
      </memberdef>
      <memberdef kind="variable" id="class_mage_throwable_cat_1ac35faef002b75f2d0d73c828e99f9d81" prot="private" static="no" mutable="no">
        <type>bool</type>
        <definition>bool MageThrowableCat.abilityUsed</definition>
        <argsstring></argsstring>
        <name>abilityUsed</name>
        <qualifiedname>MageThrowableCat.abilityUsed</qualifiedname>
        <briefdescription>
<para>Флаг, указывающий, была ли использована способность. </para>
        </briefdescription>
        <detaileddescription>
        </detaileddescription>
        <inbodydescription>
        </inbodydescription>
        <location file="Projectiles/MageThrowableCat.cs" line="27" column="18" bodyfile="Projectiles/MageThrowableCat.cs" bodystart="27" bodyend="-1"/>
      </memberdef>
      <memberdef kind="variable" id="class_mage_throwable_cat_1a28f044d257f9a6d1b79c5c8ce68e0a4a" prot="private" static="no" mutable="no">
        <type>float</type>
        <definition>float MageThrowableCat.maxHeight</definition>
        <argsstring></argsstring>
        <name>maxHeight</name>
        <qualifiedname>MageThrowableCat.maxHeight</qualifiedname>
        <briefdescription>
<para>Максимальная высота, достигнутая кошкой во время полета. </para>
        </briefdescription>
        <detaileddescription>
        </detaileddescription>
        <inbodydescription>
        </inbodydescription>
        <location file="Projectiles/MageThrowableCat.cs" line="32" column="19" bodyfile="Projectiles/MageThrowableCat.cs" bodystart="32" bodyend="-1"/>
      </memberdef>
      <memberdef kind="variable" id="class_mage_throwable_cat_1af8fda0a133d0978959b31414ab35bc89" prot="private" static="no" mutable="no">
        <type>bool</type>
        <definition>bool MageThrowableCat.waitingToFireball</definition>
        <argsstring></argsstring>
        <name>waitingToFireball</name>
        <qualifiedname>MageThrowableCat.waitingToFireball</qualifiedname>
        <briefdescription>
<para>Флаг ожидания момента для выпуска огненного шара. </para>
        </briefdescription>
        <detaileddescription>
        </detaileddescription>
        <inbodydescription>
        </inbodydescription>
        <location file="Projectiles/MageThrowableCat.cs" line="37" column="18" bodyfile="Projectiles/MageThrowableCat.cs" bodystart="37" bodyend="-1"/>
      </memberdef>
      <memberdef kind="variable" id="class_mage_throwable_cat_1a3ba2f1ba45b1fe1a3f59b590e736f2fd" prot="private" static="no" mutable="no">
        <type>Transform</type>
        <definition>Transform MageThrowableCat.king</definition>
        <argsstring></argsstring>
        <name>king</name>
        <qualifiedname>MageThrowableCat.king</qualifiedname>
        <briefdescription>
<para>Трансформ короля крыс, к которому направляется огненный шар в случае отсутствия ближайших целей. </para>
        </briefdescription>
        <detaileddescription>
        </detaileddescription>
        <inbodydescription>
        </inbodydescription>
        <location file="Projectiles/MageThrowableCat.cs" line="42" column="23" bodyfile="Projectiles/MageThrowableCat.cs" bodystart="42" bodyend="-1"/>
      </memberdef>
    </sectiondef>
    <sectiondef kind="public-func">
      <memberdef kind="function" id="class_mage_throwable_cat_1af6c42c43582337b666b049661cac721c" prot="public" static="no" const="no" explicit="no" inline="yes" virt="virtual">
        <type>override void</type>
        <definition>override void MageThrowableCat.Start</definition>
        <argsstring>()</argsstring>
        <name>Start</name>
        <qualifiedname>MageThrowableCat.Start</qualifiedname>
        <reimplements refid="class_throwable_cat_1a59d8977bbfa467ae983955c753e321c0">Start</reimplements>
        <briefdescription>
<para>Инициализация объекта, поиск короля крыс по тегу &quot;KingRat&quot;. </para>
        </briefdescription>
        <detaileddescription>
        </detaileddescription>
        <inbodydescription>
        </inbodydescription>
        <location file="Projectiles/MageThrowableCat.cs" line="47" column="26" bodyfile="Projectiles/MageThrowableCat.cs" bodystart="47" bodyend="51"/>
      </memberdef>
      <memberdef kind="function" id="class_mage_throwable_cat_1ab1c7e10281f3f0cdd25c2c4975fe7056" prot="public" static="no" const="no" explicit="no" inline="yes" virt="virtual">
        <type>override void</type>
        <definition>override void MageThrowableCat.Launch</definition>
        <argsstring>(Vector3 vel, Vector3? finalPos=null)</argsstring>
        <name>Launch</name>
        <qualifiedname>MageThrowableCat.Launch</qualifiedname>
        <reimplements refid="class_throwable_cat_1ad2659f2677062288074d19709af126b9">Launch</reimplements>
        <param>
          <type>Vector3</type>
          <declname>vel</declname>
        </param>
        <param>
          <type>Vector3?</type>
          <declname>finalPos</declname>
          <defval>null</defval>
        </param>
        <briefdescription>
<para>Запускает кошку в полет и подготавливает ее к активации способности. </para>
        </briefdescription>
        <detaileddescription>
<para><parameterlist kind="param"><parameteritem>
<parameternamelist>
<parametername>vel</parametername>
</parameternamelist>
<parameterdescription>
<para>Начальная скорость полета.</para>
</parameterdescription>
</parameteritem>
<parameteritem>
<parameternamelist>
<parametername>finalPos</parametername>
</parameternamelist>
<parameterdescription>
<para>Опциональная финальная позиция (не используется).</para>
</parameterdescription>
</parameteritem>
</parameterlist>
</para>
        </detaileddescription>
        <inbodydescription>
        </inbodydescription>
        <location file="Projectiles/MageThrowableCat.cs" line="58" column="26" bodyfile="Projectiles/MageThrowableCat.cs" bodystart="58" bodyend="63"/>
      </memberdef>
    </sectiondef>
    <sectiondef kind="private-func">
      <memberdef kind="function" id="class_mage_throwable_cat_1a6cfd1bd91028b4fb102eb7111260bc49" prot="private" static="no" const="no" explicit="no" inline="yes" virt="non-virtual">
        <type>void</type>
        <definition>void MageThrowableCat.FixedUpdate</definition>
        <argsstring>()</argsstring>
        <name>FixedUpdate</name>
        <qualifiedname>MageThrowableCat.FixedUpdate</qualifiedname>
        <briefdescription>
<para>Проверяет, достигла ли кошка максимальной высоты, и активирует способность при начале падения. </para>
        </briefdescription>
        <detaileddescription>
        </detaileddescription>
        <inbodydescription>
        </inbodydescription>
        <location file="Projectiles/MageThrowableCat.cs" line="68" column="10" bodyfile="Projectiles/MageThrowableCat.cs" bodystart="68" bodyend="82"/>
      </memberdef>
      <memberdef kind="function" id="class_mage_throwable_cat_1aa5c458ef8ed9b51563435b6113f3d92e" prot="private" static="no" const="no" explicit="no" inline="yes" virt="non-virtual">
        <type>void</type>
        <definition>void MageThrowableCat.SendFireball</definition>
        <argsstring>()</argsstring>
        <name>SendFireball</name>
        <qualifiedname>MageThrowableCat.SendFireball</qualifiedname>
        <briefdescription>
<para>Выпускает огненный шар в ближайшего врага или короля крыс. </para>
        </briefdescription>
        <detaileddescription>
        </detaileddescription>
        <inbodydescription>
        </inbodydescription>
        <location file="Projectiles/MageThrowableCat.cs" line="87" column="18" bodyfile="Projectiles/MageThrowableCat.cs" bodystart="87" bodyend="124"/>
      </memberdef>
    </sectiondef>
    <briefdescription>
<para>Класс, представляющий метаемую кошку-мага, которая на максимальной высоте выпускает огненный шар. </para>
    </briefdescription>
    <detaileddescription>
    </detaileddescription>
    <inheritancegraph>
      <node id="1">
        <label>MageThrowableCat</label>
        <link refid="class_mage_throwable_cat"/>
        <childnode refid="2" relation="public-inheritance">
        </childnode>
      </node>
      <node id="3">
        <label>MonoBehaviour</label>
      </node>
      <node id="2">
        <label>ThrowableCat</label>
        <link refid="class_throwable_cat"/>
        <childnode refid="3" relation="public-inheritance">
        </childnode>
      </node>
    </inheritancegraph>
    <collaborationgraph>
      <node id="4">
        <label>GameManager</label>
        <link refid="class_game_manager"/>
        <childnode refid="3" relation="public-inheritance">
        </childnode>
      </node>
      <node id="1">
        <label>MageThrowableCat</label>
        <link refid="class_mage_throwable_cat"/>
        <childnode refid="2" relation="public-inheritance">
        </childnode>
      </node>
      <node id="3">
        <label>MonoBehaviour</label>
      </node>
      <node id="2">
        <label>ThrowableCat</label>
        <link refid="class_throwable_cat"/>
        <childnode refid="3" relation="public-inheritance">
        </childnode>
        <childnode refid="4" relation="usage">
          <edgelabel>type</edgelabel>
        </childnode>
      </node>
    </collaborationgraph>
    <location file="Projectiles/MageThrowableCat.cs" line="7" column="7" bodyfile="Projectiles/MageThrowableCat.cs" bodystart="8" bodyend="125"/>
    <listofallmembers>
      <member refid="class_mage_throwable_cat_1ac35faef002b75f2d0d73c828e99f9d81" prot="private" virt="non-virtual"><scope>MageThrowableCat</scope><name>abilityUsed</name></member>
      <member refid="class_throwable_cat_1aaca5232d0f1b7b3ae46dc62440a372ff" prot="protected" virt="non-virtual"><scope>MageThrowableCat</scope><name>AmountOfAvaliableDamage</name></member>
      <member refid="class_mage_throwable_cat_1a3a6771e0686f98bd8c367978b16bd65e" prot="private" virt="non-virtual"><scope>MageThrowableCat</scope><name>fireballPrefab</name></member>
      <member refid="class_mage_throwable_cat_1a8d76ca11de789b477cb28af777b25bc7" prot="private" virt="non-virtual"><scope>MageThrowableCat</scope><name>fireballSpawnDistance</name></member>
      <member refid="class_mage_throwable_cat_1a8d6b2d9854cbc57a2bf038e3c6f0ac4f" prot="private" virt="non-virtual"><scope>MageThrowableCat</scope><name>fireballSpeed</name></member>
      <member refid="class_mage_throwable_cat_1a6cfd1bd91028b4fb102eb7111260bc49" prot="private" virt="non-virtual"><scope>MageThrowableCat</scope><name>FixedUpdate</name></member>
      <member refid="class_throwable_cat_1a6dc9068c7fd2781e6b02d0c7e7150fff" prot="public" virt="virtual"><scope>MageThrowableCat</scope><name>GetCustomGravity</name></member>
      <member refid="class_throwable_cat_1aae705fcf0792e5f207d4290bfb1e73af" prot="public" virt="virtual"><scope>MageThrowableCat</scope><name>GetMass</name></member>
      <member refid="class_throwable_cat_1adaacee67d6d96b928854bbb6206375e0" prot="protected" virt="non-virtual"><scope>MageThrowableCat</scope><name>hitDamange</name></member>
      <member refid="class_throwable_cat_1a0bd649c9fc25767442e71bb7ff288724" prot="protected" virt="non-virtual"><scope>MageThrowableCat</scope><name>hitSound</name></member>
      <member refid="class_mage_throwable_cat_1a3ba2f1ba45b1fe1a3f59b590e736f2fd" prot="private" virt="non-virtual"><scope>MageThrowableCat</scope><name>king</name></member>
      <member refid="class_mage_throwable_cat_1ab1c7e10281f3f0cdd25c2c4975fe7056" prot="public" virt="virtual"><scope>MageThrowableCat</scope><name>Launch</name></member>
      <member refid="class_throwable_cat_1a677c9f0d632a62a542a7b31c2848e120" prot="public" virt="virtual"><scope>MageThrowableCat</scope><name>MakeMeKinematic</name></member>
      <member refid="class_throwable_cat_1accc574e28b5d27bbe4d31a820febbf8e" prot="protected" virt="non-virtual"><scope>MageThrowableCat</scope><name>maxAmountDmg</name></member>
      <member refid="class_mage_throwable_cat_1a28f044d257f9a6d1b79c5c8ce68e0a4a" prot="private" virt="non-virtual"><scope>MageThrowableCat</scope><name>maxHeight</name></member>
      <member refid="class_throwable_cat_1a8e6b1246c6afe4844eac288575a7cd2c" prot="protected" virt="virtual"><scope>MageThrowableCat</scope><name>OnCollisionEnter</name></member>
      <member refid="class_throwable_cat_1a84f4b0e1aa53cad8ac458b43fb78e48e" prot="public" virt="non-virtual"><scope>MageThrowableCat</scope><name>PlayVFX</name></member>
      <member refid="class_throwable_cat_1ab114c984f04720a4f711e5fd7e8840c9" prot="protected" virt="non-virtual"><scope>MageThrowableCat</scope><name>rb</name></member>
      <member refid="class_mage_throwable_cat_1aa5c458ef8ed9b51563435b6113f3d92e" prot="private" virt="non-virtual"><scope>MageThrowableCat</scope><name>SendFireball</name></member>
      <member refid="class_throwable_cat_1a998bd5e21b31426825aa91a0afcd0480" prot="public" virt="virtual"><scope>MageThrowableCat</scope><name>SetVelocity</name></member>
      <member refid="class_mage_throwable_cat_1af6c42c43582337b666b049661cac721c" prot="public" virt="virtual"><scope>MageThrowableCat</scope><name>Start</name></member>
      <member refid="class_throwable_cat_1ab106593a1f28926a7faee51a431dad67" prot="protected" virt="non-virtual"><scope>MageThrowableCat</scope><name>throwSound</name></member>
      <member refid="class_throwable_cat_1ab0f52528c17aafe23150f47200b7d98d" prot="protected" virt="non-virtual"><scope>MageThrowableCat</scope><name>timeDespawn</name></member>
      <member refid="class_throwable_cat_1a04dbef0fc1e250f68d7cb3367ea7c919" prot="protected" virt="non-virtual"><scope>MageThrowableCat</scope><name>trailVFX</name></member>
      <member refid="class_throwable_cat_1a1610159512b1765582744ed2cf57aa83" prot="public" virt="non-virtual"><scope>MageThrowableCat</scope><name>type</name></member>
      <member refid="class_throwable_cat_1a6db21295876c0d7ea2e3a3f82b53821a" prot="protected" virt="non-virtual"><scope>MageThrowableCat</scope><name>vfxPuff</name></member>
      <member refid="class_mage_throwable_cat_1af8fda0a133d0978959b31414ab35bc89" prot="private" virt="non-virtual"><scope>MageThrowableCat</scope><name>waitingToFireball</name></member>
    </listofallmembers>
  </compounddef>
</doxygen>
