<?xml version='1.0' encoding='UTF-8' standalone='no'?>
<doxygen xmlns:xsi="http://www.w3.org/2001/XMLSchema-instance" xsi:noNamespaceSchemaLocation="compound.xsd" version="1.13.2" xml:lang="en-US">
  <compounddef id="class_gambling_1_1_negative_1_1_add_new_rat_event" kind="class" language="C#" prot="public">
    <compoundname>Gambling::Negative::AddNewRatEvent</compoundname>
    <basecompoundref refid="class_gambling_1_1_gambling_event" prot="public" virt="non-virtual">Gambling.GamblingEvent</basecompoundref>
    <sectiondef kind="property">
      <memberdef kind="property" id="class_gambling_1_1_negative_1_1_add_new_rat_event_1a1a8fc7d826b6234485738fe075d2a99f" prot="public" static="no" readable="no" writable="no" gettable="yes" privategettable="no" protectedgettable="no" settable="no" privatesettable="no" protectedsettable="no">
        <type>override string</type>
        <definition>override string Gambling.Negative.AddNewRatEvent.Name</definition>
        <argsstring></argsstring>
        <name>Name</name>
        <qualifiedname>Gambling.Negative.AddNewRatEvent.Name</qualifiedname>
        <briefdescription>
<para>Имя события. </para>
        </briefdescription>
        <detaileddescription>
        </detaileddescription>
        <inbodydescription>
        </inbodydescription>
        <location file="Gambling/Negative/AddNewRatEvent.cs" line="16" column="32" bodyfile="Gambling/Negative/AddNewRatEvent.cs" bodystart="16" bodyend="-1"/>
      </memberdef>
    </sectiondef>
    <sectiondef kind="public-func">
      <memberdef kind="function" id="class_gambling_1_1_negative_1_1_add_new_rat_event_1ad684117006dfc196bb4cfcd4ac90ca48" prot="public" static="no" const="no" explicit="no" inline="yes" virt="non-virtual">
        <type>override void</type>
        <definition>override void Gambling.Negative.AddNewRatEvent.Execute</definition>
        <argsstring>(WheelOfFortune manager)</argsstring>
        <name>Execute</name>
        <qualifiedname>Gambling.Negative.AddNewRatEvent.Execute</qualifiedname>
        <param>
          <type><ref refid="class_wheel_of_fortune" kindref="compound">WheelOfFortune</ref></type>
          <declname>manager</declname>
        </param>
        <briefdescription>
<para>Метод для выполнения события с использованием <ref refid="class_wheel_of_fortune" kindref="compound">WheelOfFortune</ref>. </para>
        </briefdescription>
        <detaileddescription>
<para><parameterlist kind="param"><parameteritem>
<parameternamelist>
<parametername>manager</parametername>
</parameternamelist>
<parameterdescription>
<para>Менеджер, отвечающий за управление колесом фортуны.</para>
</parameterdescription>
</parameteritem>
</parameterlist>
</para>
        </detaileddescription>
        <inbodydescription>
        </inbodydescription>
        <location file="Gambling/Negative/AddNewRatEvent.cs" line="23" column="30" bodyfile="Gambling/Negative/AddNewRatEvent.cs" bodystart="23" bodyend="42"/>
      </memberdef>
    </sectiondef>
    <briefdescription>
<para>Событие, добавляющее новых крыс в зависимости от контекста. </para>
    </briefdescription>
    <detaileddescription>
    </detaileddescription>
    <inheritancegraph>
      <node id="1">
        <label>Gambling.Negative.AddNewRatEvent</label>
        <link refid="class_gambling_1_1_negative_1_1_add_new_rat_event"/>
        <childnode refid="2" relation="public-inheritance">
        </childnode>
      </node>
      <node id="2">
        <label>Gambling.GamblingEvent</label>
        <link refid="class_gambling_1_1_gambling_event"/>
        <childnode refid="3" relation="public-inheritance">
        </childnode>
      </node>
      <node id="3">
        <label>ScriptableObject</label>
      </node>
    </inheritancegraph>
    <collaborationgraph>
      <node id="1">
        <label>Gambling.Negative.AddNewRatEvent</label>
        <link refid="class_gambling_1_1_negative_1_1_add_new_rat_event"/>
        <childnode refid="2" relation="public-inheritance">
        </childnode>
      </node>
      <node id="2">
        <label>Gambling.GamblingEvent</label>
        <link refid="class_gambling_1_1_gambling_event"/>
        <childnode refid="3" relation="public-inheritance">
        </childnode>
      </node>
      <node id="3">
        <label>ScriptableObject</label>
      </node>
    </collaborationgraph>
    <location file="Gambling/Negative/AddNewRatEvent.cs" line="11" column="11" bodyfile="Gambling/Negative/AddNewRatEvent.cs" bodystart="12" bodyend="43"/>
    <listofallmembers>
      <member refid="class_gambling_1_1_negative_1_1_add_new_rat_event_1ad684117006dfc196bb4cfcd4ac90ca48" prot="public" virt="non-virtual"><scope>Gambling::Negative::AddNewRatEvent</scope><name>Execute</name></member>
      <member refid="class_gambling_1_1_gambling_event_1a911a99e82974e8d38663d41c764e4eb1" prot="public" virt="non-virtual" ambiguityscope="Gambling::GamblingEvent."><scope>Gambling::Negative::AddNewRatEvent</scope><name>Execute</name></member>
      <member refid="class_gambling_1_1_negative_1_1_add_new_rat_event_1a1a8fc7d826b6234485738fe075d2a99f" prot="public" virt="non-virtual"><scope>Gambling::Negative::AddNewRatEvent</scope><name>Name</name></member>
    </listofallmembers>
  </compounddef>
</doxygen>
