<?xml version='1.0' encoding='UTF-8' standalone='no'?>
<doxygen xmlns:xsi="http://www.w3.org/2001/XMLSchema-instance" xsi:noNamespaceSchemaLocation="compound.xsd" version="1.13.2" xml:lang="en-US">
  <compounddef id="class_math_1_1_bezier_point" kind="class" language="C#" prot="public">
    <compoundname>Math::BezierPoint</compoundname>
    <basecompoundref prot="public" virt="non-virtual">MonoBehaviour</basecompoundref>
    <sectiondef kind="public-attrib">
      <memberdef kind="variable" id="class_math_1_1_bezier_point_1a4b896a9518f6a592121de2f409f53459" prot="public" static="no" mutable="no">
        <type>float</type>
        <definition>float Math.BezierPoint.forward</definition>
        <argsstring></argsstring>
        <name>forward</name>
        <qualifiedname>Math.BezierPoint.forward</qualifiedname>
        <briefdescription>
        </briefdescription>
        <detaileddescription>
        </detaileddescription>
        <inbodydescription>
        </inbodydescription>
        <location file="Math/BezierPoint.cs" line="8" column="22" bodyfile="Math/BezierPoint.cs" bodystart="8" bodyend="-1"/>
      </memberdef>
      <memberdef kind="variable" id="class_math_1_1_bezier_point_1a0150facea5d9a5cad2ec9912e21cfdc9" prot="public" static="no" mutable="no">
        <type>float</type>
        <definition>float Math.BezierPoint.back</definition>
        <argsstring></argsstring>
        <name>back</name>
        <qualifiedname>Math.BezierPoint.back</qualifiedname>
        <briefdescription>
        </briefdescription>
        <detaileddescription>
        </detaileddescription>
        <inbodydescription>
        </inbodydescription>
        <location file="Math/BezierPoint.cs" line="9" column="22" bodyfile="Math/BezierPoint.cs" bodystart="9" bodyend="-1"/>
      </memberdef>
    </sectiondef>
    <sectiondef kind="private-func">
      <memberdef kind="function" id="class_math_1_1_bezier_point_1a0185b4739e093583d788c8b1db56d576" prot="private" static="no" const="no" explicit="no" inline="yes" virt="non-virtual">
        <type>void</type>
        <definition>void Math.BezierPoint.OnDrawGizmos</definition>
        <argsstring>()</argsstring>
        <name>OnDrawGizmos</name>
        <qualifiedname>Math.BezierPoint.OnDrawGizmos</qualifiedname>
        <briefdescription>
        </briefdescription>
        <detaileddescription>
        </detaileddescription>
        <inbodydescription>
        </inbodydescription>
        <location file="Math/BezierPoint.cs" line="11" column="22" bodyfile="Math/BezierPoint.cs" bodystart="11" bodyend="16"/>
      </memberdef>
    </sectiondef>
    <briefdescription>
    </briefdescription>
    <detaileddescription>
    </detaileddescription>
    <inheritancegraph>
      <node id="1">
        <label>Math.BezierPoint</label>
        <link refid="class_math_1_1_bezier_point"/>
        <childnode refid="2" relation="public-inheritance">
        </childnode>
      </node>
      <node id="2">
        <label>MonoBehaviour</label>
      </node>
    </inheritancegraph>
    <collaborationgraph>
      <node id="1">
        <label>Math.BezierPoint</label>
        <link refid="class_math_1_1_bezier_point"/>
        <childnode refid="2" relation="public-inheritance">
        </childnode>
      </node>
      <node id="2">
        <label>MonoBehaviour</label>
      </node>
    </collaborationgraph>
    <location file="Math/BezierPoint.cs" line="5" column="11" bodyfile="Math/BezierPoint.cs" bodystart="6" bodyend="17"/>
    <listofallmembers>
      <member refid="class_math_1_1_bezier_point_1a0150facea5d9a5cad2ec9912e21cfdc9" prot="public" virt="non-virtual"><scope>Math::BezierPoint</scope><name>back</name></member>
      <member refid="class_math_1_1_bezier_point_1a4b896a9518f6a592121de2f409f53459" prot="public" virt="non-virtual"><scope>Math::BezierPoint</scope><name>forward</name></member>
      <member refid="class_math_1_1_bezier_point_1a0185b4739e093583d788c8b1db56d576" prot="private" virt="non-virtual"><scope>Math::BezierPoint</scope><name>OnDrawGizmos</name></member>
    </listofallmembers>
  </compounddef>
</doxygen>
