<?xml version='1.0' encoding='UTF-8' standalone='no'?>
<doxygen xmlns:xsi="http://www.w3.org/2001/XMLSchema-instance" xsi:noNamespaceSchemaLocation="compound.xsd" version="1.13.2" xml:lang="en-US">
  <compounddef id="class_game_manager_1_1_cat_to_choose" kind="class" language="C#" prot="public">
    <compoundname>GameManager::CatToChoose</compoundname>
    <sectiondef kind="public-attrib">
      <memberdef kind="variable" id="class_game_manager_1_1_cat_to_choose_1ac54ba529535252fdb1e3f9b42c79fe1e" prot="public" static="no" mutable="no">
        <type>GameObject</type>
        <definition>GameObject GameManager.CatToChoose.obj</definition>
        <argsstring></argsstring>
        <name>obj</name>
        <qualifiedname>GameManager.CatToChoose.obj</qualifiedname>
        <briefdescription>
        </briefdescription>
        <detaileddescription>
        </detaileddescription>
        <inbodydescription>
        </inbodydescription>
        <location file="GameManager.cs" line="129" column="27" bodyfile="GameManager.cs" bodystart="129" bodyend="-1"/>
      </memberdef>
      <memberdef kind="variable" id="class_game_manager_1_1_cat_to_choose_1adc2adf9b9f9088e6bd3e369ea7f34132" prot="public" static="no" mutable="no">
        <type>VisualEffect</type>
        <definition>VisualEffect GameManager.CatToChoose.vfx</definition>
        <argsstring></argsstring>
        <name>vfx</name>
        <qualifiedname>GameManager.CatToChoose.vfx</qualifiedname>
        <briefdescription>
        </briefdescription>
        <detaileddescription>
        </detaileddescription>
        <inbodydescription>
        </inbodydescription>
        <location file="GameManager.cs" line="130" column="29" bodyfile="GameManager.cs" bodystart="130" bodyend="-1"/>
      </memberdef>
      <memberdef kind="variable" id="class_game_manager_1_1_cat_to_choose_1a3fcc4648c8fb4de3b8aaa233f99b8181" prot="public" static="no" mutable="no">
        <type>GameObject</type>
        <definition>GameObject GameManager.CatToChoose.prefThrow</definition>
        <argsstring></argsstring>
        <name>prefThrow</name>
        <qualifiedname>GameManager.CatToChoose.prefThrow</qualifiedname>
        <briefdescription>
        </briefdescription>
        <detaileddescription>
        </detaileddescription>
        <inbodydescription>
        </inbodydescription>
        <location file="GameManager.cs" line="131" column="27" bodyfile="GameManager.cs" bodystart="131" bodyend="-1"/>
      </memberdef>
      <memberdef kind="variable" id="class_game_manager_1_1_cat_to_choose_1a6b522a55123330437990e38af1795516" prot="public" static="no" mutable="no">
        <type><ref refid="class_game_manager_1a602cf4bb0f3256a3bc0a65844a928f69" kindref="member">CatTypes</ref></type>
        <definition>CatTypes GameManager.CatToChoose.catType</definition>
        <argsstring></argsstring>
        <name>catType</name>
        <qualifiedname>GameManager.CatToChoose.catType</qualifiedname>
        <briefdescription>
        </briefdescription>
        <detaileddescription>
        </detaileddescription>
        <inbodydescription>
        </inbodydescription>
        <location file="GameManager.cs" line="132" column="25" bodyfile="GameManager.cs" bodystart="132" bodyend="-1"/>
      </memberdef>
    </sectiondef>
    <briefdescription>
<para>Класс для выбора котов перед игрой. </para>
    </briefdescription>
    <detaileddescription>
    </detaileddescription>
    <location file="GameManager.cs" line="128" column="11" bodyfile="GameManager.cs" bodystart="128" bodyend="133"/>
    <listofallmembers>
      <member refid="class_game_manager_1_1_cat_to_choose_1a6b522a55123330437990e38af1795516" prot="public" virt="non-virtual"><scope>GameManager::CatToChoose</scope><name>catType</name></member>
      <member refid="class_game_manager_1_1_cat_to_choose_1ac54ba529535252fdb1e3f9b42c79fe1e" prot="public" virt="non-virtual"><scope>GameManager::CatToChoose</scope><name>obj</name></member>
      <member refid="class_game_manager_1_1_cat_to_choose_1a3fcc4648c8fb4de3b8aaa233f99b8181" prot="public" virt="non-virtual"><scope>GameManager::CatToChoose</scope><name>prefThrow</name></member>
      <member refid="class_game_manager_1_1_cat_to_choose_1adc2adf9b9f9088e6bd3e369ea7f34132" prot="public" virt="non-virtual"><scope>GameManager::CatToChoose</scope><name>vfx</name></member>
    </listofallmembers>
  </compounddef>
</doxygen>
