<?xml version='1.0' encoding='UTF-8' standalone='no'?>
<doxygen xmlns:xsi="http://www.w3.org/2001/XMLSchema-instance" xsi:noNamespaceSchemaLocation="compound.xsd" version="1.13.2" xml:lang="en-US">
  <compounddef id="class_gambling_1_1_positive_1_1_add_random_cat_event" kind="class" language="C#" prot="public">
    <compoundname>Gambling::Positive::AddRandomCatEvent</compoundname>
    <basecompoundref refid="class_gambling_1_1_gambling_event" prot="public" virt="non-virtual">Gambling.GamblingEvent</basecompoundref>
    <sectiondef kind="private-attrib">
      <memberdef kind="variable" id="class_gambling_1_1_positive_1_1_add_random_cat_event_1a883230f7db3c97ef2a8e1cc60ed260cb" prot="private" static="no" mutable="no">
        <type>List&lt; GameObject &gt;</type>
        <definition>List&lt;GameObject&gt; Gambling.Positive.AddRandomCatEvent.variants</definition>
        <argsstring></argsstring>
        <name>variants</name>
        <qualifiedname>Gambling.Positive.AddRandomCatEvent.variants</qualifiedname>
        <initializer>= new List&lt;GameObject&gt;()</initializer>
        <briefdescription>
<para>Список доступных вариантов котов для добавления. </para>
        </briefdescription>
        <detaileddescription>
        </detaileddescription>
        <inbodydescription>
        </inbodydescription>
        <location file="Gambling/Positive/AddRandomCatEvent.cs" line="17" column="23" bodyfile="Gambling/Positive/AddRandomCatEvent.cs" bodystart="17" bodyend="-1"/>
      </memberdef>
    </sectiondef>
    <sectiondef kind="property">
      <memberdef kind="property" id="class_gambling_1_1_positive_1_1_add_random_cat_event_1a2690fff424c22c10a8d247769a9edc52" prot="public" static="no" readable="no" writable="no" gettable="yes" privategettable="no" protectedgettable="no" settable="no" privatesettable="no" protectedsettable="no">
        <type>override string</type>
        <definition>override string Gambling.Positive.AddRandomCatEvent.Name</definition>
        <argsstring></argsstring>
        <name>Name</name>
        <qualifiedname>Gambling.Positive.AddRandomCatEvent.Name</qualifiedname>
        <briefdescription>
<para>Имя события. </para>
        </briefdescription>
        <detaileddescription>
        </detaileddescription>
        <inbodydescription>
        </inbodydescription>
        <location file="Gambling/Positive/AddRandomCatEvent.cs" line="22" column="32" bodyfile="Gambling/Positive/AddRandomCatEvent.cs" bodystart="22" bodyend="-1"/>
      </memberdef>
    </sectiondef>
    <sectiondef kind="public-func">
      <memberdef kind="function" id="class_gambling_1_1_positive_1_1_add_random_cat_event_1aef04ba036a73914e9f4d727c79569b43" prot="public" static="no" const="no" explicit="no" inline="yes" virt="non-virtual">
        <type>override void</type>
        <definition>override void Gambling.Positive.AddRandomCatEvent.Execute</definition>
        <argsstring>(WheelOfFortune manager)</argsstring>
        <name>Execute</name>
        <qualifiedname>Gambling.Positive.AddRandomCatEvent.Execute</qualifiedname>
        <param>
          <type><ref refid="class_wheel_of_fortune" kindref="compound">WheelOfFortune</ref></type>
          <declname>manager</declname>
        </param>
        <briefdescription>
<para>Метод для выполнения события с использованием <ref refid="class_wheel_of_fortune" kindref="compound">WheelOfFortune</ref>. Добавляет случайного кота из списка вариантов в очередь. </para>
        </briefdescription>
        <detaileddescription>
<para><parameterlist kind="param"><parameteritem>
<parameternamelist>
<parametername>manager</parametername>
</parameternamelist>
<parameterdescription>
<para>Менеджер, отвечающий за управление колесом фортуны.</para>
</parameterdescription>
</parameteritem>
</parameterlist>
</para>
        </detaileddescription>
        <inbodydescription>
        </inbodydescription>
        <location file="Gambling/Positive/AddRandomCatEvent.cs" line="29" column="30" bodyfile="Gambling/Positive/AddRandomCatEvent.cs" bodystart="29" bodyend="36"/>
      </memberdef>
    </sectiondef>
    <briefdescription>
<para>Событие, которое добавляет случайного кота из списка вариантов в очередь. </para>
    </briefdescription>
    <detaileddescription>
    </detaileddescription>
    <inheritancegraph>
      <node id="1">
        <label>Gambling.Positive.AddRandomCatEvent</label>
        <link refid="class_gambling_1_1_positive_1_1_add_random_cat_event"/>
        <childnode refid="2" relation="public-inheritance">
        </childnode>
      </node>
      <node id="2">
        <label>Gambling.GamblingEvent</label>
        <link refid="class_gambling_1_1_gambling_event"/>
        <childnode refid="3" relation="public-inheritance">
        </childnode>
      </node>
      <node id="3">
        <label>ScriptableObject</label>
      </node>
    </inheritancegraph>
    <collaborationgraph>
      <node id="1">
        <label>Gambling.Positive.AddRandomCatEvent</label>
        <link refid="class_gambling_1_1_positive_1_1_add_random_cat_event"/>
        <childnode refid="2" relation="public-inheritance">
        </childnode>
      </node>
      <node id="2">
        <label>Gambling.GamblingEvent</label>
        <link refid="class_gambling_1_1_gambling_event"/>
        <childnode refid="3" relation="public-inheritance">
        </childnode>
      </node>
      <node id="3">
        <label>ScriptableObject</label>
      </node>
    </collaborationgraph>
    <location file="Gambling/Positive/AddRandomCatEvent.cs" line="12" column="11" bodyfile="Gambling/Positive/AddRandomCatEvent.cs" bodystart="13" bodyend="37"/>
    <listofallmembers>
      <member refid="class_gambling_1_1_positive_1_1_add_random_cat_event_1aef04ba036a73914e9f4d727c79569b43" prot="public" virt="non-virtual"><scope>Gambling::Positive::AddRandomCatEvent</scope><name>Execute</name></member>
      <member refid="class_gambling_1_1_gambling_event_1a911a99e82974e8d38663d41c764e4eb1" prot="public" virt="non-virtual" ambiguityscope="Gambling::GamblingEvent."><scope>Gambling::Positive::AddRandomCatEvent</scope><name>Execute</name></member>
      <member refid="class_gambling_1_1_positive_1_1_add_random_cat_event_1a2690fff424c22c10a8d247769a9edc52" prot="public" virt="non-virtual"><scope>Gambling::Positive::AddRandomCatEvent</scope><name>Name</name></member>
      <member refid="class_gambling_1_1_positive_1_1_add_random_cat_event_1a883230f7db3c97ef2a8e1cc60ed260cb" prot="private" virt="non-virtual"><scope>Gambling::Positive::AddRandomCatEvent</scope><name>variants</name></member>
    </listofallmembers>
  </compounddef>
</doxygen>
