<?xml version='1.0' encoding='UTF-8' standalone='no'?>
<doxygen xmlns:xsi="http://www.w3.org/2001/XMLSchema-instance" xsi:noNamespaceSchemaLocation="compound.xsd" version="1.13.2" xml:lang="en-US">
  <compounddef id="class_camera_controller" kind="class" language="C#" prot="public">
    <compoundname>CameraController</compoundname>
    <basecompoundref prot="public" virt="non-virtual">MonoBehaviour</basecompoundref>
    <sectiondef kind="private-type">
      <memberdef kind="enum" id="class_camera_controller_1adec0254595a5e8ce3c3c280ced9d6e49" prot="private" static="no" strong="yes">
        <type></type>
        <name>shootingState</name>
        <qualifiedname>CameraController.shootingState</qualifiedname>
        <enumvalue id="class_camera_controller_1adec0254595a5e8ce3c3c280ced9d6e49a334c4a4c42fdb79d7ebc3e73b517e6f8" prot="private">
          <name>none</name>
          <briefdescription>
          </briefdescription>
          <detaileddescription>
          </detaileddescription>
        </enumvalue>
        <enumvalue id="class_camera_controller_1adec0254595a5e8ce3c3c280ced9d6e49a7b49993fa97555a00841cc95bee6bf70" prot="private">
          <name>shooting</name>
          <briefdescription>
          </briefdescription>
          <detaileddescription>
          </detaileddescription>
        </enumvalue>
        <enumvalue id="class_camera_controller_1adec0254595a5e8ce3c3c280ced9d6e49a8b631b0acab967515a7b12e88c643e11" prot="private">
          <name>resetting</name>
          <briefdescription>
          </briefdescription>
          <detaileddescription>
          </detaileddescription>
        </enumvalue>
        <briefdescription>
<para>Состояния камеры во время стрельбы. </para>
        </briefdescription>
        <detaileddescription>
        </detaileddescription>
        <inbodydescription>
        </inbodydescription>
        <location file="CameraContoller.cs" line="112" column="12" bodyfile="CameraContoller.cs" bodystart="113" bodyend="117"/>
      </memberdef>
    </sectiondef>
    <sectiondef kind="private-attrib">
      <memberdef kind="variable" id="class_camera_controller_1a8979cceb75638fe3caf62c8516ec4bc6" prot="private" static="no" mutable="no">
        <type>float</type>
        <definition>float CameraController.moveSpeed</definition>
        <argsstring></argsstring>
        <name>moveSpeed</name>
        <qualifiedname>CameraController.moveSpeed</qualifiedname>
        <initializer>= 0.1f</initializer>
        <briefdescription>
<para>Скорость передвижения камеры. </para>
        </briefdescription>
        <detaileddescription>
        </detaileddescription>
        <inbodydescription>
        </inbodydescription>
        <location file="CameraContoller.cs" line="12" column="20" bodyfile="CameraContoller.cs" bodystart="12" bodyend="-1"/>
      </memberdef>
      <memberdef kind="variable" id="class_camera_controller_1ac5e7f931dc646e4a643f850da622c7c1" prot="private" static="no" mutable="no">
        <type>float</type>
        <definition>float CameraController.zoomSpeed</definition>
        <argsstring></argsstring>
        <name>zoomSpeed</name>
        <qualifiedname>CameraController.zoomSpeed</qualifiedname>
        <initializer>= 0.5f</initializer>
        <briefdescription>
<para>Скорость масштабирования камеры. </para>
        </briefdescription>
        <detaileddescription>
        </detaileddescription>
        <inbodydescription>
        </inbodydescription>
        <location file="CameraContoller.cs" line="17" column="20" bodyfile="CameraContoller.cs" bodystart="17" bodyend="-1"/>
      </memberdef>
      <memberdef kind="variable" id="class_camera_controller_1a6c1a8c2ca7e67154970931ed2a88563e" prot="private" static="no" mutable="no">
        <type>float</type>
        <definition>float CameraController.minZoom</definition>
        <argsstring></argsstring>
        <name>minZoom</name>
        <qualifiedname>CameraController.minZoom</qualifiedname>
        <initializer>= 5f</initializer>
        <briefdescription>
<para>Минимальный зум камеры. </para>
        </briefdescription>
        <detaileddescription>
        </detaileddescription>
        <inbodydescription>
        </inbodydescription>
        <location file="CameraContoller.cs" line="22" column="20" bodyfile="CameraContoller.cs" bodystart="22" bodyend="-1"/>
      </memberdef>
      <memberdef kind="variable" id="class_camera_controller_1a5ede1338f553ab75fb61f85405fda8e7" prot="private" static="no" mutable="no">
        <type>float</type>
        <definition>float CameraController.maxZoom</definition>
        <argsstring></argsstring>
        <name>maxZoom</name>
        <qualifiedname>CameraController.maxZoom</qualifiedname>
        <initializer>= 50f</initializer>
        <briefdescription>
<para>Максимальный зум камеры. </para>
        </briefdescription>
        <detaileddescription>
        </detaileddescription>
        <inbodydescription>
        </inbodydescription>
        <location file="CameraContoller.cs" line="27" column="20" bodyfile="CameraContoller.cs" bodystart="27" bodyend="-1"/>
      </memberdef>
      <memberdef kind="variable" id="class_camera_controller_1ad0acde35e5f79d90e107f008d62d119b" prot="private" static="no" mutable="no">
        <type>float</type>
        <definition>float CameraController.smoothTime</definition>
        <argsstring></argsstring>
        <name>smoothTime</name>
        <qualifiedname>CameraController.smoothTime</qualifiedname>
        <initializer>= 0.1f</initializer>
        <briefdescription>
<para>Время сглаживания перемещения камеры. </para>
        </briefdescription>
        <detaileddescription>
        </detaileddescription>
        <inbodydescription>
        </inbodydescription>
        <location file="CameraContoller.cs" line="32" column="20" bodyfile="CameraContoller.cs" bodystart="32" bodyend="-1"/>
      </memberdef>
      <memberdef kind="variable" id="class_camera_controller_1aced781813fdadbdcdcfaa6f62124e66d" prot="private" static="no" mutable="no">
        <type>Vector2</type>
        <definition>Vector2 CameraController.lastTouchPosition</definition>
        <argsstring></argsstring>
        <name>lastTouchPosition</name>
        <qualifiedname>CameraController.lastTouchPosition</qualifiedname>
        <briefdescription>
<para>Последняя позиция касания экрана для управления камерой. </para>
        </briefdescription>
        <detaileddescription>
        </detaileddescription>
        <inbodydescription>
        </inbodydescription>
        <location file="CameraContoller.cs" line="37" column="21" bodyfile="CameraContoller.cs" bodystart="37" bodyend="-1"/>
      </memberdef>
      <memberdef kind="variable" id="class_camera_controller_1a7008c2174dce96aa16d2b0474aeedfb6" prot="private" static="no" mutable="no">
        <type>Vector3</type>
        <definition>Vector3 CameraController.velocity</definition>
        <argsstring></argsstring>
        <name>velocity</name>
        <qualifiedname>CameraController.velocity</qualifiedname>
        <initializer>= Vector3.zero</initializer>
        <briefdescription>
<para>Вектор скорости для сглаженного перемещения камеры. </para>
        </briefdescription>
        <detaileddescription>
        </detaileddescription>
        <inbodydescription>
        </inbodydescription>
        <location file="CameraContoller.cs" line="42" column="21" bodyfile="CameraContoller.cs" bodystart="42" bodyend="-1"/>
      </memberdef>
      <memberdef kind="variable" id="class_camera_controller_1ad205f7edf5bb8aaacee0b17b983f00b8" prot="private" static="no" mutable="no">
        <type>Vector3</type>
        <definition>Vector3 CameraController.targetPosition</definition>
        <argsstring></argsstring>
        <name>targetPosition</name>
        <qualifiedname>CameraController.targetPosition</qualifiedname>
        <briefdescription>
<para>Целевая позиция камеры. </para>
        </briefdescription>
        <detaileddescription>
        </detaileddescription>
        <inbodydescription>
        </inbodydescription>
        <location file="CameraContoller.cs" line="47" column="21" bodyfile="CameraContoller.cs" bodystart="47" bodyend="-1"/>
      </memberdef>
      <memberdef kind="variable" id="class_camera_controller_1a53c76c1371f4e5575793b1fb66a7f53b" prot="private" static="no" mutable="no">
        <type>Camera</type>
        <definition>Camera CameraController.cam</definition>
        <argsstring></argsstring>
        <name>cam</name>
        <qualifiedname>CameraController.cam</qualifiedname>
        <briefdescription>
<para>Ссылка на компонент камеры. </para>
        </briefdescription>
        <detaileddescription>
        </detaileddescription>
        <inbodydescription>
        </inbodydescription>
        <location file="CameraContoller.cs" line="52" column="20" bodyfile="CameraContoller.cs" bodystart="52" bodyend="-1"/>
      </memberdef>
      <memberdef kind="variable" id="class_camera_controller_1a2024a0818b4fa83f6df5cb8ea4fefb25" prot="private" static="no" mutable="no">
        <type>Vector2</type>
        <definition>Vector2 CameraController.minBounds</definition>
        <argsstring></argsstring>
        <name>minBounds</name>
        <qualifiedname>CameraController.minBounds</qualifiedname>
        <briefdescription>
<para>Минимальные границы передвижения камеры. </para>
        </briefdescription>
        <detaileddescription>
        </detaileddescription>
        <inbodydescription>
        </inbodydescription>
        <location file="CameraContoller.cs" line="57" column="22" bodyfile="CameraContoller.cs" bodystart="57" bodyend="-1"/>
      </memberdef>
      <memberdef kind="variable" id="class_camera_controller_1a7cf3ec9b4d739612e9dd6b63b1644564" prot="private" static="no" mutable="no">
        <type>Vector2</type>
        <definition>Vector2 CameraController.maxBounds</definition>
        <argsstring></argsstring>
        <name>maxBounds</name>
        <qualifiedname>CameraController.maxBounds</qualifiedname>
        <briefdescription>
<para>Максимальные границы передвижения камеры. </para>
        </briefdescription>
        <detaileddescription>
        </detaileddescription>
        <inbodydescription>
        </inbodydescription>
        <location file="CameraContoller.cs" line="62" column="22" bodyfile="CameraContoller.cs" bodystart="62" bodyend="-1"/>
      </memberdef>
      <memberdef kind="variable" id="class_camera_controller_1ae0e411bbecb81cc2519c57126fe2d12e" prot="private" static="no" mutable="no">
        <type>Transform</type>
        <definition>Transform CameraController.camPosShoot</definition>
        <argsstring></argsstring>
        <name>camPosShoot</name>
        <qualifiedname>CameraController.camPosShoot</qualifiedname>
        <briefdescription>
<para>Позиция камеры во время стрельбы. </para>
        </briefdescription>
        <detaileddescription>
        </detaileddescription>
        <inbodydescription>
        </inbodydescription>
        <location file="CameraContoller.cs" line="67" column="24" bodyfile="CameraContoller.cs" bodystart="67" bodyend="-1"/>
      </memberdef>
      <memberdef kind="variable" id="class_camera_controller_1aa44169bba297e13162ddafa6c100a5f8" prot="private" static="no" mutable="no">
        <type>float</type>
        <definition>float CameraController.camSizeShoot</definition>
        <argsstring></argsstring>
        <name>camSizeShoot</name>
        <qualifiedname>CameraController.camSizeShoot</qualifiedname>
        <briefdescription>
<para>Размер камеры при стрельбе. </para>
        </briefdescription>
        <detaileddescription>
        </detaileddescription>
        <inbodydescription>
        </inbodydescription>
        <location file="CameraContoller.cs" line="72" column="20" bodyfile="CameraContoller.cs" bodystart="72" bodyend="-1"/>
      </memberdef>
      <memberdef kind="variable" id="class_camera_controller_1a20de06b4c89f40e631f0563bca544bd6" prot="private" static="no" mutable="no">
        <type>float</type>
        <definition>float CameraController.timeShootPos</definition>
        <argsstring></argsstring>
        <name>timeShootPos</name>
        <qualifiedname>CameraController.timeShootPos</qualifiedname>
        <briefdescription>
<para>Время анимации перехода камеры при стрельбе. </para>
        </briefdescription>
        <detaileddescription>
        </detaileddescription>
        <inbodydescription>
        </inbodydescription>
        <location file="CameraContoller.cs" line="77" column="20" bodyfile="CameraContoller.cs" bodystart="77" bodyend="-1"/>
      </memberdef>
      <memberdef kind="variable" id="class_camera_controller_1ab6aa35538f737f6a1664f85d319b434e" prot="private" static="no" mutable="no">
        <type>float</type>
        <definition>float CameraController.camLerpT</definition>
        <argsstring></argsstring>
        <name>camLerpT</name>
        <qualifiedname>CameraController.camLerpT</qualifiedname>
        <briefdescription>
<para>Временная переменная для интерполяции камеры при стрельбе. </para>
        </briefdescription>
        <detaileddescription>
        </detaileddescription>
        <inbodydescription>
        </inbodydescription>
        <location file="CameraContoller.cs" line="82" column="19" bodyfile="CameraContoller.cs" bodystart="82" bodyend="-1"/>
      </memberdef>
      <memberdef kind="variable" id="class_camera_controller_1a7c4125230a1bf4add27d7f92a08c7401" prot="private" static="no" mutable="no">
        <type>Vector3</type>
        <definition>Vector3 CameraController.beforeShootPos</definition>
        <argsstring></argsstring>
        <name>beforeShootPos</name>
        <qualifiedname>CameraController.beforeShootPos</qualifiedname>
        <briefdescription>
<para>Позиция камеры до начала стрельбы. </para>
        </briefdescription>
        <detaileddescription>
        </detaileddescription>
        <inbodydescription>
        </inbodydescription>
        <location file="CameraContoller.cs" line="87" column="21" bodyfile="CameraContoller.cs" bodystart="87" bodyend="-1"/>
      </memberdef>
      <memberdef kind="variable" id="class_camera_controller_1a1d132463bc2796f4c365621848b85ae8" prot="private" static="no" mutable="no">
        <type>Quaternion</type>
        <definition>Quaternion CameraController.beforeShootRot</definition>
        <argsstring></argsstring>
        <name>beforeShootRot</name>
        <qualifiedname>CameraController.beforeShootRot</qualifiedname>
        <briefdescription>
<para>Поворот камеры до начала стрельбы. </para>
        </briefdescription>
        <detaileddescription>
        </detaileddescription>
        <inbodydescription>
        </inbodydescription>
        <location file="CameraContoller.cs" line="92" column="24" bodyfile="CameraContoller.cs" bodystart="92" bodyend="-1"/>
      </memberdef>
      <memberdef kind="variable" id="class_camera_controller_1a753c7b6b330c6f9eb0ea03171cfc3177" prot="private" static="no" mutable="no">
        <type>float</type>
        <definition>float CameraController.beforeShootSize</definition>
        <argsstring></argsstring>
        <name>beforeShootSize</name>
        <qualifiedname>CameraController.beforeShootSize</qualifiedname>
        <briefdescription>
<para>Размер камеры до начала стрельбы. </para>
        </briefdescription>
        <detaileddescription>
        </detaileddescription>
        <inbodydescription>
        </inbodydescription>
        <location file="CameraContoller.cs" line="97" column="19" bodyfile="CameraContoller.cs" bodystart="97" bodyend="-1"/>
      </memberdef>
      <memberdef kind="variable" id="class_camera_controller_1a6588cf0ef64407c9582f3c739c871a28" prot="private" static="no" mutable="no">
        <type>float</type>
        <definition>float CameraController.sizeCamRef</definition>
        <argsstring></argsstring>
        <name>sizeCamRef</name>
        <qualifiedname>CameraController.sizeCamRef</qualifiedname>
        <briefdescription>
<para>Референсная переменная для сглаживания размера камеры. </para>
        </briefdescription>
        <detaileddescription>
        </detaileddescription>
        <inbodydescription>
        </inbodydescription>
        <location file="CameraContoller.cs" line="102" column="19" bodyfile="CameraContoller.cs" bodystart="102" bodyend="-1"/>
      </memberdef>
      <memberdef kind="variable" id="class_camera_controller_1a19c565c22d6f55333961739122531b0a" prot="private" static="no" mutable="no">
        <type>Quaternion</type>
        <definition>Quaternion CameraController.rotRef</definition>
        <argsstring></argsstring>
        <name>rotRef</name>
        <qualifiedname>CameraController.rotRef</qualifiedname>
        <briefdescription>
<para>Референсная переменная для сглаживания поворота камеры. </para>
        </briefdescription>
        <detaileddescription>
        </detaileddescription>
        <inbodydescription>
        </inbodydescription>
        <location file="CameraContoller.cs" line="107" column="24" bodyfile="CameraContoller.cs" bodystart="107" bodyend="-1"/>
      </memberdef>
      <memberdef kind="variable" id="class_camera_controller_1a828aef51f473c9ca74c7d1090df5d148" prot="private" static="no" mutable="no">
        <type>shootingState</type>
        <definition>shootingState CameraController.m_shootingState</definition>
        <argsstring></argsstring>
        <name>m_shootingState</name>
        <qualifiedname>CameraController.m_shootingState</qualifiedname>
        <briefdescription>
<para>Текущее состояние камеры. </para>
        </briefdescription>
        <detaileddescription>
        </detaileddescription>
        <inbodydescription>
        </inbodydescription>
        <location file="CameraContoller.cs" line="122" column="27" bodyfile="CameraContoller.cs" bodystart="122" bodyend="-1"/>
      </memberdef>
      <memberdef kind="variable" id="class_camera_controller_1ab01f4efe73912516950e8abe21251cf3" prot="private" static="no" mutable="no">
        <type>bool</type>
        <definition>bool CameraController.active</definition>
        <argsstring></argsstring>
        <name>active</name>
        <qualifiedname>CameraController.active</qualifiedname>
        <briefdescription>
<para>Флаг активности управления камерой. </para>
        </briefdescription>
        <detaileddescription>
        </detaileddescription>
        <inbodydescription>
        </inbodydescription>
        <location file="CameraContoller.cs" line="127" column="18" bodyfile="CameraContoller.cs" bodystart="127" bodyend="-1"/>
      </memberdef>
    </sectiondef>
    <sectiondef kind="private-func">
      <memberdef kind="function" id="class_camera_controller_1ad4a238c6f7db3ee003302a245d860860" prot="private" static="no" const="no" explicit="no" inline="yes" virt="non-virtual">
        <type>void</type>
        <definition>void CameraController.Start</definition>
        <argsstring>()</argsstring>
        <name>Start</name>
        <qualifiedname>CameraController.Start</qualifiedname>
        <briefdescription>
        </briefdescription>
        <detaileddescription>
        </detaileddescription>
        <inbodydescription>
        </inbodydescription>
        <location file="CameraContoller.cs" line="129" column="10" bodyfile="CameraContoller.cs" bodystart="129" bodyend="134"/>
      </memberdef>
      <memberdef kind="function" id="class_camera_controller_1a7c4f486f4bcbd1d54a346fdce9707bd5" prot="private" static="no" const="no" explicit="no" inline="yes" virt="non-virtual">
        <type>void</type>
        <definition>void CameraController.Update</definition>
        <argsstring>()</argsstring>
        <name>Update</name>
        <qualifiedname>CameraController.Update</qualifiedname>
        <briefdescription>
        </briefdescription>
        <detaileddescription>
        </detaileddescription>
        <inbodydescription>
        </inbodydescription>
        <location file="CameraContoller.cs" line="165" column="10" bodyfile="CameraContoller.cs" bodystart="165" bodyend="236"/>
      </memberdef>
      <memberdef kind="function" id="class_camera_controller_1a47d1d603f85ea6769afe7dc76f2adf9d" prot="private" static="no" const="no" explicit="no" inline="yes" virt="non-virtual">
        <type>void</type>
        <definition>void CameraController.Zoom</definition>
        <argsstring>(float increment)</argsstring>
        <name>Zoom</name>
        <qualifiedname>CameraController.Zoom</qualifiedname>
        <param>
          <type>float</type>
          <declname>increment</declname>
        </param>
        <briefdescription>
<para>Метод для изменения масштаба камеры. </para>
        </briefdescription>
        <detaileddescription>
        </detaileddescription>
        <inbodydescription>
        </inbodydescription>
        <location file="CameraContoller.cs" line="241" column="10" bodyfile="CameraContoller.cs" bodystart="241" bodyend="245"/>
      </memberdef>
    </sectiondef>
    <sectiondef kind="public-func">
      <memberdef kind="function" id="class_camera_controller_1a0a02a475f1b4ce14feeba00654833b16" prot="public" static="no" const="no" explicit="no" inline="yes" virt="non-virtual">
        <type>void</type>
        <definition>void CameraController.ActiveCameraContol</definition>
        <argsstring>(bool _active)</argsstring>
        <name>ActiveCameraContol</name>
        <qualifiedname>CameraController.ActiveCameraContol</qualifiedname>
        <param>
          <type>bool</type>
          <declname>_active</declname>
        </param>
        <briefdescription>
<para>Активация или деактивация управления камерой. </para>
        </briefdescription>
        <detaileddescription>
        </detaileddescription>
        <inbodydescription>
        </inbodydescription>
        <location file="CameraContoller.cs" line="139" column="17" bodyfile="CameraContoller.cs" bodystart="139" bodyend="142"/>
      </memberdef>
      <memberdef kind="function" id="class_camera_controller_1a1fc6c07d6bb6f50e5674271e472efc60" prot="public" static="no" const="no" explicit="no" inline="yes" virt="non-virtual">
        <type>void</type>
        <definition>void CameraController.StartShoot</definition>
        <argsstring>()</argsstring>
        <name>StartShoot</name>
        <qualifiedname>CameraController.StartShoot</qualifiedname>
        <briefdescription>
<para>Переключение камеры в режим стрельбы. </para>
        </briefdescription>
        <detaileddescription>
        </detaileddescription>
        <inbodydescription>
        </inbodydescription>
        <location file="CameraContoller.cs" line="147" column="17" bodyfile="CameraContoller.cs" bodystart="147" bodyend="154"/>
      </memberdef>
      <memberdef kind="function" id="class_camera_controller_1a565c685f0aba1b3d10308d281fbff6fc" prot="public" static="no" const="no" explicit="no" inline="yes" virt="non-virtual">
        <type>void</type>
        <definition>void CameraController.StopShoot</definition>
        <argsstring>()</argsstring>
        <name>StopShoot</name>
        <qualifiedname>CameraController.StopShoot</qualifiedname>
        <briefdescription>
<para>Возвращение камеры в обычный режим после стрельбы. </para>
        </briefdescription>
        <detaileddescription>
        </detaileddescription>
        <inbodydescription>
        </inbodydescription>
        <location file="CameraContoller.cs" line="159" column="17" bodyfile="CameraContoller.cs" bodystart="159" bodyend="163"/>
      </memberdef>
    </sectiondef>
    <briefdescription>
<para>Класс, управляющий движением и масштабированием камеры. </para>
    </briefdescription>
    <detaileddescription>
    </detaileddescription>
    <inheritancegraph>
      <node id="1">
        <label>CameraController</label>
        <link refid="class_camera_controller"/>
        <childnode refid="2" relation="public-inheritance">
        </childnode>
      </node>
      <node id="2">
        <label>MonoBehaviour</label>
      </node>
    </inheritancegraph>
    <collaborationgraph>
      <node id="1">
        <label>CameraController</label>
        <link refid="class_camera_controller"/>
        <childnode refid="2" relation="public-inheritance">
        </childnode>
      </node>
      <node id="2">
        <label>MonoBehaviour</label>
      </node>
    </collaborationgraph>
    <location file="CameraContoller.cs" line="7" column="7" bodyfile="CameraContoller.cs" bodystart="8" bodyend="246"/>
    <listofallmembers>
      <member refid="class_camera_controller_1ab01f4efe73912516950e8abe21251cf3" prot="private" virt="non-virtual"><scope>CameraController</scope><name>active</name></member>
      <member refid="class_camera_controller_1a0a02a475f1b4ce14feeba00654833b16" prot="public" virt="non-virtual"><scope>CameraController</scope><name>ActiveCameraContol</name></member>
      <member refid="class_camera_controller_1a7c4125230a1bf4add27d7f92a08c7401" prot="private" virt="non-virtual"><scope>CameraController</scope><name>beforeShootPos</name></member>
      <member refid="class_camera_controller_1a1d132463bc2796f4c365621848b85ae8" prot="private" virt="non-virtual"><scope>CameraController</scope><name>beforeShootRot</name></member>
      <member refid="class_camera_controller_1a753c7b6b330c6f9eb0ea03171cfc3177" prot="private" virt="non-virtual"><scope>CameraController</scope><name>beforeShootSize</name></member>
      <member refid="class_camera_controller_1a53c76c1371f4e5575793b1fb66a7f53b" prot="private" virt="non-virtual"><scope>CameraController</scope><name>cam</name></member>
      <member refid="class_camera_controller_1ab6aa35538f737f6a1664f85d319b434e" prot="private" virt="non-virtual"><scope>CameraController</scope><name>camLerpT</name></member>
      <member refid="class_camera_controller_1ae0e411bbecb81cc2519c57126fe2d12e" prot="private" virt="non-virtual"><scope>CameraController</scope><name>camPosShoot</name></member>
      <member refid="class_camera_controller_1aa44169bba297e13162ddafa6c100a5f8" prot="private" virt="non-virtual"><scope>CameraController</scope><name>camSizeShoot</name></member>
      <member refid="class_camera_controller_1aced781813fdadbdcdcfaa6f62124e66d" prot="private" virt="non-virtual"><scope>CameraController</scope><name>lastTouchPosition</name></member>
      <member refid="class_camera_controller_1a828aef51f473c9ca74c7d1090df5d148" prot="private" virt="non-virtual"><scope>CameraController</scope><name>m_shootingState</name></member>
      <member refid="class_camera_controller_1a7cf3ec9b4d739612e9dd6b63b1644564" prot="private" virt="non-virtual"><scope>CameraController</scope><name>maxBounds</name></member>
      <member refid="class_camera_controller_1a5ede1338f553ab75fb61f85405fda8e7" prot="private" virt="non-virtual"><scope>CameraController</scope><name>maxZoom</name></member>
      <member refid="class_camera_controller_1a2024a0818b4fa83f6df5cb8ea4fefb25" prot="private" virt="non-virtual"><scope>CameraController</scope><name>minBounds</name></member>
      <member refid="class_camera_controller_1a6c1a8c2ca7e67154970931ed2a88563e" prot="private" virt="non-virtual"><scope>CameraController</scope><name>minZoom</name></member>
      <member refid="class_camera_controller_1a8979cceb75638fe3caf62c8516ec4bc6" prot="private" virt="non-virtual"><scope>CameraController</scope><name>moveSpeed</name></member>
      <member refid="class_camera_controller_1a19c565c22d6f55333961739122531b0a" prot="private" virt="non-virtual"><scope>CameraController</scope><name>rotRef</name></member>
      <member refid="class_camera_controller_1adec0254595a5e8ce3c3c280ced9d6e49" prot="private" virt="non-virtual"><scope>CameraController</scope><name>shootingState</name></member>
      <member refid="class_camera_controller_1a6588cf0ef64407c9582f3c739c871a28" prot="private" virt="non-virtual"><scope>CameraController</scope><name>sizeCamRef</name></member>
      <member refid="class_camera_controller_1ad0acde35e5f79d90e107f008d62d119b" prot="private" virt="non-virtual"><scope>CameraController</scope><name>smoothTime</name></member>
      <member refid="class_camera_controller_1ad4a238c6f7db3ee003302a245d860860" prot="private" virt="non-virtual"><scope>CameraController</scope><name>Start</name></member>
      <member refid="class_camera_controller_1a1fc6c07d6bb6f50e5674271e472efc60" prot="public" virt="non-virtual"><scope>CameraController</scope><name>StartShoot</name></member>
      <member refid="class_camera_controller_1a565c685f0aba1b3d10308d281fbff6fc" prot="public" virt="non-virtual"><scope>CameraController</scope><name>StopShoot</name></member>
      <member refid="class_camera_controller_1ad205f7edf5bb8aaacee0b17b983f00b8" prot="private" virt="non-virtual"><scope>CameraController</scope><name>targetPosition</name></member>
      <member refid="class_camera_controller_1a20de06b4c89f40e631f0563bca544bd6" prot="private" virt="non-virtual"><scope>CameraController</scope><name>timeShootPos</name></member>
      <member refid="class_camera_controller_1a7c4f486f4bcbd1d54a346fdce9707bd5" prot="private" virt="non-virtual"><scope>CameraController</scope><name>Update</name></member>
      <member refid="class_camera_controller_1a7008c2174dce96aa16d2b0474aeedfb6" prot="private" virt="non-virtual"><scope>CameraController</scope><name>velocity</name></member>
      <member refid="class_camera_controller_1a47d1d603f85ea6769afe7dc76f2adf9d" prot="private" virt="non-virtual"><scope>CameraController</scope><name>Zoom</name></member>
      <member refid="class_camera_controller_1ac5e7f931dc646e4a643f850da622c7c1" prot="private" virt="non-virtual"><scope>CameraController</scope><name>zoomSpeed</name></member>
    </listofallmembers>
  </compounddef>
</doxygen>
