<?xml version='1.0' encoding='UTF-8' standalone='no'?>
<doxygen xmlns:xsi="http://www.w3.org/2001/XMLSchema-instance" xsi:noNamespaceSchemaLocation="compound.xsd" version="1.13.2" xml:lang="en-US">
  <compounddef id="class_gambling_1_1_negative_1_1_decrease_giga_cat_health_event" kind="class" language="C#" prot="public">
    <compoundname>Gambling::Negative::DecreaseGigaCatHealthEvent</compoundname>
    <basecompoundref refid="class_gambling_1_1_gambling_event" prot="public" virt="non-virtual">Gambling.GamblingEvent</basecompoundref>
    <sectiondef kind="private-attrib">
      <memberdef kind="variable" id="class_gambling_1_1_negative_1_1_decrease_giga_cat_health_event_1ab24987268bfccd8df886c7acc7c8f2f3" prot="private" static="no" mutable="no">
        <type>float</type>
        <definition>float Gambling.Negative.DecreaseGigaCatHealthEvent.factor</definition>
        <argsstring></argsstring>
        <name>factor</name>
        <qualifiedname>Gambling.Negative.DecreaseGigaCatHealthEvent.factor</qualifiedname>
        <initializer>= .3f</initializer>
        <briefdescription>
<para>Множитель, на основе которого изменяется здоровье большого кота. </para>
        </briefdescription>
        <detaileddescription>
        </detaileddescription>
        <inbodydescription>
        </inbodydescription>
        <location file="Gambling/Negative/DecreaseGigaCatHealthEvent.cs" line="15" column="24" bodyfile="Gambling/Negative/DecreaseGigaCatHealthEvent.cs" bodystart="15" bodyend="-1"/>
      </memberdef>
    </sectiondef>
    <sectiondef kind="property">
      <memberdef kind="property" id="class_gambling_1_1_negative_1_1_decrease_giga_cat_health_event_1a064c34dfa0ec16e431e8f31e6b763275" prot="public" static="no" readable="no" writable="no" gettable="yes" privategettable="no" protectedgettable="no" settable="no" privatesettable="no" protectedsettable="no">
        <type>override string</type>
        <definition>override string Gambling.Negative.DecreaseGigaCatHealthEvent.Name</definition>
        <argsstring></argsstring>
        <name>Name</name>
        <qualifiedname>Gambling.Negative.DecreaseGigaCatHealthEvent.Name</qualifiedname>
        <briefdescription>
<para>Имя события. </para>
        </briefdescription>
        <detaileddescription>
        </detaileddescription>
        <inbodydescription>
        </inbodydescription>
        <location file="Gambling/Negative/DecreaseGigaCatHealthEvent.cs" line="20" column="32" bodyfile="Gambling/Negative/DecreaseGigaCatHealthEvent.cs" bodystart="20" bodyend="-1"/>
      </memberdef>
    </sectiondef>
    <sectiondef kind="public-func">
      <memberdef kind="function" id="class_gambling_1_1_negative_1_1_decrease_giga_cat_health_event_1a7c8eb1d588d8c4f2c4d089ee9cfd21f9" prot="public" static="no" const="no" explicit="no" inline="yes" virt="non-virtual">
        <type>override void</type>
        <definition>override void Gambling.Negative.DecreaseGigaCatHealthEvent.Execute</definition>
        <argsstring>(WheelOfFortune manager)</argsstring>
        <name>Execute</name>
        <qualifiedname>Gambling.Negative.DecreaseGigaCatHealthEvent.Execute</qualifiedname>
        <param>
          <type><ref refid="class_wheel_of_fortune" kindref="compound">WheelOfFortune</ref></type>
          <declname>manager</declname>
        </param>
        <briefdescription>
<para>Изменяет здоровье большого кота в зависимости от множителя. </para>
        </briefdescription>
        <detaileddescription>
<para><parameterlist kind="param"><parameteritem>
<parameternamelist>
<parametername>manager</parametername>
</parameternamelist>
<parameterdescription>
<para>Менеджер, отвечающий за управление колесом фортуны.</para>
</parameterdescription>
</parameteritem>
</parameterlist>
</para>
        </detaileddescription>
        <inbodydescription>
        </inbodydescription>
        <location file="Gambling/Negative/DecreaseGigaCatHealthEvent.cs" line="26" column="30" bodyfile="Gambling/Negative/DecreaseGigaCatHealthEvent.cs" bodystart="26" bodyend="33"/>
      </memberdef>
    </sectiondef>
    <briefdescription>
<para>Событие, уменьшающее здоровье большого кота (Giga Cat) в зависимости от заданного множителя. </para>
    </briefdescription>
    <detaileddescription>
    </detaileddescription>
    <inheritancegraph>
      <node id="1">
        <label>Gambling.Negative.DecreaseGigaCatHealthEvent</label>
        <link refid="class_gambling_1_1_negative_1_1_decrease_giga_cat_health_event"/>
        <childnode refid="2" relation="public-inheritance">
        </childnode>
      </node>
      <node id="2">
        <label>Gambling.GamblingEvent</label>
        <link refid="class_gambling_1_1_gambling_event"/>
        <childnode refid="3" relation="public-inheritance">
        </childnode>
      </node>
      <node id="3">
        <label>ScriptableObject</label>
      </node>
    </inheritancegraph>
    <collaborationgraph>
      <node id="1">
        <label>Gambling.Negative.DecreaseGigaCatHealthEvent</label>
        <link refid="class_gambling_1_1_negative_1_1_decrease_giga_cat_health_event"/>
        <childnode refid="2" relation="public-inheritance">
        </childnode>
      </node>
      <node id="2">
        <label>Gambling.GamblingEvent</label>
        <link refid="class_gambling_1_1_gambling_event"/>
        <childnode refid="3" relation="public-inheritance">
        </childnode>
      </node>
      <node id="3">
        <label>ScriptableObject</label>
      </node>
    </collaborationgraph>
    <location file="Gambling/Negative/DecreaseGigaCatHealthEvent.cs" line="10" column="11" bodyfile="Gambling/Negative/DecreaseGigaCatHealthEvent.cs" bodystart="11" bodyend="34"/>
    <listofallmembers>
      <member refid="class_gambling_1_1_negative_1_1_decrease_giga_cat_health_event_1a7c8eb1d588d8c4f2c4d089ee9cfd21f9" prot="public" virt="non-virtual"><scope>Gambling::Negative::DecreaseGigaCatHealthEvent</scope><name>Execute</name></member>
      <member refid="class_gambling_1_1_gambling_event_1a911a99e82974e8d38663d41c764e4eb1" prot="public" virt="non-virtual" ambiguityscope="Gambling::GamblingEvent."><scope>Gambling::Negative::DecreaseGigaCatHealthEvent</scope><name>Execute</name></member>
      <member refid="class_gambling_1_1_negative_1_1_decrease_giga_cat_health_event_1ab24987268bfccd8df886c7acc7c8f2f3" prot="private" virt="non-virtual"><scope>Gambling::Negative::DecreaseGigaCatHealthEvent</scope><name>factor</name></member>
      <member refid="class_gambling_1_1_negative_1_1_decrease_giga_cat_health_event_1a064c34dfa0ec16e431e8f31e6b763275" prot="public" virt="non-virtual"><scope>Gambling::Negative::DecreaseGigaCatHealthEvent</scope><name>Name</name></member>
    </listofallmembers>
  </compounddef>
</doxygen>
