<?xml version='1.0' encoding='UTF-8' standalone='no'?>
<doxygen xmlns:xsi="http://www.w3.org/2001/XMLSchema-instance" xsi:noNamespaceSchemaLocation="compound.xsd" version="1.13.2" xml:lang="en-US">
  <compounddef id="class_gambling_1_1_negative_1_1_decrease_explosion_power_event" kind="class" language="C#" prot="public">
    <compoundname>Gambling::Negative::DecreaseExplosionPowerEvent</compoundname>
    <basecompoundref refid="class_gambling_1_1_gambling_event" prot="public" virt="non-virtual">Gambling.GamblingEvent</basecompoundref>
    <sectiondef kind="private-attrib">
      <memberdef kind="variable" id="class_gambling_1_1_negative_1_1_decrease_explosion_power_event_1aeae0c2246a243ac52bd3acdf161d7b5c" prot="private" static="no" mutable="no">
        <type>float</type>
        <definition>float Gambling.Negative.DecreaseExplosionPowerEvent.factor</definition>
        <argsstring></argsstring>
        <name>factor</name>
        <qualifiedname>Gambling.Negative.DecreaseExplosionPowerEvent.factor</qualifiedname>
        <initializer>= 1.3f</initializer>
        <briefdescription>
<para>Множитель, на который делится сила взрыва. </para>
        </briefdescription>
        <detaileddescription>
        </detaileddescription>
        <inbodydescription>
        </inbodydescription>
        <location file="Gambling/Negative/DecreaseExplosionPowerEvent.cs" line="16" column="24" bodyfile="Gambling/Negative/DecreaseExplosionPowerEvent.cs" bodystart="16" bodyend="-1"/>
      </memberdef>
      <memberdef kind="variable" id="class_gambling_1_1_negative_1_1_decrease_explosion_power_event_1a1dd0e9d956e6c5994cc7942b226c6c5b" prot="private" static="no" mutable="no">
        <type>readonly List&lt; GameObject &gt;</type>
        <definition>readonly List&lt;GameObject&gt; Gambling.Negative.DecreaseExplosionPowerEvent._objects</definition>
        <argsstring></argsstring>
        <name>_objects</name>
        <qualifiedname>Gambling.Negative.DecreaseExplosionPowerEvent._objects</qualifiedname>
        <initializer>= new()</initializer>
        <briefdescription>
<para>Список объектов, с тегом &quot;Explosive&quot;, для изменения их силы взрыва. </para>
        </briefdescription>
        <detaileddescription>
        </detaileddescription>
        <inbodydescription>
        </inbodydescription>
        <location file="Gambling/Negative/DecreaseExplosionPowerEvent.cs" line="26" column="31" bodyfile="Gambling/Negative/DecreaseExplosionPowerEvent.cs" bodystart="26" bodyend="-1"/>
      </memberdef>
    </sectiondef>
    <sectiondef kind="property">
      <memberdef kind="property" id="class_gambling_1_1_negative_1_1_decrease_explosion_power_event_1a219e7a54851927dc5a6697b4d1681eed" prot="public" static="no" readable="no" writable="no" gettable="yes" privategettable="no" protectedgettable="no" settable="no" privatesettable="no" protectedsettable="no">
        <type>override string</type>
        <definition>override string Gambling.Negative.DecreaseExplosionPowerEvent.Name</definition>
        <argsstring></argsstring>
        <name>Name</name>
        <qualifiedname>Gambling.Negative.DecreaseExplosionPowerEvent.Name</qualifiedname>
        <briefdescription>
<para>Имя события. </para>
        </briefdescription>
        <detaileddescription>
        </detaileddescription>
        <inbodydescription>
        </inbodydescription>
        <location file="Gambling/Negative/DecreaseExplosionPowerEvent.cs" line="21" column="32" bodyfile="Gambling/Negative/DecreaseExplosionPowerEvent.cs" bodystart="21" bodyend="-1"/>
      </memberdef>
    </sectiondef>
    <sectiondef kind="public-func">
      <memberdef kind="function" id="class_gambling_1_1_negative_1_1_decrease_explosion_power_event_1aac9df4d355692e840d4a919082d42fbc" prot="public" static="no" const="no" explicit="no" inline="yes" virt="non-virtual">
        <type>override void</type>
        <definition>override void Gambling.Negative.DecreaseExplosionPowerEvent.Execute</definition>
        <argsstring>(WheelOfFortune manager)</argsstring>
        <name>Execute</name>
        <qualifiedname>Gambling.Negative.DecreaseExplosionPowerEvent.Execute</qualifiedname>
        <param>
          <type><ref refid="class_wheel_of_fortune" kindref="compound">WheelOfFortune</ref></type>
          <declname>manager</declname>
        </param>
        <briefdescription>
<para>Находит все объекты с тегом &quot;Explosive&quot; и уменьшает их силу взрыва. </para>
        </briefdescription>
        <detaileddescription>
<para><parameterlist kind="param"><parameteritem>
<parameternamelist>
<parametername>manager</parametername>
</parameternamelist>
<parameterdescription>
<para>Менеджер, отвечающий за управление колесом фортуны.</para>
</parameterdescription>
</parameteritem>
</parameterlist>
</para>
        </detaileddescription>
        <inbodydescription>
        </inbodydescription>
        <location file="Gambling/Negative/DecreaseExplosionPowerEvent.cs" line="32" column="30" bodyfile="Gambling/Negative/DecreaseExplosionPowerEvent.cs" bodystart="32" bodyend="41"/>
      </memberdef>
    </sectiondef>
    <briefdescription>
<para>Событие, уменьшающее силу взрыва для всех объектов с тегом &quot;Explosive&quot;. </para>
    </briefdescription>
    <detaileddescription>
    </detaileddescription>
    <inheritancegraph>
      <node id="1">
        <label>Gambling.Negative.DecreaseExplosionPowerEvent</label>
        <link refid="class_gambling_1_1_negative_1_1_decrease_explosion_power_event"/>
        <childnode refid="2" relation="public-inheritance">
        </childnode>
      </node>
      <node id="2">
        <label>Gambling.GamblingEvent</label>
        <link refid="class_gambling_1_1_gambling_event"/>
        <childnode refid="3" relation="public-inheritance">
        </childnode>
      </node>
      <node id="3">
        <label>ScriptableObject</label>
      </node>
    </inheritancegraph>
    <collaborationgraph>
      <node id="1">
        <label>Gambling.Negative.DecreaseExplosionPowerEvent</label>
        <link refid="class_gambling_1_1_negative_1_1_decrease_explosion_power_event"/>
        <childnode refid="2" relation="public-inheritance">
        </childnode>
      </node>
      <node id="2">
        <label>Gambling.GamblingEvent</label>
        <link refid="class_gambling_1_1_gambling_event"/>
        <childnode refid="3" relation="public-inheritance">
        </childnode>
      </node>
      <node id="3">
        <label>ScriptableObject</label>
      </node>
    </collaborationgraph>
    <location file="Gambling/Negative/DecreaseExplosionPowerEvent.cs" line="11" column="11" bodyfile="Gambling/Negative/DecreaseExplosionPowerEvent.cs" bodystart="12" bodyend="42"/>
    <listofallmembers>
      <member refid="class_gambling_1_1_negative_1_1_decrease_explosion_power_event_1a1dd0e9d956e6c5994cc7942b226c6c5b" prot="private" virt="non-virtual"><scope>Gambling::Negative::DecreaseExplosionPowerEvent</scope><name>_objects</name></member>
      <member refid="class_gambling_1_1_negative_1_1_decrease_explosion_power_event_1aac9df4d355692e840d4a919082d42fbc" prot="public" virt="non-virtual"><scope>Gambling::Negative::DecreaseExplosionPowerEvent</scope><name>Execute</name></member>
      <member refid="class_gambling_1_1_gambling_event_1a911a99e82974e8d38663d41c764e4eb1" prot="public" virt="non-virtual" ambiguityscope="Gambling::GamblingEvent."><scope>Gambling::Negative::DecreaseExplosionPowerEvent</scope><name>Execute</name></member>
      <member refid="class_gambling_1_1_negative_1_1_decrease_explosion_power_event_1aeae0c2246a243ac52bd3acdf161d7b5c" prot="private" virt="non-virtual"><scope>Gambling::Negative::DecreaseExplosionPowerEvent</scope><name>factor</name></member>
      <member refid="class_gambling_1_1_negative_1_1_decrease_explosion_power_event_1a219e7a54851927dc5a6697b4d1681eed" prot="public" virt="non-virtual"><scope>Gambling::Negative::DecreaseExplosionPowerEvent</scope><name>Name</name></member>
    </listofallmembers>
  </compounddef>
</doxygen>
