<?xml version='1.0' encoding='UTF-8' standalone='no'?>
<doxygen xmlns:xsi="http://www.w3.org/2001/XMLSchema-instance" xsi:noNamespaceSchemaLocation="compound.xsd" version="1.13.2" xml:lang="en-US">
  <compounddef id="class_inverse_mask" kind="class" language="C#" prot="public">
    <compoundname>InverseMask</compoundname>
    <basecompoundref prot="public" virt="non-virtual">Image</basecompoundref>
    <sectiondef kind="property">
      <memberdef kind="property" id="class_inverse_mask_1a8b93ed0e2d468fa688be7bf804829399" prot="public" static="no" readable="no" writable="no" gettable="yes" privategettable="no" protectedgettable="no" settable="no" privatesettable="no" protectedsettable="no">
        <type>override Material</type>
        <definition>override Material InverseMask.materialForRendering</definition>
        <argsstring></argsstring>
        <name>materialForRendering</name>
        <qualifiedname>InverseMask.materialForRendering</qualifiedname>
        <briefdescription>
        </briefdescription>
        <detaileddescription>
        </detaileddescription>
        <inbodydescription>
        </inbodydescription>
        <location file="Menu/InverseMask.cs" line="7" column="30" bodyfile="Menu/InverseMask.cs" bodystart="7" bodyend="13"/>
      </memberdef>
    </sectiondef>
    <briefdescription>
    </briefdescription>
    <detaileddescription>
    </detaileddescription>
    <inheritancegraph>
      <node id="2">
        <label>Image</label>
      </node>
      <node id="1">
        <label>InverseMask</label>
        <link refid="class_inverse_mask"/>
        <childnode refid="2" relation="public-inheritance">
        </childnode>
      </node>
    </inheritancegraph>
    <collaborationgraph>
      <node id="2">
        <label>Image</label>
      </node>
      <node id="1">
        <label>InverseMask</label>
        <link refid="class_inverse_mask"/>
        <childnode refid="2" relation="public-inheritance">
        </childnode>
      </node>
    </collaborationgraph>
    <location file="Menu/InverseMask.cs" line="5" column="7" bodyfile="Menu/InverseMask.cs" bodystart="6" bodyend="14"/>
    <listofallmembers>
      <member refid="class_inverse_mask_1a8b93ed0e2d468fa688be7bf804829399" prot="public" virt="non-virtual"><scope>InverseMask</scope><name>materialForRendering</name></member>
    </listofallmembers>
  </compounddef>
</doxygen>
