<?xml version='1.0' encoding='UTF-8' standalone='no'?>
<doxygen xmlns:xsi="http://www.w3.org/2001/XMLSchema-instance" xsi:noNamespaceSchemaLocation="compound.xsd" version="1.13.2" xml:lang="en-US">
  <compounddef id="class_image_manager_1_1frame" kind="class" language="C#" prot="public">
    <compoundname>ImageManager::frame</compoundname>
    <sectiondef kind="public-attrib">
      <memberdef kind="variable" id="class_image_manager_1_1frame_1adef49655094cddf26b0084f8dc464aef" prot="public" static="no" mutable="no">
        <type>Sprite</type>
        <definition>Sprite ImageManager.frame.nextSprite</definition>
        <argsstring></argsstring>
        <name>nextSprite</name>
        <qualifiedname>ImageManager.frame.nextSprite</qualifiedname>
        <briefdescription>
<para>Следующий спрайт для отображения. </para>
        </briefdescription>
        <detaileddescription>
        </detaileddescription>
        <inbodydescription>
        </inbodydescription>
        <location file="Film/ImageManager.cs" line="53" column="23" bodyfile="Film/ImageManager.cs" bodystart="53" bodyend="-1"/>
      </memberdef>
      <memberdef kind="variable" id="class_image_manager_1_1frame_1a170aca3e7ace4a15223003584b388be9" prot="public" static="no" mutable="no">
        <type>Vector2</type>
        <definition>Vector2 ImageManager.frame.maskOffset</definition>
        <argsstring></argsstring>
        <name>maskOffset</name>
        <qualifiedname>ImageManager.frame.maskOffset</qualifiedname>
        <briefdescription>
<para>Смещение маски для текущего кадра. </para>
        </briefdescription>
        <detaileddescription>
        </detaileddescription>
        <inbodydescription>
        </inbodydescription>
        <location file="Film/ImageManager.cs" line="58" column="24" bodyfile="Film/ImageManager.cs" bodystart="58" bodyend="-1"/>
      </memberdef>
      <memberdef kind="variable" id="class_image_manager_1_1frame_1a79ae63f70026f3dc5b81da504743e49b" prot="public" static="no" mutable="no">
        <type>float</type>
        <definition>float ImageManager.frame.timeMask</definition>
        <argsstring></argsstring>
        <name>timeMask</name>
        <qualifiedname>ImageManager.frame.timeMask</qualifiedname>
        <briefdescription>
<para>Время, на которое маска будет изменяться. </para>
        </briefdescription>
        <detaileddescription>
        </detaileddescription>
        <inbodydescription>
        </inbodydescription>
        <location file="Film/ImageManager.cs" line="63" column="22" bodyfile="Film/ImageManager.cs" bodystart="63" bodyend="-1"/>
      </memberdef>
      <memberdef kind="variable" id="class_image_manager_1_1frame_1a852f3987bbb1250cf12779655ba24992" prot="public" static="no" mutable="no">
        <type>Material</type>
        <definition>Material ImageManager.frame.material</definition>
        <argsstring></argsstring>
        <name>material</name>
        <qualifiedname>ImageManager.frame.material</qualifiedname>
        <briefdescription>
<para>Материал, который используется для отображения спрайта. </para>
        </briefdescription>
        <detaileddescription>
        </detaileddescription>
        <inbodydescription>
        </inbodydescription>
        <location file="Film/ImageManager.cs" line="68" column="25" bodyfile="Film/ImageManager.cs" bodystart="68" bodyend="-1"/>
      </memberdef>
      <memberdef kind="variable" id="class_image_manager_1_1frame_1ad804d553aa2cc99bf185a0de2a075106" prot="public" static="no" mutable="no">
        <type>int</type>
        <definition>int ImageManager.frame.activeImg</definition>
        <argsstring></argsstring>
        <name>activeImg</name>
        <qualifiedname>ImageManager.frame.activeImg</qualifiedname>
        <briefdescription>
<para>Индекс активного изображения для текущего кадра. </para>
        </briefdescription>
        <detaileddescription>
        </detaileddescription>
        <inbodydescription>
        </inbodydescription>
        <location file="Film/ImageManager.cs" line="73" column="20" bodyfile="Film/ImageManager.cs" bodystart="73" bodyend="-1"/>
      </memberdef>
      <memberdef kind="variable" id="class_image_manager_1_1frame_1ad3d4f2eed3a2b618eda3ecedfc811a8a" prot="public" static="no" mutable="no">
        <type>float</type>
        <definition>float ImageManager.frame.maxScaleAdd</definition>
        <argsstring></argsstring>
        <name>maxScaleAdd</name>
        <qualifiedname>ImageManager.frame.maxScaleAdd</qualifiedname>
        <briefdescription>
<para>Максимальное добавление масштаба для текущего кадра. </para>
        </briefdescription>
        <detaileddescription>
        </detaileddescription>
        <inbodydescription>
        </inbodydescription>
        <location file="Film/ImageManager.cs" line="78" column="22" bodyfile="Film/ImageManager.cs" bodystart="78" bodyend="-1"/>
      </memberdef>
      <memberdef kind="variable" id="class_image_manager_1_1frame_1a1b79b3a3cba8f5cfac95a7eaa6cc7d22" prot="public" static="no" mutable="no">
        <type>float</type>
        <definition>float ImageManager.frame.timeImg</definition>
        <argsstring></argsstring>
        <name>timeImg</name>
        <qualifiedname>ImageManager.frame.timeImg</qualifiedname>
        <briefdescription>
<para>Время, за которое изменяется изображение. </para>
        </briefdescription>
        <detaileddescription>
        </detaileddescription>
        <inbodydescription>
        </inbodydescription>
        <location file="Film/ImageManager.cs" line="83" column="22" bodyfile="Film/ImageManager.cs" bodystart="83" bodyend="-1"/>
      </memberdef>
      <memberdef kind="variable" id="class_image_manager_1_1frame_1aa3b9975b91f466eb9d78c57c28beb2ea" prot="public" static="no" mutable="no">
        <type>float</type>
        <definition>float ImageManager.frame.fadeTime</definition>
        <argsstring></argsstring>
        <name>fadeTime</name>
        <qualifiedname>ImageManager.frame.fadeTime</qualifiedname>
        <briefdescription>
<para>Время, за которое происходит фейд изображения. </para>
        </briefdescription>
        <detaileddescription>
        </detaileddescription>
        <inbodydescription>
        </inbodydescription>
        <location file="Film/ImageManager.cs" line="88" column="22" bodyfile="Film/ImageManager.cs" bodystart="88" bodyend="-1"/>
      </memberdef>
      <memberdef kind="variable" id="class_image_manager_1_1frame_1ab6a6a8648c9c989dbb67a371fb94774e" prot="public" static="no" mutable="no">
        <type>Vector3</type>
        <definition>Vector3 ImageManager.frame.targetScale</definition>
        <argsstring></argsstring>
        <name>targetScale</name>
        <qualifiedname>ImageManager.frame.targetScale</qualifiedname>
        <briefdescription>
<para>Целевой масштаб для анимации. </para>
        </briefdescription>
        <detaileddescription>
        </detaileddescription>
        <inbodydescription>
        </inbodydescription>
        <location file="Film/ImageManager.cs" line="94" column="24" bodyfile="Film/ImageManager.cs" bodystart="94" bodyend="-1"/>
      </memberdef>
    </sectiondef>
    <briefdescription>
<para>Класс, который хранит информацию о каждом кадре анимации. </para>
    </briefdescription>
    <detaileddescription>
    </detaileddescription>
    <location file="Film/ImageManager.cs" line="48" column="11" bodyfile="Film/ImageManager.cs" bodystart="49" bodyend="95"/>
    <listofallmembers>
      <member refid="class_image_manager_1_1frame_1ad804d553aa2cc99bf185a0de2a075106" prot="public" virt="non-virtual"><scope>ImageManager::frame</scope><name>activeImg</name></member>
      <member refid="class_image_manager_1_1frame_1aa3b9975b91f466eb9d78c57c28beb2ea" prot="public" virt="non-virtual"><scope>ImageManager::frame</scope><name>fadeTime</name></member>
      <member refid="class_image_manager_1_1frame_1a170aca3e7ace4a15223003584b388be9" prot="public" virt="non-virtual"><scope>ImageManager::frame</scope><name>maskOffset</name></member>
      <member refid="class_image_manager_1_1frame_1a852f3987bbb1250cf12779655ba24992" prot="public" virt="non-virtual"><scope>ImageManager::frame</scope><name>material</name></member>
      <member refid="class_image_manager_1_1frame_1ad3d4f2eed3a2b618eda3ecedfc811a8a" prot="public" virt="non-virtual"><scope>ImageManager::frame</scope><name>maxScaleAdd</name></member>
      <member refid="class_image_manager_1_1frame_1adef49655094cddf26b0084f8dc464aef" prot="public" virt="non-virtual"><scope>ImageManager::frame</scope><name>nextSprite</name></member>
      <member refid="class_image_manager_1_1frame_1ab6a6a8648c9c989dbb67a371fb94774e" prot="public" virt="non-virtual"><scope>ImageManager::frame</scope><name>targetScale</name></member>
      <member refid="class_image_manager_1_1frame_1a1b79b3a3cba8f5cfac95a7eaa6cc7d22" prot="public" virt="non-virtual"><scope>ImageManager::frame</scope><name>timeImg</name></member>
      <member refid="class_image_manager_1_1frame_1a79ae63f70026f3dc5b81da504743e49b" prot="public" virt="non-virtual"><scope>ImageManager::frame</scope><name>timeMask</name></member>
    </listofallmembers>
  </compounddef>
</doxygen>
