<?xml version='1.0' encoding='UTF-8' standalone='no'?>
<doxygen xmlns:xsi="http://www.w3.org/2001/XMLSchema-instance" xsi:noNamespaceSchemaLocation="compound.xsd" version="1.13.2" xml:lang="en-US">
  <compounddef id="class_stupid_throwable_cat" kind="class" language="C#" prot="public">
    <compoundname>StupidThrowableCat</compoundname>
    <basecompoundref refid="class_throwable_cat" prot="public" virt="non-virtual">ThrowableCat</basecompoundref>
    <sectiondef kind="private-attrib">
      <memberdef kind="variable" id="class_stupid_throwable_cat_1aba34f77b7f986ef0f67880c785c368ea" prot="private" static="no" mutable="no">
        <type>float</type>
        <definition>float StupidThrowableCat.timeReach</definition>
        <argsstring></argsstring>
        <name>timeReach</name>
        <qualifiedname>StupidThrowableCat.timeReach</qualifiedname>
        <briefdescription>
<para>Время, за которое кошка достигает целевой позиции перед применением силы. </para>
        </briefdescription>
        <detaileddescription>
        </detaileddescription>
        <inbodydescription>
        </inbodydescription>
        <location file="Projectiles/StupidThrowableCat.cs" line="11" column="20" bodyfile="Projectiles/StupidThrowableCat.cs" bodystart="11" bodyend="-1"/>
      </memberdef>
      <memberdef kind="variable" id="class_stupid_throwable_cat_1aef8b485634407b19907288f075a46881" prot="private" static="no" mutable="no">
        <type>float</type>
        <definition>float StupidThrowableCat.forceAfter</definition>
        <argsstring></argsstring>
        <name>forceAfter</name>
        <qualifiedname>StupidThrowableCat.forceAfter</qualifiedname>
        <briefdescription>
<para>Сила, прикладываемая после достижения целевой позиции. </para>
        </briefdescription>
        <detaileddescription>
        </detaileddescription>
        <inbodydescription>
        </inbodydescription>
        <location file="Projectiles/StupidThrowableCat.cs" line="16" column="20" bodyfile="Projectiles/StupidThrowableCat.cs" bodystart="16" bodyend="-1"/>
      </memberdef>
      <memberdef kind="variable" id="class_stupid_throwable_cat_1a8383269747a5222ca1e43e1816a9d6ce" prot="private" static="no" mutable="no">
        <type>float</type>
        <definition>float StupidThrowableCat.damageOnTouch</definition>
        <argsstring></argsstring>
        <name>damageOnTouch</name>
        <qualifiedname>StupidThrowableCat.damageOnTouch</qualifiedname>
        <briefdescription>
<para>Урон при касании объекта. </para>
        </briefdescription>
        <detaileddescription>
        </detaileddescription>
        <inbodydescription>
        </inbodydescription>
        <location file="Projectiles/StupidThrowableCat.cs" line="21" column="20" bodyfile="Projectiles/StupidThrowableCat.cs" bodystart="21" bodyend="-1"/>
      </memberdef>
      <memberdef kind="variable" id="class_stupid_throwable_cat_1a2af343cd31338036c477daca4e4110c2" prot="private" static="no" mutable="no">
        <type>Vector3</type>
        <definition>Vector3 StupidThrowableCat.dir</definition>
        <argsstring></argsstring>
        <name>dir</name>
        <qualifiedname>StupidThrowableCat.dir</qualifiedname>
        <briefdescription>
        </briefdescription>
        <detaileddescription>
        </detaileddescription>
        <inbodydescription>
        </inbodydescription>
        <location file="Projectiles/StupidThrowableCat.cs" line="23" column="21" bodyfile="Projectiles/StupidThrowableCat.cs" bodystart="23" bodyend="-1"/>
      </memberdef>
      <memberdef kind="variable" id="class_stupid_throwable_cat_1a151dc40d8a2fedecab562f9e24c30393" prot="private" static="no" mutable="no">
        <type>bool</type>
        <definition>bool StupidThrowableCat.active</definition>
        <argsstring></argsstring>
        <name>active</name>
        <qualifiedname>StupidThrowableCat.active</qualifiedname>
        <briefdescription>
        </briefdescription>
        <detaileddescription>
        </detaileddescription>
        <inbodydescription>
        </inbodydescription>
        <location file="Projectiles/StupidThrowableCat.cs" line="24" column="18" bodyfile="Projectiles/StupidThrowableCat.cs" bodystart="24" bodyend="-1"/>
      </memberdef>
      <memberdef kind="variable" id="class_stupid_throwable_cat_1a55bca6afd0d28e35798c36a420598c30" prot="private" static="no" mutable="no">
        <type>float</type>
        <definition>float StupidThrowableCat.tlerp</definition>
        <argsstring></argsstring>
        <name>tlerp</name>
        <qualifiedname>StupidThrowableCat.tlerp</qualifiedname>
        <briefdescription>
        </briefdescription>
        <detaileddescription>
        </detaileddescription>
        <inbodydescription>
        </inbodydescription>
        <location file="Projectiles/StupidThrowableCat.cs" line="25" column="19" bodyfile="Projectiles/StupidThrowableCat.cs" bodystart="25" bodyend="-1"/>
      </memberdef>
      <memberdef kind="variable" id="class_stupid_throwable_cat_1a9633973b0be0b9d47a263e05bf925c6d" prot="private" static="no" mutable="no">
        <type>Vector3</type>
        <definition>Vector3 StupidThrowableCat.startPos</definition>
        <argsstring></argsstring>
        <name>startPos</name>
        <qualifiedname>StupidThrowableCat.startPos</qualifiedname>
        <briefdescription>
        </briefdescription>
        <detaileddescription>
        </detaileddescription>
        <inbodydescription>
        </inbodydescription>
        <location file="Projectiles/StupidThrowableCat.cs" line="26" column="21" bodyfile="Projectiles/StupidThrowableCat.cs" bodystart="26" bodyend="-1"/>
      </memberdef>
      <memberdef kind="variable" id="class_stupid_throwable_cat_1a78cb0eeb157616dbe37795834a3479f1" prot="private" static="no" mutable="no">
        <type>Vector3</type>
        <definition>Vector3 StupidThrowableCat.endPos</definition>
        <argsstring></argsstring>
        <name>endPos</name>
        <qualifiedname>StupidThrowableCat.endPos</qualifiedname>
        <briefdescription>
        </briefdescription>
        <detaileddescription>
        </detaileddescription>
        <inbodydescription>
        </inbodydescription>
        <location file="Projectiles/StupidThrowableCat.cs" line="27" column="21" bodyfile="Projectiles/StupidThrowableCat.cs" bodystart="27" bodyend="-1"/>
      </memberdef>
    </sectiondef>
    <sectiondef kind="public-func">
      <memberdef kind="function" id="class_stupid_throwable_cat_1ae06d8f9905973e29a9dd7da5bbaa3060" prot="public" static="no" const="no" explicit="no" inline="yes" virt="virtual">
        <type>override void</type>
        <definition>override void StupidThrowableCat.Launch</definition>
        <argsstring>(Vector3 vel, Vector3? finalpos=null)</argsstring>
        <name>Launch</name>
        <qualifiedname>StupidThrowableCat.Launch</qualifiedname>
        <reimplements refid="class_throwable_cat_1ad2659f2677062288074d19709af126b9">Launch</reimplements>
        <param>
          <type>Vector3</type>
          <declname>vel</declname>
        </param>
        <param>
          <type>Vector3?</type>
          <declname>finalpos</declname>
          <defval>null</defval>
        </param>
        <briefdescription>
<para>Запускает кошку с заданной скоростью и, при необходимости, конечной позицией. </para>
        </briefdescription>
        <detaileddescription>
<para><parameterlist kind="param"><parameteritem>
<parameternamelist>
<parametername>vel</parametername>
</parameternamelist>
<parameterdescription>
<para>Начальная скорость.</para>
</parameterdescription>
</parameteritem>
<parameteritem>
<parameternamelist>
<parametername>finalpos</parametername>
</parameternamelist>
<parameterdescription>
<para>Финальная позиция (необязательно).</para>
</parameterdescription>
</parameteritem>
</parameterlist>
</para>
        </detaileddescription>
        <inbodydescription>
        </inbodydescription>
        <location file="Projectiles/StupidThrowableCat.cs" line="34" column="26" bodyfile="Projectiles/StupidThrowableCat.cs" bodystart="34" bodyend="43"/>
      </memberdef>
    </sectiondef>
    <sectiondef kind="private-func">
      <memberdef kind="function" id="class_stupid_throwable_cat_1af694c2e33fe3f4d365f8817c7c5990e4" prot="private" static="no" const="no" explicit="no" inline="yes" virt="non-virtual">
        <type>void</type>
        <definition>void StupidThrowableCat.Update</definition>
        <argsstring>()</argsstring>
        <name>Update</name>
        <qualifiedname>StupidThrowableCat.Update</qualifiedname>
        <briefdescription>
<para>Обновляет положение кошки, выполняя плавную интерполяцию к цели. </para>
        </briefdescription>
        <detaileddescription>
        </detaileddescription>
        <inbodydescription>
        </inbodydescription>
        <location file="Projectiles/StupidThrowableCat.cs" line="48" column="18" bodyfile="Projectiles/StupidThrowableCat.cs" bodystart="48" bodyend="60"/>
      </memberdef>
    </sectiondef>
    <sectiondef kind="protected-func">
      <memberdef kind="function" id="class_stupid_throwable_cat_1a92007a7bcf462d952b2b44dfa33a6498" prot="protected" static="no" const="no" explicit="no" inline="yes" virt="virtual">
        <type>override void</type>
        <definition>override void StupidThrowableCat.OnCollisionEnter</definition>
        <argsstring>(Collision other)</argsstring>
        <name>OnCollisionEnter</name>
        <qualifiedname>StupidThrowableCat.OnCollisionEnter</qualifiedname>
        <reimplements refid="class_throwable_cat_1a8e6b1246c6afe4844eac288575a7cd2c">OnCollisionEnter</reimplements>
        <param>
          <type>Collision</type>
          <declname>other</declname>
        </param>
        <briefdescription>
<para>Обрабатывает столкновение с объектом, нанося урон и управляя эффектами. </para>
        </briefdescription>
        <detaileddescription>
<para><parameterlist kind="param"><parameteritem>
<parameternamelist>
<parametername>other</parametername>
</parameternamelist>
<parameterdescription>
<para>Объект столкновения.</para>
</parameterdescription>
</parameteritem>
</parameterlist>
</para>
        </detaileddescription>
        <inbodydescription>
        </inbodydescription>
        <location file="Projectiles/StupidThrowableCat.cs" line="66" column="29" bodyfile="Projectiles/StupidThrowableCat.cs" bodystart="66" bodyend="87"/>
      </memberdef>
    </sectiondef>
    <briefdescription>
<para>Класс, представляющий &quot;глупую&quot; метаемую кошку с нестандартной физикой полета. </para>
    </briefdescription>
    <detaileddescription>
    </detaileddescription>
    <inheritancegraph>
      <node id="3">
        <label>MonoBehaviour</label>
      </node>
      <node id="1">
        <label>StupidThrowableCat</label>
        <link refid="class_stupid_throwable_cat"/>
        <childnode refid="2" relation="public-inheritance">
        </childnode>
      </node>
      <node id="2">
        <label>ThrowableCat</label>
        <link refid="class_throwable_cat"/>
        <childnode refid="3" relation="public-inheritance">
        </childnode>
      </node>
    </inheritancegraph>
    <collaborationgraph>
      <node id="4">
        <label>GameManager</label>
        <link refid="class_game_manager"/>
        <childnode refid="3" relation="public-inheritance">
        </childnode>
      </node>
      <node id="3">
        <label>MonoBehaviour</label>
      </node>
      <node id="1">
        <label>StupidThrowableCat</label>
        <link refid="class_stupid_throwable_cat"/>
        <childnode refid="2" relation="public-inheritance">
        </childnode>
      </node>
      <node id="2">
        <label>ThrowableCat</label>
        <link refid="class_throwable_cat"/>
        <childnode refid="3" relation="public-inheritance">
        </childnode>
        <childnode refid="4" relation="usage">
          <edgelabel>type</edgelabel>
        </childnode>
      </node>
    </collaborationgraph>
    <location file="Projectiles/StupidThrowableCat.cs" line="6" column="7" bodyfile="Projectiles/StupidThrowableCat.cs" bodystart="7" bodyend="88"/>
    <listofallmembers>
      <member refid="class_stupid_throwable_cat_1a151dc40d8a2fedecab562f9e24c30393" prot="private" virt="non-virtual"><scope>StupidThrowableCat</scope><name>active</name></member>
      <member refid="class_throwable_cat_1aaca5232d0f1b7b3ae46dc62440a372ff" prot="protected" virt="non-virtual"><scope>StupidThrowableCat</scope><name>AmountOfAvaliableDamage</name></member>
      <member refid="class_stupid_throwable_cat_1a8383269747a5222ca1e43e1816a9d6ce" prot="private" virt="non-virtual"><scope>StupidThrowableCat</scope><name>damageOnTouch</name></member>
      <member refid="class_stupid_throwable_cat_1a2af343cd31338036c477daca4e4110c2" prot="private" virt="non-virtual"><scope>StupidThrowableCat</scope><name>dir</name></member>
      <member refid="class_stupid_throwable_cat_1a78cb0eeb157616dbe37795834a3479f1" prot="private" virt="non-virtual"><scope>StupidThrowableCat</scope><name>endPos</name></member>
      <member refid="class_stupid_throwable_cat_1aef8b485634407b19907288f075a46881" prot="private" virt="non-virtual"><scope>StupidThrowableCat</scope><name>forceAfter</name></member>
      <member refid="class_throwable_cat_1a6dc9068c7fd2781e6b02d0c7e7150fff" prot="public" virt="virtual"><scope>StupidThrowableCat</scope><name>GetCustomGravity</name></member>
      <member refid="class_throwable_cat_1aae705fcf0792e5f207d4290bfb1e73af" prot="public" virt="virtual"><scope>StupidThrowableCat</scope><name>GetMass</name></member>
      <member refid="class_throwable_cat_1adaacee67d6d96b928854bbb6206375e0" prot="protected" virt="non-virtual"><scope>StupidThrowableCat</scope><name>hitDamange</name></member>
      <member refid="class_throwable_cat_1a0bd649c9fc25767442e71bb7ff288724" prot="protected" virt="non-virtual"><scope>StupidThrowableCat</scope><name>hitSound</name></member>
      <member refid="class_stupid_throwable_cat_1ae06d8f9905973e29a9dd7da5bbaa3060" prot="public" virt="virtual"><scope>StupidThrowableCat</scope><name>Launch</name></member>
      <member refid="class_throwable_cat_1a677c9f0d632a62a542a7b31c2848e120" prot="public" virt="virtual"><scope>StupidThrowableCat</scope><name>MakeMeKinematic</name></member>
      <member refid="class_throwable_cat_1accc574e28b5d27bbe4d31a820febbf8e" prot="protected" virt="non-virtual"><scope>StupidThrowableCat</scope><name>maxAmountDmg</name></member>
      <member refid="class_stupid_throwable_cat_1a92007a7bcf462d952b2b44dfa33a6498" prot="protected" virt="virtual"><scope>StupidThrowableCat</scope><name>OnCollisionEnter</name></member>
      <member refid="class_throwable_cat_1a84f4b0e1aa53cad8ac458b43fb78e48e" prot="public" virt="non-virtual"><scope>StupidThrowableCat</scope><name>PlayVFX</name></member>
      <member refid="class_throwable_cat_1ab114c984f04720a4f711e5fd7e8840c9" prot="protected" virt="non-virtual"><scope>StupidThrowableCat</scope><name>rb</name></member>
      <member refid="class_throwable_cat_1a998bd5e21b31426825aa91a0afcd0480" prot="public" virt="virtual"><scope>StupidThrowableCat</scope><name>SetVelocity</name></member>
      <member refid="class_throwable_cat_1a59d8977bbfa467ae983955c753e321c0" prot="public" virt="virtual"><scope>StupidThrowableCat</scope><name>Start</name></member>
      <member refid="class_stupid_throwable_cat_1a9633973b0be0b9d47a263e05bf925c6d" prot="private" virt="non-virtual"><scope>StupidThrowableCat</scope><name>startPos</name></member>
      <member refid="class_throwable_cat_1ab106593a1f28926a7faee51a431dad67" prot="protected" virt="non-virtual"><scope>StupidThrowableCat</scope><name>throwSound</name></member>
      <member refid="class_throwable_cat_1ab0f52528c17aafe23150f47200b7d98d" prot="protected" virt="non-virtual"><scope>StupidThrowableCat</scope><name>timeDespawn</name></member>
      <member refid="class_stupid_throwable_cat_1aba34f77b7f986ef0f67880c785c368ea" prot="private" virt="non-virtual"><scope>StupidThrowableCat</scope><name>timeReach</name></member>
      <member refid="class_stupid_throwable_cat_1a55bca6afd0d28e35798c36a420598c30" prot="private" virt="non-virtual"><scope>StupidThrowableCat</scope><name>tlerp</name></member>
      <member refid="class_throwable_cat_1a04dbef0fc1e250f68d7cb3367ea7c919" prot="protected" virt="non-virtual"><scope>StupidThrowableCat</scope><name>trailVFX</name></member>
      <member refid="class_throwable_cat_1a1610159512b1765582744ed2cf57aa83" prot="public" virt="non-virtual"><scope>StupidThrowableCat</scope><name>type</name></member>
      <member refid="class_stupid_throwable_cat_1af694c2e33fe3f4d365f8817c7c5990e4" prot="private" virt="non-virtual"><scope>StupidThrowableCat</scope><name>Update</name></member>
      <member refid="class_throwable_cat_1a6db21295876c0d7ea2e3a3f82b53821a" prot="protected" virt="non-virtual"><scope>StupidThrowableCat</scope><name>vfxPuff</name></member>
    </listofallmembers>
  </compounddef>
</doxygen>
