<?xml version='1.0' encoding='UTF-8' standalone='no'?>
<doxygen xmlns:xsi="http://www.w3.org/2001/XMLSchema-instance" xsi:noNamespaceSchemaLocation="compound.xsd" version="1.13.2" xml:lang="en-US">
  <compounddef id="class_slingshot" kind="class" language="C#" prot="public">
    <compoundname>Slingshot</compoundname>
    <basecompoundref prot="public" virt="non-virtual">MonoBehaviour</basecompoundref>
    <sectiondef kind="public-attrib">
      <memberdef kind="variable" id="class_slingshot_1a9cbfbcc50cff9a1dc7fa58bc1f4c4845" prot="public" static="no" mutable="no">
        <type>Transform</type>
        <definition>Transform Slingshot.slingOrigin</definition>
        <argsstring></argsstring>
        <name>slingOrigin</name>
        <qualifiedname>Slingshot.slingOrigin</qualifiedname>
        <briefdescription>
<para>Местоположение начала рогатки. </para>
        </briefdescription>
        <detaileddescription>
        </detaileddescription>
        <inbodydescription>
        </inbodydescription>
        <location file="Slingshot.cs" line="17" column="22" bodyfile="Slingshot.cs" bodystart="17" bodyend="-1"/>
      </memberdef>
      <memberdef kind="variable" id="class_slingshot_1a4b2da38a7e0523ccda92d848807e4623" prot="public" static="no" mutable="no">
        <type>float</type>
        <definition>float Slingshot.maxStretch</definition>
        <argsstring></argsstring>
        <name>maxStretch</name>
        <qualifiedname>Slingshot.maxStretch</qualifiedname>
        <initializer>= 3f</initializer>
        <briefdescription>
<para>Максимальное растяжение рогатки. </para>
        </briefdescription>
        <detaileddescription>
        </detaileddescription>
        <inbodydescription>
        </inbodydescription>
        <location file="Slingshot.cs" line="22" column="18" bodyfile="Slingshot.cs" bodystart="22" bodyend="-1"/>
      </memberdef>
      <memberdef kind="variable" id="class_slingshot_1a27c0f77d8a9be1ccca1c9ecf9b29f934" prot="public" static="no" mutable="no">
        <type>Vector3</type>
        <definition>Vector3 Slingshot.launchForceMultiplier</definition>
        <argsstring></argsstring>
        <name>launchForceMultiplier</name>
        <qualifiedname>Slingshot.launchForceMultiplier</qualifiedname>
        <briefdescription>
<para>Множитель силы для запуска. </para>
        </briefdescription>
        <detaileddescription>
        </detaileddescription>
        <inbodydescription>
        </inbodydescription>
        <location file="Slingshot.cs" line="27" column="20" bodyfile="Slingshot.cs" bodystart="27" bodyend="-1"/>
      </memberdef>
      <memberdef kind="variable" id="class_slingshot_1ae141aafe205b3ef425c3a93796c5cd21" prot="public" static="no" mutable="no">
        <type>float</type>
        <definition>float Slingshot.maxAngle</definition>
        <argsstring></argsstring>
        <name>maxAngle</name>
        <qualifiedname>Slingshot.maxAngle</qualifiedname>
        <initializer>= 60f</initializer>
        <briefdescription>
<para>Максимальный угол растяжения рогатки. </para>
        </briefdescription>
        <detaileddescription>
        </detaileddescription>
        <inbodydescription>
        </inbodydescription>
        <location file="Slingshot.cs" line="32" column="18" bodyfile="Slingshot.cs" bodystart="32" bodyend="-1"/>
      </memberdef>
      <memberdef kind="variable" id="class_slingshot_1a6a50ef3845a343a0676dcd00d227d5e5" prot="public" static="no" mutable="no">
        <type>float</type>
        <definition>float Slingshot.minAngle</definition>
        <argsstring></argsstring>
        <name>minAngle</name>
        <qualifiedname>Slingshot.minAngle</qualifiedname>
        <initializer>= 0f</initializer>
        <briefdescription>
<para>Минимальный угол растяжения рогатки. </para>
        </briefdescription>
        <detaileddescription>
        </detaileddescription>
        <inbodydescription>
        </inbodydescription>
        <location file="Slingshot.cs" line="37" column="18" bodyfile="Slingshot.cs" bodystart="37" bodyend="-1"/>
      </memberdef>
      <memberdef kind="variable" id="class_slingshot_1ae51e77b6b6498ba12360eebaa7706bb5" prot="public" static="no" mutable="no">
        <type>LineRenderer</type>
        <definition>LineRenderer Slingshot.trajectoryLine</definition>
        <argsstring></argsstring>
        <name>trajectoryLine</name>
        <qualifiedname>Slingshot.trajectoryLine</qualifiedname>
        <briefdescription>
<para>Линия, отображающая траекторию полета снаряда. </para>
        </briefdescription>
        <detaileddescription>
        </detaileddescription>
        <inbodydescription>
        </inbodydescription>
        <location file="Slingshot.cs" line="43" column="25" bodyfile="Slingshot.cs" bodystart="43" bodyend="-1"/>
      </memberdef>
      <memberdef kind="variable" id="class_slingshot_1ab6a40595c2bbda5feb40416328c8af15" prot="public" static="no" mutable="no">
        <type>int</type>
        <definition>int Slingshot.trajectoryPointsCount</definition>
        <argsstring></argsstring>
        <name>trajectoryPointsCount</name>
        <qualifiedname>Slingshot.trajectoryPointsCount</qualifiedname>
        <initializer>= 30</initializer>
        <briefdescription>
<para>Количество точек на линии траектории. </para>
        </briefdescription>
        <detaileddescription>
        </detaileddescription>
        <inbodydescription>
        </inbodydescription>
        <location file="Slingshot.cs" line="48" column="16" bodyfile="Slingshot.cs" bodystart="48" bodyend="-1"/>
      </memberdef>
      <memberdef kind="variable" id="class_slingshot_1a357b9ba774c90cc1c84d7f01a31b78c6" prot="public" static="no" mutable="no">
        <type>bool</type>
        <definition>bool Slingshot.isStupid</definition>
        <argsstring></argsstring>
        <name>isStupid</name>
        <qualifiedname>Slingshot.isStupid</qualifiedname>
        <briefdescription>
<para>Флаг, активирующий абсурдные параметры. </para>
        </briefdescription>
        <detaileddescription>
        </detaileddescription>
        <inbodydescription>
        </inbodydescription>
        <location file="Slingshot.cs" line="54" column="17" bodyfile="Slingshot.cs" bodystart="54" bodyend="-1"/>
      </memberdef>
      <memberdef kind="variable" id="class_slingshot_1a4251d2ec51c5be0a1a0e76741eb89a53" prot="public" static="no" mutable="no">
        <type>GameObject</type>
        <definition>GameObject Slingshot.stupidTPPos</definition>
        <argsstring></argsstring>
        <name>stupidTPPos</name>
        <qualifiedname>Slingshot.stupidTPPos</qualifiedname>
        <briefdescription>
<para>Объект для абсурдной позиции телепортации. </para>
        </briefdescription>
        <detaileddescription>
        </detaileddescription>
        <inbodydescription>
        </inbodydescription>
        <location file="Slingshot.cs" line="59" column="23" bodyfile="Slingshot.cs" bodystart="59" bodyend="-1"/>
      </memberdef>
      <memberdef kind="variable" id="class_slingshot_1a06196f8f1af8d5ff23a90871ee78f23d" prot="public" static="no" mutable="no">
        <type>float</type>
        <definition>float Slingshot.stupidForceMul</definition>
        <argsstring></argsstring>
        <name>stupidForceMul</name>
        <qualifiedname>Slingshot.stupidForceMul</qualifiedname>
        <initializer>= 1</initializer>
        <briefdescription>
<para>Множитель силы для абсурдного движения. </para>
        </briefdescription>
        <detaileddescription>
        </detaileddescription>
        <inbodydescription>
        </inbodydescription>
        <location file="Slingshot.cs" line="64" column="18" bodyfile="Slingshot.cs" bodystart="64" bodyend="-1"/>
      </memberdef>
      <memberdef kind="variable" id="class_slingshot_1a1e5e19a35620a4133e44362ff26fce3a" prot="public" static="no" mutable="no">
        <type>List&lt; <ref refid="class_throwable_cat" kindref="compound">ThrowableCat</ref> &gt;</type>
        <definition>List&lt;ThrowableCat&gt; Slingshot.queue</definition>
        <argsstring></argsstring>
        <name>queue</name>
        <qualifiedname>Slingshot.queue</qualifiedname>
        <briefdescription>
<para>Очередь кошек, которые могут быть запущены. </para>
        </briefdescription>
        <detaileddescription>
        </detaileddescription>
        <inbodydescription>
        </inbodydescription>
        <location file="Slingshot.cs" line="99" column="17" bodyfile="Slingshot.cs" bodystart="99" bodyend="-1"/>
      </memberdef>
      <memberdef kind="variable" id="class_slingshot_1a85ba5ed56359ffb26de0a10ce65a3290" prot="public" static="no" mutable="no">
        <type>float</type>
        <definition>float Slingshot.speedJumpIn</definition>
        <argsstring></argsstring>
        <name>speedJumpIn</name>
        <qualifiedname>Slingshot.speedJumpIn</qualifiedname>
        <briefdescription>
<para>Скорость для анимации прыжка. </para>
        </briefdescription>
        <detaileddescription>
        </detaileddescription>
        <inbodydescription>
        </inbodydescription>
        <location file="Slingshot.cs" line="106" column="18" bodyfile="Slingshot.cs" bodystart="106" bodyend="-1"/>
      </memberdef>
      <memberdef kind="variable" id="class_slingshot_1ab370e01f34fbf5154d070ced43446d84" prot="public" static="no" mutable="no">
        <type>float</type>
        <definition>float Slingshot.heightJump</definition>
        <argsstring></argsstring>
        <name>heightJump</name>
        <qualifiedname>Slingshot.heightJump</qualifiedname>
        <briefdescription>
<para>Высота прыжка. </para>
        </briefdescription>
        <detaileddescription>
        </detaileddescription>
        <inbodydescription>
        </inbodydescription>
        <location file="Slingshot.cs" line="111" column="18" bodyfile="Slingshot.cs" bodystart="111" bodyend="-1"/>
      </memberdef>
    </sectiondef>
    <sectiondef kind="private-attrib">
      <memberdef kind="variable" id="class_slingshot_1aad83733f3cd0e71730d971630cc7d8fe" prot="private" static="no" mutable="no">
        <type>Camera</type>
        <definition>Camera Slingshot.cam</definition>
        <argsstring></argsstring>
        <name>cam</name>
        <qualifiedname>Slingshot.cam</qualifiedname>
        <briefdescription>
        </briefdescription>
        <detaileddescription>
        </detaileddescription>
        <inbodydescription>
        </inbodydescription>
        <location file="Slingshot.cs" line="67" column="20" bodyfile="Slingshot.cs" bodystart="67" bodyend="-1"/>
      </memberdef>
      <memberdef kind="variable" id="class_slingshot_1a451cb208e9aab47d64154bbc2d4aeb1e" prot="private" static="no" mutable="no">
        <type><ref refid="class_camera_controller" kindref="compound">CameraController</ref></type>
        <definition>CameraController Slingshot.cameraController</definition>
        <argsstring></argsstring>
        <name>cameraController</name>
        <qualifiedname>Slingshot.cameraController</qualifiedname>
        <briefdescription>
        </briefdescription>
        <detaileddescription>
        </detaileddescription>
        <inbodydescription>
        </inbodydescription>
        <location file="Slingshot.cs" line="68" column="31" bodyfile="Slingshot.cs" bodystart="68" bodyend="-1"/>
      </memberdef>
      <memberdef kind="variable" id="class_slingshot_1ac486d3e5f73f2f5e226fefc38233a277" prot="private" static="no" mutable="no">
        <type>float</type>
        <definition>float Slingshot.minThresoldLaunch</definition>
        <argsstring></argsstring>
        <name>minThresoldLaunch</name>
        <qualifiedname>Slingshot.minThresoldLaunch</qualifiedname>
        <briefdescription>
<para>Порог для минимальной силы запуска. </para>
        </briefdescription>
        <detaileddescription>
        </detaileddescription>
        <inbodydescription>
        </inbodydescription>
        <location file="Slingshot.cs" line="73" column="20" bodyfile="Slingshot.cs" bodystart="73" bodyend="-1"/>
      </memberdef>
      <memberdef kind="variable" id="class_slingshot_1ad15db2f232f4033f07f57ad447dbaf3f" prot="private" static="no" mutable="no">
        <type>AudioSource</type>
        <definition>AudioSource Slingshot.source</definition>
        <argsstring></argsstring>
        <name>source</name>
        <qualifiedname>Slingshot.source</qualifiedname>
        <briefdescription>
        </briefdescription>
        <detaileddescription>
        </detaileddescription>
        <inbodydescription>
        </inbodydescription>
        <location file="Slingshot.cs" line="76" column="26" bodyfile="Slingshot.cs" bodystart="76" bodyend="-1"/>
      </memberdef>
      <memberdef kind="variable" id="class_slingshot_1a6b725111f5263abb0c116e9e3ded844d" prot="private" static="no" mutable="no">
        <type>AudioClip</type>
        <definition>AudioClip Slingshot.drag</definition>
        <argsstring></argsstring>
        <name>drag</name>
        <qualifiedname>Slingshot.drag</qualifiedname>
        <briefdescription>
<para>Звук перетаскивания снаряда. </para>
        </briefdescription>
        <detaileddescription>
        </detaileddescription>
        <inbodydescription>
        </inbodydescription>
        <location file="Slingshot.cs" line="81" column="24" bodyfile="Slingshot.cs" bodystart="81" bodyend="-1"/>
      </memberdef>
      <memberdef kind="variable" id="class_slingshot_1af6eebf827ce773e31b315375a7916301" prot="private" static="no" mutable="no">
        <type>AudioClip</type>
        <definition>AudioClip Slingshot.shoot</definition>
        <argsstring></argsstring>
        <name>shoot</name>
        <qualifiedname>Slingshot.shoot</qualifiedname>
        <briefdescription>
<para>Звук выстрела снаряда. </para>
        </briefdescription>
        <detaileddescription>
        </detaileddescription>
        <inbodydescription>
        </inbodydescription>
        <location file="Slingshot.cs" line="86" column="24" bodyfile="Slingshot.cs" bodystart="86" bodyend="-1"/>
      </memberdef>
      <memberdef kind="variable" id="class_slingshot_1a827a46f4a8ba8e42a13cf7b7d0ba92fe" prot="private" static="no" mutable="no">
        <type>GameObject</type>
        <definition>GameObject Slingshot.currentProjectile</definition>
        <argsstring></argsstring>
        <name>currentProjectile</name>
        <qualifiedname>Slingshot.currentProjectile</qualifiedname>
        <briefdescription>
        </briefdescription>
        <detaileddescription>
        </detaileddescription>
        <inbodydescription>
        </inbodydescription>
        <location file="Slingshot.cs" line="88" column="24" bodyfile="Slingshot.cs" bodystart="88" bodyend="-1"/>
      </memberdef>
      <memberdef kind="variable" id="class_slingshot_1aa823af0faea74b0a8b1374fd1bbdf3cf" prot="private" static="no" mutable="no">
        <type><ref refid="class_throwable_cat" kindref="compound">ThrowableCat</ref></type>
        <definition>ThrowableCat Slingshot.currentCat</definition>
        <argsstring></argsstring>
        <name>currentCat</name>
        <qualifiedname>Slingshot.currentCat</qualifiedname>
        <briefdescription>
        </briefdescription>
        <detaileddescription>
        </detaileddescription>
        <inbodydescription>
        </inbodydescription>
        <location file="Slingshot.cs" line="89" column="26" bodyfile="Slingshot.cs" bodystart="89" bodyend="-1"/>
      </memberdef>
      <memberdef kind="variable" id="class_slingshot_1ad2d9383cffaed758d4d6103b1a704795" prot="private" static="no" mutable="no">
        <type>bool</type>
        <definition>bool Slingshot.isDragging</definition>
        <argsstring></argsstring>
        <name>isDragging</name>
        <qualifiedname>Slingshot.isDragging</qualifiedname>
        <initializer>= false</initializer>
        <briefdescription>
        </briefdescription>
        <detaileddescription>
        </detaileddescription>
        <inbodydescription>
        </inbodydescription>
        <location file="Slingshot.cs" line="90" column="18" bodyfile="Slingshot.cs" bodystart="90" bodyend="-1"/>
      </memberdef>
      <memberdef kind="variable" id="class_slingshot_1ae0425969bd68b99e7fffa07c7d5b57f9" prot="private" static="no" mutable="no">
        <type>Vector3</type>
        <definition>Vector3 Slingshot.startPoint</definition>
        <argsstring></argsstring>
        <name>startPoint</name>
        <qualifiedname>Slingshot.startPoint</qualifiedname>
        <briefdescription>
        </briefdescription>
        <detaileddescription>
        </detaileddescription>
        <inbodydescription>
        </inbodydescription>
        <location file="Slingshot.cs" line="92" column="21" bodyfile="Slingshot.cs" bodystart="92" bodyend="-1"/>
      </memberdef>
      <memberdef kind="variable" id="class_slingshot_1ae1c8a830d3a709b47dd0b422ceca197d" prot="private" static="no" mutable="no">
        <type>Vector3</type>
        <definition>Vector3 Slingshot.direction</definition>
        <argsstring></argsstring>
        <name>direction</name>
        <qualifiedname>Slingshot.direction</qualifiedname>
        <briefdescription>
        </briefdescription>
        <detaileddescription>
        </detaileddescription>
        <inbodydescription>
        </inbodydescription>
        <location file="Slingshot.cs" line="94" column="21" bodyfile="Slingshot.cs" bodystart="94" bodyend="-1"/>
      </memberdef>
      <memberdef kind="variable" id="class_slingshot_1adac586569aeeb2bfe2264657fb8ba76b" prot="private" static="no" mutable="no">
        <type>Vector3</type>
        <definition>Vector3 Slingshot.lastPosQueue</definition>
        <argsstring></argsstring>
        <name>lastPosQueue</name>
        <qualifiedname>Slingshot.lastPosQueue</qualifiedname>
        <briefdescription>
        </briefdescription>
        <detaileddescription>
        </detaileddescription>
        <inbodydescription>
        </inbodydescription>
        <location file="Slingshot.cs" line="101" column="21" bodyfile="Slingshot.cs" bodystart="101" bodyend="-1"/>
      </memberdef>
      <memberdef kind="variable" id="class_slingshot_1afa1333f954ec68047ce31781a2902e9d" prot="private" static="no" mutable="no">
        <type>float</type>
        <definition>float Slingshot.tjump</definition>
        <argsstring></argsstring>
        <name>tjump</name>
        <qualifiedname>Slingshot.tjump</qualifiedname>
        <briefdescription>
        </briefdescription>
        <detaileddescription>
        </detaileddescription>
        <inbodydescription>
        </inbodydescription>
        <location file="Slingshot.cs" line="113" column="19" bodyfile="Slingshot.cs" bodystart="113" bodyend="-1"/>
      </memberdef>
      <memberdef kind="variable" id="class_slingshot_1a228317b72c2a32e20467bf35d8b5e29a" prot="private" static="no" mutable="no">
        <type>bool</type>
        <definition>bool Slingshot.animateJump</definition>
        <argsstring></argsstring>
        <name>animateJump</name>
        <qualifiedname>Slingshot.animateJump</qualifiedname>
        <briefdescription>
        </briefdescription>
        <detaileddescription>
        </detaileddescription>
        <inbodydescription>
        </inbodydescription>
        <location file="Slingshot.cs" line="114" column="18" bodyfile="Slingshot.cs" bodystart="114" bodyend="-1"/>
      </memberdef>
      <memberdef kind="variable" id="class_slingshot_1a4214da6a021d6592852581a38e48469b" prot="private" static="no" mutable="no">
        <type>Vector3</type>
        <definition>Vector3 Slingshot.startPosCat</definition>
        <argsstring></argsstring>
        <name>startPosCat</name>
        <qualifiedname>Slingshot.startPosCat</qualifiedname>
        <briefdescription>
        </briefdescription>
        <detaileddescription>
        </detaileddescription>
        <inbodydescription>
        </inbodydescription>
        <location file="Slingshot.cs" line="115" column="21" bodyfile="Slingshot.cs" bodystart="115" bodyend="-1"/>
      </memberdef>
      <memberdef kind="variable" id="class_slingshot_1a33f6eab55fc366547acb2b0668975f0b" prot="private" static="no" mutable="no">
        <type>bool</type>
        <definition>bool Slingshot.activedCam</definition>
        <argsstring></argsstring>
        <name>activedCam</name>
        <qualifiedname>Slingshot.activedCam</qualifiedname>
        <briefdescription>
        </briefdescription>
        <detaileddescription>
        </detaileddescription>
        <inbodydescription>
        </inbodydescription>
        <location file="Slingshot.cs" line="117" column="18" bodyfile="Slingshot.cs" bodystart="117" bodyend="-1"/>
      </memberdef>
      <memberdef kind="variable" id="class_slingshot_1a66de4d1174045df528382317d491a413" prot="private" static="no" mutable="no">
        <type>bool</type>
        <definition>bool Slingshot.active</definition>
        <argsstring></argsstring>
        <name>active</name>
        <qualifiedname>Slingshot.active</qualifiedname>
        <briefdescription>
        </briefdescription>
        <detaileddescription>
        </detaileddescription>
        <inbodydescription>
        </inbodydescription>
        <location file="Slingshot.cs" line="118" column="18" bodyfile="Slingshot.cs" bodystart="118" bodyend="-1"/>
      </memberdef>
      <memberdef kind="variable" id="class_slingshot_1acfd306c7ef2b30bbe60f84c405f95f15" prot="private" static="no" mutable="no">
        <type>bool</type>
        <definition>bool Slingshot.loaded</definition>
        <argsstring></argsstring>
        <name>loaded</name>
        <qualifiedname>Slingshot.loaded</qualifiedname>
        <briefdescription>
        </briefdescription>
        <detaileddescription>
        </detaileddescription>
        <inbodydescription>
        </inbodydescription>
        <location file="Slingshot.cs" line="120" column="18" bodyfile="Slingshot.cs" bodystart="120" bodyend="-1"/>
      </memberdef>
    </sectiondef>
    <sectiondef kind="private-func">
      <memberdef kind="function" id="class_slingshot_1a0563fdde91bc30dc93b032396d86ac2e" prot="private" static="no" const="no" explicit="no" inline="yes" virt="non-virtual">
        <type>void</type>
        <definition>void Slingshot.Start</definition>
        <argsstring>()</argsstring>
        <name>Start</name>
        <qualifiedname>Slingshot.Start</qualifiedname>
        <briefdescription>
        </briefdescription>
        <detaileddescription>
        </detaileddescription>
        <inbodydescription>
        </inbodydescription>
        <location file="Slingshot.cs" line="122" column="10" bodyfile="Slingshot.cs" bodystart="122" bodyend="125"/>
      </memberdef>
      <memberdef kind="function" id="class_slingshot_1ac064d8f1654a18195975e9b5f87d395a" prot="private" static="no" const="no" explicit="no" inline="yes" virt="non-virtual">
        <type>void</type>
        <definition>void Slingshot.Update</definition>
        <argsstring>()</argsstring>
        <name>Update</name>
        <qualifiedname>Slingshot.Update</qualifiedname>
        <briefdescription>
        </briefdescription>
        <detaileddescription>
        </detaileddescription>
        <inbodydescription>
        </inbodydescription>
        <location file="Slingshot.cs" line="127" column="10" bodyfile="Slingshot.cs" bodystart="127" bodyend="143"/>
      </memberdef>
      <memberdef kind="function" id="class_slingshot_1ab1631553518cec9959a73a77180aa669" prot="private" static="no" const="no" explicit="no" inline="yes" virt="non-virtual">
        <type>void</type>
        <definition>void Slingshot.HandleInput</definition>
        <argsstring>()</argsstring>
        <name>HandleInput</name>
        <qualifiedname>Slingshot.HandleInput</qualifiedname>
        <briefdescription>
        </briefdescription>
        <detaileddescription>
        </detaileddescription>
        <inbodydescription>
        </inbodydescription>
        <location file="Slingshot.cs" line="189" column="18" bodyfile="Slingshot.cs" bodystart="189" bodyend="224"/>
      </memberdef>
      <memberdef kind="function" id="class_slingshot_1a6898952f455a9473578c7932850158f8" prot="private" static="no" const="no" explicit="no" inline="yes" virt="non-virtual">
        <type>void</type>
        <definition>void Slingshot.StartDragging</definition>
        <argsstring>()</argsstring>
        <name>StartDragging</name>
        <qualifiedname>Slingshot.StartDragging</qualifiedname>
        <briefdescription>
<para>Начинает процесс перетаскивания снаряда. </para>
        </briefdescription>
        <detaileddescription>
        </detaileddescription>
        <inbodydescription>
        </inbodydescription>
        <location file="Slingshot.cs" line="229" column="18" bodyfile="Slingshot.cs" bodystart="229" bodyend="252"/>
      </memberdef>
      <memberdef kind="function" id="class_slingshot_1a149c8b24e57b059726aea942b177e5bd" prot="private" static="no" const="no" explicit="no" inline="yes" virt="non-virtual">
        <type>void</type>
        <definition>void Slingshot.Dragging</definition>
        <argsstring>()</argsstring>
        <name>Dragging</name>
        <qualifiedname>Slingshot.Dragging</qualifiedname>
        <briefdescription>
<para>Управляет перетаскиванием снаряда в процессе. </para>
        </briefdescription>
        <detaileddescription>
        </detaileddescription>
        <inbodydescription>
        </inbodydescription>
        <location file="Slingshot.cs" line="257" column="18" bodyfile="Slingshot.cs" bodystart="257" bodyend="277"/>
      </memberdef>
      <memberdef kind="function" id="class_slingshot_1a66129df188fd6a44c694503cf1fb83cc" prot="private" static="no" const="no" explicit="no" inline="yes" virt="non-virtual">
        <type>void</type>
        <definition>void Slingshot.ReleaseProjectile</definition>
        <argsstring>()</argsstring>
        <name>ReleaseProjectile</name>
        <qualifiedname>Slingshot.ReleaseProjectile</qualifiedname>
        <briefdescription>
<para>Выпускает снаряд с рогатки. </para>
        </briefdescription>
        <detaileddescription>
        </detaileddescription>
        <inbodydescription>
        </inbodydescription>
        <location file="Slingshot.cs" line="282" column="18" bodyfile="Slingshot.cs" bodystart="282" bodyend="301"/>
      </memberdef>
      <memberdef kind="function" id="class_slingshot_1a4f38add56c40cb941752a1c31de7df17" prot="private" static="no" const="no" explicit="no" inline="yes" virt="non-virtual">
        <type>void</type>
        <definition>void Slingshot.DrawTrajectory</definition>
        <argsstring>(Vector3 launchDirection)</argsstring>
        <name>DrawTrajectory</name>
        <qualifiedname>Slingshot.DrawTrajectory</qualifiedname>
        <param>
          <type>Vector3</type>
          <declname>launchDirection</declname>
        </param>
        <briefdescription>
<para>Отображает траекторию полета снаряда. </para>
        </briefdescription>
        <detaileddescription>
        </detaileddescription>
        <inbodydescription>
        </inbodydescription>
        <location file="Slingshot.cs" line="306" column="18" bodyfile="Slingshot.cs" bodystart="306" bodyend="335"/>
      </memberdef>
      <memberdef kind="function" id="class_slingshot_1a9dcd38b83ce63d1198a7bba1f9555cf1" prot="private" static="no" const="no" explicit="no" inline="yes" virt="non-virtual">
        <type>Vector3</type>
        <definition>Vector3 Slingshot.GetMouseWorldPosition</definition>
        <argsstring>()</argsstring>
        <name>GetMouseWorldPosition</name>
        <qualifiedname>Slingshot.GetMouseWorldPosition</qualifiedname>
        <briefdescription>
<para>Получает мировую позицию мыши на экране. </para>
        </briefdescription>
        <detaileddescription>
        </detaileddescription>
        <inbodydescription>
        </inbodydescription>
        <location file="Slingshot.cs" line="340" column="21" bodyfile="Slingshot.cs" bodystart="340" bodyend="347"/>
      </memberdef>
    </sectiondef>
    <sectiondef kind="public-func">
      <memberdef kind="function" id="class_slingshot_1a702989d8f456d2397d2459927997df46" prot="public" static="no" const="no" explicit="no" inline="yes" virt="non-virtual">
        <type>void</type>
        <definition>void Slingshot.RemoveCat</definition>
        <argsstring>()</argsstring>
        <name>RemoveCat</name>
        <qualifiedname>Slingshot.RemoveCat</qualifiedname>
        <briefdescription>
<para>Удаляет случайную кошку из очереди и активирует её эффекты. </para>
        </briefdescription>
        <detaileddescription>
        </detaileddescription>
        <inbodydescription>
        </inbodydescription>
        <location file="Slingshot.cs" line="148" column="17" bodyfile="Slingshot.cs" bodystart="148" bodyend="154"/>
      </memberdef>
      <memberdef kind="function" id="class_slingshot_1a0d5afa367567da125750274795a95331" prot="public" static="no" const="no" explicit="no" inline="yes" virt="non-virtual">
        <type>void</type>
        <definition>void Slingshot.AddRandomCat</definition>
        <argsstring>(GameObject newcatpref, VisualEffect puff)</argsstring>
        <name>AddRandomCat</name>
        <qualifiedname>Slingshot.AddRandomCat</qualifiedname>
        <param>
          <type>GameObject</type>
          <declname>newcatpref</declname>
        </param>
        <param>
          <type>VisualEffect</type>
          <declname>puff</declname>
        </param>
        <briefdescription>
<para>Добавляет случайную кошку в очередь. </para>
        </briefdescription>
        <detaileddescription>
<para><parameterlist kind="param"><parameteritem>
<parameternamelist>
<parametername>newcatpref</parametername>
</parameternamelist>
<parameterdescription>
<para>Префаб новой кошки.</para>
</parameterdescription>
</parameteritem>
<parameteritem>
<parameternamelist>
<parametername>puff</parametername>
</parameternamelist>
<parameterdescription>
<para>Эффект появления.</para>
</parameterdescription>
</parameteritem>
</parameterlist>
</para>
        </detaileddescription>
        <inbodydescription>
        </inbodydescription>
        <location file="Slingshot.cs" line="161" column="17" bodyfile="Slingshot.cs" bodystart="161" bodyend="168"/>
      </memberdef>
      <memberdef kind="function" id="class_slingshot_1a699587b1faff28a5dcc4e005eb310220" prot="public" static="no" const="no" explicit="no" inline="yes" virt="non-virtual">
        <type>void</type>
        <definition>void Slingshot.GetCats</definition>
        <argsstring>(List&lt; ThrowableCat &gt; throwableCats)</argsstring>
        <name>GetCats</name>
        <qualifiedname>Slingshot.GetCats</qualifiedname>
        <param>
          <type>List&lt; <ref refid="class_throwable_cat" kindref="compound">ThrowableCat</ref> &gt;</type>
          <declname>throwableCats</declname>
        </param>
        <briefdescription>
<para>Добавляет несколько кошек в очередь. </para>
        </briefdescription>
        <detaileddescription>
<para><parameterlist kind="param"><parameteritem>
<parameternamelist>
<parametername>throwableCats</parametername>
</parameternamelist>
<parameterdescription>
<para>Список кошек для добавления.</para>
</parameterdescription>
</parameteritem>
</parameterlist>
</para>
        </detaileddescription>
        <inbodydescription>
        </inbodydescription>
        <location file="Slingshot.cs" line="174" column="17" bodyfile="Slingshot.cs" bodystart="174" bodyend="178"/>
      </memberdef>
      <memberdef kind="function" id="class_slingshot_1a9a9f48f757c8d51024c7dc1d6a2126e8" prot="public" static="no" const="no" explicit="no" inline="yes" virt="non-virtual">
        <type>void</type>
        <definition>void Slingshot.ActivateMe</definition>
        <argsstring>(bool _active)</argsstring>
        <name>ActivateMe</name>
        <qualifiedname>Slingshot.ActivateMe</qualifiedname>
        <param>
          <type>bool</type>
          <declname>_active</declname>
        </param>
        <briefdescription>
<para>Активирует или деактивирует рогатку. </para>
        </briefdescription>
        <detaileddescription>
<para><parameterlist kind="param"><parameteritem>
<parameternamelist>
<parametername>_active</parametername>
</parameternamelist>
<parameterdescription>
<para>Флаг активности рогатки.</para>
</parameterdescription>
</parameteritem>
</parameterlist>
</para>
        </detaileddescription>
        <inbodydescription>
        </inbodydescription>
        <location file="Slingshot.cs" line="184" column="17" bodyfile="Slingshot.cs" bodystart="184" bodyend="187"/>
      </memberdef>
    </sectiondef>
    <briefdescription>
<para>Класс, который управляет рогаткой </para>
    </briefdescription>
    <detaileddescription>
    </detaileddescription>
    <inheritancegraph>
      <node id="2">
        <label>MonoBehaviour</label>
      </node>
      <node id="1">
        <label>Slingshot</label>
        <link refid="class_slingshot"/>
        <childnode refid="2" relation="public-inheritance">
        </childnode>
      </node>
    </inheritancegraph>
    <collaborationgraph>
      <node id="2">
        <label>MonoBehaviour</label>
      </node>
      <node id="1">
        <label>Slingshot</label>
        <link refid="class_slingshot"/>
        <childnode refid="2" relation="public-inheritance">
        </childnode>
      </node>
    </collaborationgraph>
    <location file="Slingshot.cs" line="11" column="7" bodyfile="Slingshot.cs" bodystart="12" bodyend="348"/>
    <listofallmembers>
      <member refid="class_slingshot_1a9a9f48f757c8d51024c7dc1d6a2126e8" prot="public" virt="non-virtual"><scope>Slingshot</scope><name>ActivateMe</name></member>
      <member refid="class_slingshot_1a66de4d1174045df528382317d491a413" prot="private" virt="non-virtual"><scope>Slingshot</scope><name>active</name></member>
      <member refid="class_slingshot_1a33f6eab55fc366547acb2b0668975f0b" prot="private" virt="non-virtual"><scope>Slingshot</scope><name>activedCam</name></member>
      <member refid="class_slingshot_1a0d5afa367567da125750274795a95331" prot="public" virt="non-virtual"><scope>Slingshot</scope><name>AddRandomCat</name></member>
      <member refid="class_slingshot_1a228317b72c2a32e20467bf35d8b5e29a" prot="private" virt="non-virtual"><scope>Slingshot</scope><name>animateJump</name></member>
      <member refid="class_slingshot_1aad83733f3cd0e71730d971630cc7d8fe" prot="private" virt="non-virtual"><scope>Slingshot</scope><name>cam</name></member>
      <member refid="class_slingshot_1a451cb208e9aab47d64154bbc2d4aeb1e" prot="private" virt="non-virtual"><scope>Slingshot</scope><name>cameraController</name></member>
      <member refid="class_slingshot_1aa823af0faea74b0a8b1374fd1bbdf3cf" prot="private" virt="non-virtual"><scope>Slingshot</scope><name>currentCat</name></member>
      <member refid="class_slingshot_1a827a46f4a8ba8e42a13cf7b7d0ba92fe" prot="private" virt="non-virtual"><scope>Slingshot</scope><name>currentProjectile</name></member>
      <member refid="class_slingshot_1ae1c8a830d3a709b47dd0b422ceca197d" prot="private" virt="non-virtual"><scope>Slingshot</scope><name>direction</name></member>
      <member refid="class_slingshot_1a6b725111f5263abb0c116e9e3ded844d" prot="private" virt="non-virtual"><scope>Slingshot</scope><name>drag</name></member>
      <member refid="class_slingshot_1a149c8b24e57b059726aea942b177e5bd" prot="private" virt="non-virtual"><scope>Slingshot</scope><name>Dragging</name></member>
      <member refid="class_slingshot_1a4f38add56c40cb941752a1c31de7df17" prot="private" virt="non-virtual"><scope>Slingshot</scope><name>DrawTrajectory</name></member>
      <member refid="class_slingshot_1a699587b1faff28a5dcc4e005eb310220" prot="public" virt="non-virtual"><scope>Slingshot</scope><name>GetCats</name></member>
      <member refid="class_slingshot_1a9dcd38b83ce63d1198a7bba1f9555cf1" prot="private" virt="non-virtual"><scope>Slingshot</scope><name>GetMouseWorldPosition</name></member>
      <member refid="class_slingshot_1ab1631553518cec9959a73a77180aa669" prot="private" virt="non-virtual"><scope>Slingshot</scope><name>HandleInput</name></member>
      <member refid="class_slingshot_1ab370e01f34fbf5154d070ced43446d84" prot="public" virt="non-virtual"><scope>Slingshot</scope><name>heightJump</name></member>
      <member refid="class_slingshot_1ad2d9383cffaed758d4d6103b1a704795" prot="private" virt="non-virtual"><scope>Slingshot</scope><name>isDragging</name></member>
      <member refid="class_slingshot_1a357b9ba774c90cc1c84d7f01a31b78c6" prot="public" virt="non-virtual"><scope>Slingshot</scope><name>isStupid</name></member>
      <member refid="class_slingshot_1adac586569aeeb2bfe2264657fb8ba76b" prot="private" virt="non-virtual"><scope>Slingshot</scope><name>lastPosQueue</name></member>
      <member refid="class_slingshot_1a27c0f77d8a9be1ccca1c9ecf9b29f934" prot="public" virt="non-virtual"><scope>Slingshot</scope><name>launchForceMultiplier</name></member>
      <member refid="class_slingshot_1acfd306c7ef2b30bbe60f84c405f95f15" prot="private" virt="non-virtual"><scope>Slingshot</scope><name>loaded</name></member>
      <member refid="class_slingshot_1ae141aafe205b3ef425c3a93796c5cd21" prot="public" virt="non-virtual"><scope>Slingshot</scope><name>maxAngle</name></member>
      <member refid="class_slingshot_1a4b2da38a7e0523ccda92d848807e4623" prot="public" virt="non-virtual"><scope>Slingshot</scope><name>maxStretch</name></member>
      <member refid="class_slingshot_1a6a50ef3845a343a0676dcd00d227d5e5" prot="public" virt="non-virtual"><scope>Slingshot</scope><name>minAngle</name></member>
      <member refid="class_slingshot_1ac486d3e5f73f2f5e226fefc38233a277" prot="private" virt="non-virtual"><scope>Slingshot</scope><name>minThresoldLaunch</name></member>
      <member refid="class_slingshot_1a1e5e19a35620a4133e44362ff26fce3a" prot="public" virt="non-virtual"><scope>Slingshot</scope><name>queue</name></member>
      <member refid="class_slingshot_1a66129df188fd6a44c694503cf1fb83cc" prot="private" virt="non-virtual"><scope>Slingshot</scope><name>ReleaseProjectile</name></member>
      <member refid="class_slingshot_1a702989d8f456d2397d2459927997df46" prot="public" virt="non-virtual"><scope>Slingshot</scope><name>RemoveCat</name></member>
      <member refid="class_slingshot_1af6eebf827ce773e31b315375a7916301" prot="private" virt="non-virtual"><scope>Slingshot</scope><name>shoot</name></member>
      <member refid="class_slingshot_1a9cbfbcc50cff9a1dc7fa58bc1f4c4845" prot="public" virt="non-virtual"><scope>Slingshot</scope><name>slingOrigin</name></member>
      <member refid="class_slingshot_1ad15db2f232f4033f07f57ad447dbaf3f" prot="private" virt="non-virtual"><scope>Slingshot</scope><name>source</name></member>
      <member refid="class_slingshot_1a85ba5ed56359ffb26de0a10ce65a3290" prot="public" virt="non-virtual"><scope>Slingshot</scope><name>speedJumpIn</name></member>
      <member refid="class_slingshot_1a0563fdde91bc30dc93b032396d86ac2e" prot="private" virt="non-virtual"><scope>Slingshot</scope><name>Start</name></member>
      <member refid="class_slingshot_1a6898952f455a9473578c7932850158f8" prot="private" virt="non-virtual"><scope>Slingshot</scope><name>StartDragging</name></member>
      <member refid="class_slingshot_1ae0425969bd68b99e7fffa07c7d5b57f9" prot="private" virt="non-virtual"><scope>Slingshot</scope><name>startPoint</name></member>
      <member refid="class_slingshot_1a4214da6a021d6592852581a38e48469b" prot="private" virt="non-virtual"><scope>Slingshot</scope><name>startPosCat</name></member>
      <member refid="class_slingshot_1a06196f8f1af8d5ff23a90871ee78f23d" prot="public" virt="non-virtual"><scope>Slingshot</scope><name>stupidForceMul</name></member>
      <member refid="class_slingshot_1a4251d2ec51c5be0a1a0e76741eb89a53" prot="public" virt="non-virtual"><scope>Slingshot</scope><name>stupidTPPos</name></member>
      <member refid="class_slingshot_1afa1333f954ec68047ce31781a2902e9d" prot="private" virt="non-virtual"><scope>Slingshot</scope><name>tjump</name></member>
      <member refid="class_slingshot_1ae51e77b6b6498ba12360eebaa7706bb5" prot="public" virt="non-virtual"><scope>Slingshot</scope><name>trajectoryLine</name></member>
      <member refid="class_slingshot_1ab6a40595c2bbda5feb40416328c8af15" prot="public" virt="non-virtual"><scope>Slingshot</scope><name>trajectoryPointsCount</name></member>
      <member refid="class_slingshot_1ac064d8f1654a18195975e9b5f87d395a" prot="private" virt="non-virtual"><scope>Slingshot</scope><name>Update</name></member>
    </listofallmembers>
  </compounddef>
</doxygen>
