<?xml version='1.0' encoding='UTF-8' standalone='no'?>
<doxygen xmlns:xsi="http://www.w3.org/2001/XMLSchema-instance" xsi:noNamespaceSchemaLocation="compound.xsd" version="1.13.2" xml:lang="en-US">
  <compounddef id="class_projectiles_1_1_projectile" kind="class" language="C#" prot="public">
    <compoundname>Projectiles::Projectile</compoundname>
    <basecompoundref prot="public" virt="non-virtual">MonoBehaviour</basecompoundref>
    <sectiondef kind="private-attrib">
      <memberdef kind="variable" id="class_projectiles_1_1_projectile_1a735e33e751868a335469a1050b292506" prot="private" static="no" mutable="no">
        <type>float</type>
        <definition>float Projectiles.Projectile.damage</definition>
        <argsstring></argsstring>
        <name>damage</name>
        <qualifiedname>Projectiles.Projectile.damage</qualifiedname>
        <initializer>= 10</initializer>
        <briefdescription>
<para>Количество урона, наносимого при попадании. </para>
        </briefdescription>
        <detaileddescription>
        </detaileddescription>
        <inbodydescription>
        </inbodydescription>
        <location file="Projectiles/Projectile.cs" line="14" column="24" bodyfile="Projectiles/Projectile.cs" bodystart="14" bodyend="-1"/>
      </memberdef>
    </sectiondef>
    <sectiondef kind="private-func">
      <memberdef kind="function" id="class_projectiles_1_1_projectile_1a41fdd6f7fd72360186f66688c932721f" prot="private" static="no" const="no" explicit="no" inline="yes" virt="non-virtual">
        <type>void</type>
        <definition>void Projectiles.Projectile.OnDrawGizmos</definition>
        <argsstring>()</argsstring>
        <name>OnDrawGizmos</name>
        <qualifiedname>Projectiles.Projectile.OnDrawGizmos</qualifiedname>
        <briefdescription>
<para>Отображает зону поражения снаряда в редакторе. </para>
        </briefdescription>
        <detaileddescription>
        </detaileddescription>
        <inbodydescription>
        </inbodydescription>
        <location file="Projectiles/Projectile.cs" line="19" column="22" bodyfile="Projectiles/Projectile.cs" bodystart="19" bodyend="23"/>
      </memberdef>
      <memberdef kind="function" id="class_projectiles_1_1_projectile_1ae36576fd2fdf2b181b4e577a74c91ab5" prot="private" static="no" const="no" explicit="no" inline="yes" virt="non-virtual">
        <type>void</type>
        <definition>void Projectiles.Projectile.OnCollisionEnter</definition>
        <argsstring>(Collision other)</argsstring>
        <name>OnCollisionEnter</name>
        <qualifiedname>Projectiles.Projectile.OnCollisionEnter</qualifiedname>
        <param>
          <type>Collision</type>
          <declname>other</declname>
        </param>
        <briefdescription>
<para>Обрабатывает столкновение с объектами, нанося урон, если у объекта есть компонент <ref refid="class_health_manager" kindref="compound">HealthManager</ref>. </para>
        </briefdescription>
        <detaileddescription>
<para><parameterlist kind="param"><parameteritem>
<parameternamelist>
<parametername>other</parametername>
</parameternamelist>
<parameterdescription>
<para>Объект, с которым произошло столкновение.</para>
</parameterdescription>
</parameteritem>
</parameterlist>
</para>
        </detaileddescription>
        <inbodydescription>
        </inbodydescription>
        <location file="Projectiles/Projectile.cs" line="29" column="22" bodyfile="Projectiles/Projectile.cs" bodystart="29" bodyend="36"/>
      </memberdef>
    </sectiondef>
    <briefdescription>
<para>Базовый класс для всех снарядов, наносящих урон при столкновении. </para>
    </briefdescription>
    <detaileddescription>
    </detaileddescription>
    <inheritancegraph>
      <node id="2">
        <label>MonoBehaviour</label>
      </node>
      <node id="1">
        <label>Projectiles.Projectile</label>
        <link refid="class_projectiles_1_1_projectile"/>
        <childnode refid="2" relation="public-inheritance">
        </childnode>
      </node>
    </inheritancegraph>
    <collaborationgraph>
      <node id="2">
        <label>MonoBehaviour</label>
      </node>
      <node id="1">
        <label>Projectiles.Projectile</label>
        <link refid="class_projectiles_1_1_projectile"/>
        <childnode refid="2" relation="public-inheritance">
        </childnode>
      </node>
    </collaborationgraph>
    <location file="Projectiles/Projectile.cs" line="9" column="11" bodyfile="Projectiles/Projectile.cs" bodystart="10" bodyend="37"/>
    <listofallmembers>
      <member refid="class_projectiles_1_1_projectile_1a735e33e751868a335469a1050b292506" prot="private" virt="non-virtual"><scope>Projectiles::Projectile</scope><name>damage</name></member>
      <member refid="class_projectiles_1_1_projectile_1ae36576fd2fdf2b181b4e577a74c91ab5" prot="private" virt="non-virtual"><scope>Projectiles::Projectile</scope><name>OnCollisionEnter</name></member>
      <member refid="class_projectiles_1_1_projectile_1a41fdd6f7fd72360186f66688c932721f" prot="private" virt="non-virtual"><scope>Projectiles::Projectile</scope><name>OnDrawGizmos</name></member>
    </listofallmembers>
  </compounddef>
</doxygen>
