<?xml version='1.0' encoding='UTF-8' standalone='no'?>
<doxygen xmlns:xsi="http://www.w3.org/2001/XMLSchema-instance" xsi:noNamespaceSchemaLocation="compound.xsd" version="1.13.2" xml:lang="en-US">
  <compounddef id="class_velocity_damage_handler" kind="class" language="C#" prot="public">
    <compoundname>VelocityDamageHandler</compoundname>
    <basecompoundref prot="public" virt="non-virtual">MonoBehaviour</basecompoundref>
    <sectiondef kind="private-attrib">
      <memberdef kind="variable" id="class_velocity_damage_handler_1ac33b8c6fdc00521125f77d051836c336" prot="private" static="no" mutable="no">
        <type>float</type>
        <definition>float VelocityDamageHandler.safeVelocityLimit</definition>
        <argsstring></argsstring>
        <name>safeVelocityLimit</name>
        <qualifiedname>VelocityDamageHandler.safeVelocityLimit</qualifiedname>
        <initializer>= 10</initializer>
        <briefdescription>
<para>Предел безопасной скорости, ниже которой объект не получает урон. </para>
        </briefdescription>
        <detaileddescription>
        </detaileddescription>
        <inbodydescription>
        </inbodydescription>
        <location file="VelocityDamageHandler.cs" line="14" column="20" bodyfile="VelocityDamageHandler.cs" bodystart="14" bodyend="-1"/>
      </memberdef>
      <memberdef kind="variable" id="class_velocity_damage_handler_1a60d0bf9a2379b1add0c6adf3ff0ceb6c" prot="private" static="no" mutable="no">
        <type>float</type>
        <definition>float VelocityDamageHandler.damageMultiplier</definition>
        <argsstring></argsstring>
        <name>damageMultiplier</name>
        <qualifiedname>VelocityDamageHandler.damageMultiplier</qualifiedname>
        <initializer>= 1</initializer>
        <briefdescription>
<para>Множитель урона для вычисления получаемого урона. </para>
        </briefdescription>
        <detaileddescription>
        </detaileddescription>
        <inbodydescription>
        </inbodydescription>
        <location file="VelocityDamageHandler.cs" line="19" column="20" bodyfile="VelocityDamageHandler.cs" bodystart="19" bodyend="-1"/>
      </memberdef>
      <memberdef kind="variable" id="class_velocity_damage_handler_1a1e877966f3364cf1b04b12a044262702" prot="private" static="no" mutable="no">
        <type>bool</type>
        <definition>bool VelocityDamageHandler.canTakeDamage</definition>
        <argsstring></argsstring>
        <name>canTakeDamage</name>
        <qualifiedname>VelocityDamageHandler.canTakeDamage</qualifiedname>
        <briefdescription>
<para>Флаг, указывающий, может ли объект получать урон. </para>
        </briefdescription>
        <detaileddescription>
        </detaileddescription>
        <inbodydescription>
        </inbodydescription>
        <location file="VelocityDamageHandler.cs" line="24" column="18" bodyfile="VelocityDamageHandler.cs" bodystart="24" bodyend="-1"/>
      </memberdef>
    </sectiondef>
    <sectiondef kind="private-func">
      <memberdef kind="function" id="class_velocity_damage_handler_1aed69b97e12a8b56defe38a03bafaa182" prot="private" static="no" const="no" explicit="no" inline="yes" virt="non-virtual">
        <type>void</type>
        <definition>void VelocityDamageHandler.Start</definition>
        <argsstring>()</argsstring>
        <name>Start</name>
        <qualifiedname>VelocityDamageHandler.Start</qualifiedname>
        <briefdescription>
<para>Инициализирует задержку перед тем, как объект начнёт получать урон. </para>
        </briefdescription>
        <detaileddescription>
        </detaileddescription>
        <inbodydescription>
        </inbodydescription>
        <location file="VelocityDamageHandler.cs" line="29" column="10" bodyfile="VelocityDamageHandler.cs" bodystart="29" bodyend="32"/>
      </memberdef>
      <memberdef kind="function" id="class_velocity_damage_handler_1a02ce8643c3f88758c4116b2a6ab0b53f" prot="private" static="no" const="no" explicit="no" inline="no" virt="non-virtual">
        <type>void</type>
        <definition>void VelocityDamageHandler.CanTakeGamage</definition>
        <argsstring>()</argsstring>
        <name>CanTakeGamage</name>
        <qualifiedname>VelocityDamageHandler.CanTakeGamage</qualifiedname>
        <briefdescription>
<para>Включает возможность получать урон. </para>
        </briefdescription>
        <detaileddescription>
        </detaileddescription>
        <inbodydescription>
        </inbodydescription>
        <location file="VelocityDamageHandler.cs" line="37" column="10"/>
      </memberdef>
      <memberdef kind="function" id="class_velocity_damage_handler_1a8d7cf9341d1c71da1b0e32fd53d37972" prot="private" static="no" const="no" explicit="no" inline="yes" virt="non-virtual">
        <type>void</type>
        <definition>void VelocityDamageHandler.OnCollisionEnter</definition>
        <argsstring>(Collision other)</argsstring>
        <name>OnCollisionEnter</name>
        <qualifiedname>VelocityDamageHandler.OnCollisionEnter</qualifiedname>
        <param>
          <type>Collision</type>
          <declname>other</declname>
        </param>
        <briefdescription>
<para>Обрабатывает столкновение с другими объектами. Если объект может получить урон и скорость столкновения превышает безопасный лимит, то объект получает урон. </para>
        </briefdescription>
        <detaileddescription>
<para><parameterlist kind="param"><parameteritem>
<parameternamelist>
<parametername>other</parametername>
</parameternamelist>
<parameterdescription>
<para>Объект, с которым произошло столкновение.</para>
</parameterdescription>
</parameteritem>
</parameterlist>
</para>
        </detaileddescription>
        <inbodydescription>
        </inbodydescription>
        <location file="VelocityDamageHandler.cs" line="44" column="18" bodyfile="VelocityDamageHandler.cs" bodystart="44" bodyend="63"/>
      </memberdef>
    </sectiondef>
    <briefdescription>
<para>Обрабатывает повреждения объекта на основе его скорости при столкновении. Если скорость столкновения превышает безопасный предел, объект получает урон. </para>
    </briefdescription>
    <detaileddescription>
    </detaileddescription>
    <inheritancegraph>
      <node id="2">
        <label>MonoBehaviour</label>
      </node>
      <node id="1">
        <label>VelocityDamageHandler</label>
        <link refid="class_velocity_damage_handler"/>
        <childnode refid="2" relation="public-inheritance">
        </childnode>
      </node>
    </inheritancegraph>
    <collaborationgraph>
      <node id="2">
        <label>MonoBehaviour</label>
      </node>
      <node id="1">
        <label>VelocityDamageHandler</label>
        <link refid="class_velocity_damage_handler"/>
        <childnode refid="2" relation="public-inheritance">
        </childnode>
      </node>
    </collaborationgraph>
    <location file="VelocityDamageHandler.cs" line="8" column="7" bodyfile="VelocityDamageHandler.cs" bodystart="9" bodyend="64"/>
    <listofallmembers>
      <member refid="class_velocity_damage_handler_1a1e877966f3364cf1b04b12a044262702" prot="private" virt="non-virtual"><scope>VelocityDamageHandler</scope><name>canTakeDamage</name></member>
      <member refid="class_velocity_damage_handler_1a02ce8643c3f88758c4116b2a6ab0b53f" prot="private" virt="non-virtual"><scope>VelocityDamageHandler</scope><name>CanTakeGamage</name></member>
      <member refid="class_velocity_damage_handler_1a60d0bf9a2379b1add0c6adf3ff0ceb6c" prot="private" virt="non-virtual"><scope>VelocityDamageHandler</scope><name>damageMultiplier</name></member>
      <member refid="class_velocity_damage_handler_1a8d7cf9341d1c71da1b0e32fd53d37972" prot="private" virt="non-virtual"><scope>VelocityDamageHandler</scope><name>OnCollisionEnter</name></member>
      <member refid="class_velocity_damage_handler_1ac33b8c6fdc00521125f77d051836c336" prot="private" virt="non-virtual"><scope>VelocityDamageHandler</scope><name>safeVelocityLimit</name></member>
      <member refid="class_velocity_damage_handler_1aed69b97e12a8b56defe38a03bafaa182" prot="private" virt="non-virtual"><scope>VelocityDamageHandler</scope><name>Start</name></member>
    </listofallmembers>
  </compounddef>
</doxygen>
