<?xml version='1.0' encoding='UTF-8' standalone='no'?>
<doxygen xmlns:xsi="http://www.w3.org/2001/XMLSchema-instance" xsi:noNamespaceSchemaLocation="compound.xsd" version="1.13.2" xml:lang="en-US">
  <compounddef id="class_explosive" kind="class" language="C#" prot="public">
    <compoundname>Explosive</compoundname>
    <basecompoundref prot="public" virt="non-virtual">MonoBehaviour</basecompoundref>
    <sectiondef kind="private-attrib">
      <memberdef kind="variable" id="class_explosive_1a1150e611db6236b61126eeda0f149fa6" prot="private" static="no" mutable="no">
        <type>Explosion</type>
        <definition>Explosion Explosive.system</definition>
        <argsstring></argsstring>
        <name>system</name>
        <qualifiedname>Explosive.system</qualifiedname>
        <briefdescription>
<para>Система визуализации взрыва. </para>
        </briefdescription>
        <detaileddescription>
        </detaileddescription>
        <inbodydescription>
        </inbodydescription>
        <location file="Explosive.cs" line="14" column="24" bodyfile="Explosive.cs" bodystart="14" bodyend="-1"/>
      </memberdef>
      <memberdef kind="variable" id="class_explosive_1af4dda9ddfb63c09e908596b69cce7fe5" prot="private" static="no" mutable="no">
        <type>float</type>
        <definition>float Explosive.radiusExplosionMul</definition>
        <argsstring></argsstring>
        <name>radiusExplosionMul</name>
        <qualifiedname>Explosive.radiusExplosionMul</qualifiedname>
        <initializer>= 0.2f</initializer>
        <briefdescription>
<para>Дополнительный множитель радиуса взрыва. </para>
        </briefdescription>
        <detaileddescription>
        </detaileddescription>
        <inbodydescription>
        </inbodydescription>
        <location file="Explosive.cs" line="29" column="20" bodyfile="Explosive.cs" bodystart="29" bodyend="-1"/>
      </memberdef>
      <memberdef kind="variable" id="class_explosive_1a1d8f8b486358549296881e93fd037acc" prot="private" static="no" mutable="no">
        <type>float</type>
        <definition>float Explosive.chainReactionDelay</definition>
        <argsstring></argsstring>
        <name>chainReactionDelay</name>
        <qualifiedname>Explosive.chainReactionDelay</qualifiedname>
        <initializer>= 0.3f</initializer>
        <briefdescription>
<para>Задержка цепной реакции. </para>
        </briefdescription>
        <detaileddescription>
        </detaileddescription>
        <inbodydescription>
        </inbodydescription>
        <location file="Explosive.cs" line="39" column="20" bodyfile="Explosive.cs" bodystart="39" bodyend="-1"/>
      </memberdef>
      <memberdef kind="variable" id="class_explosive_1ac66261e0360ab9c54ec5d07f1c3697e9" prot="private" static="no" mutable="no">
        <type>bool</type>
        <definition>bool Explosive.explodeByClick</definition>
        <argsstring></argsstring>
        <name>explodeByClick</name>
        <qualifiedname>Explosive.explodeByClick</qualifiedname>
        <initializer>= true</initializer>
        <briefdescription>
        </briefdescription>
        <detaileddescription>
        </detaileddescription>
        <inbodydescription>
        </inbodydescription>
        <location file="Explosive.cs" line="41" column="19" bodyfile="Explosive.cs" bodystart="41" bodyend="-1"/>
      </memberdef>
    </sectiondef>
    <sectiondef kind="public-attrib">
      <memberdef kind="variable" id="class_explosive_1ae1bf277eb380effdae63ac6d93e41dcd" prot="public" static="no" mutable="no">
        <type>float</type>
        <definition>float Explosive.force</definition>
        <argsstring></argsstring>
        <name>force</name>
        <qualifiedname>Explosive.force</qualifiedname>
        <initializer>= 500f</initializer>
        <briefdescription>
<para>Сила взрыва. </para>
        </briefdescription>
        <detaileddescription>
        </detaileddescription>
        <inbodydescription>
        </inbodydescription>
        <location file="Explosive.cs" line="19" column="19" bodyfile="Explosive.cs" bodystart="19" bodyend="-1"/>
      </memberdef>
      <memberdef kind="variable" id="class_explosive_1a5f0b485984e5b899db2d21f92d53269f" prot="public" static="no" mutable="no">
        <type>float</type>
        <definition>float Explosive.radiusFactor</definition>
        <argsstring></argsstring>
        <name>radiusFactor</name>
        <qualifiedname>Explosive.radiusFactor</qualifiedname>
        <initializer>= 0.3f</initializer>
        <briefdescription>
<para>Коэффициент радиуса взрыва. </para>
        </briefdescription>
        <detaileddescription>
        </detaileddescription>
        <inbodydescription>
        </inbodydescription>
        <location file="Explosive.cs" line="24" column="19" bodyfile="Explosive.cs" bodystart="24" bodyend="-1"/>
      </memberdef>
      <memberdef kind="variable" id="class_explosive_1afe9b6977f9b97025876f44cf7c93010b" prot="public" static="no" mutable="no">
        <type>float</type>
        <definition>float Explosive.damageMin</definition>
        <argsstring></argsstring>
        <name>damageMin</name>
        <qualifiedname>Explosive.damageMin</qualifiedname>
        <initializer>= 1f</initializer>
        <briefdescription>
<para>Минимальный урон от взрыва. </para>
        </briefdescription>
        <detaileddescription>
        </detaileddescription>
        <inbodydescription>
        </inbodydescription>
        <location file="Explosive.cs" line="34" column="19" bodyfile="Explosive.cs" bodystart="34" bodyend="-1"/>
      </memberdef>
    </sectiondef>
    <sectiondef kind="property">
      <memberdef kind="property" id="class_explosive_1a9d915c7dc3e809482c80ba4ca32c715e" prot="private" static="no" readable="no" writable="no" gettable="yes" privategettable="no" protectedgettable="no" settable="no" privatesettable="no" protectedsettable="no">
        <type>float</type>
        <definition>float Explosive.Radius</definition>
        <argsstring></argsstring>
        <name>Radius</name>
        <qualifiedname>Explosive.Radius</qualifiedname>
        <briefdescription>
<para>Радиус взрыва, рассчитываемый на основе силы. </para>
        </briefdescription>
        <detaileddescription>
        </detaileddescription>
        <inbodydescription>
        </inbodydescription>
        <location file="Explosive.cs" line="46" column="19" bodyfile="Explosive.cs" bodystart="46" bodyend="-1"/>
      </memberdef>
    </sectiondef>
    <sectiondef kind="public-func">
      <memberdef kind="function" id="class_explosive_1a02d2586aebe49fa2f033fcc8836dacdb" prot="public" static="no" const="no" explicit="no" inline="yes" virt="non-virtual">
        <type>void</type>
        <definition>void Explosive.Explode</definition>
        <argsstring>()</argsstring>
        <name>Explode</name>
        <qualifiedname>Explosive.Explode</qualifiedname>
        <briefdescription>
<para>Метод, выполняющий взрыв объекта. </para>
        </briefdescription>
        <detaileddescription>
        </detaileddescription>
        <inbodydescription>
        </inbodydescription>
        <location file="Explosive.cs" line="51" column="17" bodyfile="Explosive.cs" bodystart="51" bodyend="83"/>
      </memberdef>
    </sectiondef>
    <sectiondef kind="private-func">
      <memberdef kind="function" id="class_explosive_1a7c2893ed0358ed45d0d1e3ff485e24b1" prot="private" static="no" const="no" explicit="no" inline="yes" virt="non-virtual">
        <type>void</type>
        <definition>void Explosive.OnDrawGizmosSelected</definition>
        <argsstring>()</argsstring>
        <name>OnDrawGizmosSelected</name>
        <qualifiedname>Explosive.OnDrawGizmosSelected</qualifiedname>
        <briefdescription>
<para>Метод для отображения радиуса взрыва в редакторе. </para>
        </briefdescription>
        <detaileddescription>
        </detaileddescription>
        <inbodydescription>
        </inbodydescription>
        <location file="Explosive.cs" line="88" column="18" bodyfile="Explosive.cs" bodystart="88" bodyend="92"/>
      </memberdef>
    </sectiondef>
    <briefdescription>
<para>Класс, отвечающий за поведение взрывных объектов. </para>
    </briefdescription>
    <detaileddescription>
    </detaileddescription>
    <inheritancegraph>
      <node id="1">
        <label>Explosive</label>
        <link refid="class_explosive"/>
        <childnode refid="2" relation="public-inheritance">
        </childnode>
      </node>
      <node id="2">
        <label>MonoBehaviour</label>
      </node>
    </inheritancegraph>
    <collaborationgraph>
      <node id="1">
        <label>Explosive</label>
        <link refid="class_explosive"/>
        <childnode refid="2" relation="public-inheritance">
        </childnode>
      </node>
      <node id="2">
        <label>MonoBehaviour</label>
      </node>
    </collaborationgraph>
    <location file="Explosive.cs" line="9" column="7" bodyfile="Explosive.cs" bodystart="10" bodyend="93"/>
    <listofallmembers>
      <member refid="class_explosive_1a1d8f8b486358549296881e93fd037acc" prot="private" virt="non-virtual"><scope>Explosive</scope><name>chainReactionDelay</name></member>
      <member refid="class_explosive_1afe9b6977f9b97025876f44cf7c93010b" prot="public" virt="non-virtual"><scope>Explosive</scope><name>damageMin</name></member>
      <member refid="class_explosive_1a02d2586aebe49fa2f033fcc8836dacdb" prot="public" virt="non-virtual"><scope>Explosive</scope><name>Explode</name></member>
      <member refid="class_explosive_1ac66261e0360ab9c54ec5d07f1c3697e9" prot="private" virt="non-virtual"><scope>Explosive</scope><name>explodeByClick</name></member>
      <member refid="class_explosive_1ae1bf277eb380effdae63ac6d93e41dcd" prot="public" virt="non-virtual"><scope>Explosive</scope><name>force</name></member>
      <member refid="class_explosive_1a7c2893ed0358ed45d0d1e3ff485e24b1" prot="private" virt="non-virtual"><scope>Explosive</scope><name>OnDrawGizmosSelected</name></member>
      <member refid="class_explosive_1a9d915c7dc3e809482c80ba4ca32c715e" prot="private" virt="non-virtual"><scope>Explosive</scope><name>Radius</name></member>
      <member refid="class_explosive_1af4dda9ddfb63c09e908596b69cce7fe5" prot="private" virt="non-virtual"><scope>Explosive</scope><name>radiusExplosionMul</name></member>
      <member refid="class_explosive_1a5f0b485984e5b899db2d21f92d53269f" prot="public" virt="non-virtual"><scope>Explosive</scope><name>radiusFactor</name></member>
      <member refid="class_explosive_1a1150e611db6236b61126eeda0f149fa6" prot="private" virt="non-virtual"><scope>Explosive</scope><name>system</name></member>
    </listofallmembers>
  </compounddef>
</doxygen>
