<?xml version='1.0' encoding='UTF-8' standalone='no'?>
<doxygen xmlns:xsi="http://www.w3.org/2001/XMLSchema-instance" xsi:noNamespaceSchemaLocation="compound.xsd" version="1.13.2" xml:lang="en-US">
  <compounddef id="dir_5bce4665f02041fc00c7e7e07b63c945" kind="dir">
    <compoundname>Math</compoundname>
    <innerfile refid="_bezier_curve_8cs">BezierCurve.cs</innerfile>
    <innerfile refid="_bezier_point_8cs">BezierPoint.cs</innerfile>
    <innerfile refid="_catmull_rom_spline_8cs">CatmullRomSpline.cs</innerfile>
    <briefdescription>
    </briefdescription>
    <detaileddescription>
    </detaileddescription>
    <location file="Math/"/>
  </compounddef>
</doxygen>
