<?xml version='1.0' encoding='UTF-8' standalone='no'?>
<doxygen xmlns:xsi="http://www.w3.org/2001/XMLSchema-instance" xsi:noNamespaceSchemaLocation="compound.xsd" version="1.13.2" xml:lang="en-US">
  <compounddef id="dir_42453a6444b37df8ef7419d4363d3970" kind="dir">
    <compoundname>Gambling/Positive</compoundname>
    <innerfile refid="_add_random_cat_event_8cs">AddRandomCatEvent.cs</innerfile>
    <innerfile refid="_increase_explosion_power_event_8cs">IncreaseExplosionPowerEvent.cs</innerfile>
    <innerfile refid="_increase_giga_cat_health_event_8cs">IncreaseGigaCatHealthEvent.cs</innerfile>
    <innerfile refid="_meteor_rain_event_8cs">MeteorRainEvent.cs</innerfile>
    <briefdescription>
    </briefdescription>
    <detaileddescription>
    </detaileddescription>
    <location file="Gambling/Positive/"/>
  </compounddef>
</doxygen>
