<?xml version='1.0' encoding='UTF-8' standalone='no'?>
<doxygen xmlns:xsi="http://www.w3.org/2001/XMLSchema-instance" xsi:noNamespaceSchemaLocation="compound.xsd" version="1.13.2" xml:lang="en-US">
  <compounddef id="dir_6986901d2a307c0e78664fea1d824fa6" kind="dir">
    <compoundname>AI</compoundname>
    <innerfile refid="_archer_a_i_8cs">ArcherAI.cs</innerfile>
    <innerfile refid="_giga_cat_a_i_8cs">GigaCatAI.cs</innerfile>
    <briefdescription>
    </briefdescription>
    <detaileddescription>
    </detaileddescription>
    <location file="AI/"/>
  </compounddef>
</doxygen>
