<?xml version='1.0' encoding='UTF-8' standalone='no'?>
<doxygen xmlns:xsi="http://www.w3.org/2001/XMLSchema-instance" xsi:noNamespaceSchemaLocation="compound.xsd" version="1.13.2" xml:lang="en-US">
  <compounddef id="dir_1aa64650be6fffad8ec2263389ebc7f3" kind="dir">
    <compoundname>Projectiles</compoundname>
    <innerfile refid="_fireball_8cs">Fireball.cs</innerfile>
    <innerfile refid="_mage_throwable_cat_8cs">MageThrowableCat.cs</innerfile>
    <innerfile refid="_projectile_8cs">Projectile.cs</innerfile>
    <innerfile refid="_single_twin_8cs">SingleTwin.cs</innerfile>
    <innerfile refid="_stupid_throwable_cat_8cs">StupidThrowableCat.cs</innerfile>
    <innerfile refid="_throwable_cat_8cs">ThrowableCat.cs</innerfile>
    <innerfile refid="_twins_throwable_cat_8cs">TwinsThrowableCat.cs</innerfile>
    <briefdescription>
    </briefdescription>
    <detaileddescription>
    </detaileddescription>
    <location file="Projectiles/"/>
  </compounddef>
</doxygen>
